"item","block","block_size_mode","loading_strength","primary_loading_min","primary_loading_max","cross_loading_min","cross_loading_max","cross_loading_prob","cross_sign_mode","H","p","F1","F2","F3","F4","F5"
1,1,"ifeval_like","weak",1.25,1.75,1.25,1.75,0.2,"random",5,500,1.56286446517333,0,1.28156919882167,0,0
2,1,"ifeval_like","weak",1.25,1.75,1.25,1.75,0.2,"random",5,500,1.5036504046293,0,0,0,0
3,1,"ifeval_like","weak",1.25,1.75,1.25,1.75,0.2,"random",5,500,1.66681265109219,0,0,0,0
4,1,"ifeval_like","weak",1.25,1.75,1.25,1.75,0.2,"random",5,500,1.53459828847554,0,0,0,0
5,1,"ifeval_like","weak",1.25,1.75,1.25,1.75,0.2,"random",5,500,1.47743648022879,0,0,-1.61468167591374,0
6,1,"ifeval_like","weak",1.25,1.75,1.25,1.75,0.2,"random",5,500,1.34760300139897,-1.58345569844823,0,0,0
7,1,"ifeval_like","weak",1.25,1.75,1.25,1.75,0.2,"random",5,500,1.39269080292434,0,0,-1.35883623047266,1.47907109174412
8,1,"ifeval_like","weak",1.25,1.75,1.25,1.75,0.2,"random",5,500,1.332030737889,0,0,-1.70189171482343,0
9,1,"ifeval_like","weak",1.25,1.75,1.25,1.75,0.2,"random",5,500,1.48844871146139,0,0,0,0
10,1,"ifeval_like","weak",1.25,1.75,1.25,1.75,0.2,"random",5,500,1.54134300572332,0,0,0,0
11,1,"ifeval_like","weak",1.25,1.75,1.25,1.75,0.2,"random",5,500,1.66501876502298,0,1.28817188169342,0,0
12,1,"ifeval_like","weak",1.25,1.75,1.25,1.75,0.2,"random",5,500,1.50098509935196,0,0,0,1.67321315116715
13,1,"ifeval_like","weak",1.25,1.75,1.25,1.75,0.2,"random",5,500,1.57813661312684,0,0,0,-1.41776082688011
14,1,"ifeval_like","weak",1.25,1.75,1.25,1.75,0.2,"random",5,500,1.34568917495199,0,0,-1.42951641487889,0
15,1,"ifeval_like","weak",1.25,1.75,1.25,1.75,0.2,"random",5,500,1.62209491175599,0,-1.65306540334132,0,0
16,1,"ifeval_like","weak",1.25,1.75,1.25,1.75,0.2,"random",5,500,1.52847629704047,0,0,0,0
17,1,"ifeval_like","weak",1.25,1.75,1.25,1.75,0.2,"random",5,500,1.73276262520812,0,0,0,-1.60097496607341
18,1,"ifeval_like","weak",1.25,1.75,1.25,1.75,0.2,"random",5,500,1.28794972330797,1.46633187471889,-1.47098019800615,0,1.37714387895539
19,1,"ifeval_like","weak",1.25,1.75,1.25,1.75,0.2,"random",5,500,1.48531319596805,1.37086976936553,0,0,0
20,1,"ifeval_like","weak",1.25,1.75,1.25,1.75,0.2,"random",5,500,1.67521807434969,0,0,0,-1.42238912347239
21,1,"ifeval_like","weak",1.25,1.75,1.25,1.75,0.2,"random",5,500,1.70202050707303,-1.31446489237715,0,0,0
22,1,"ifeval_like","weak",1.25,1.75,1.25,1.75,0.2,"random",5,500,1.66143195575569,0,0,0,0
23,1,"ifeval_like","weak",1.25,1.75,1.25,1.75,0.2,"random",5,500,1.62223828514107,0,1.69579105114099,0,0
24,1,"ifeval_like","weak",1.25,1.75,1.25,1.75,0.2,"random",5,500,1.59488875395618,0,0,0,0
25,1,"ifeval_like","weak",1.25,1.75,1.25,1.75,0.2,"random",5,500,1.49452082742937,0,0,0,0
26,1,"ifeval_like","weak",1.25,1.75,1.25,1.75,0.2,"random",5,500,1.44789952610154,0,0,0,0
27,1,"ifeval_like","weak",1.25,1.75,1.25,1.75,0.2,"random",5,500,1.49168004340027,0,-1.73349184030667,0,-1.53761756094173
28,1,"ifeval_like","weak",1.25,1.75,1.25,1.75,0.2,"random",5,500,1.64103917172179,0,0,0,0
29,1,"ifeval_like","weak",1.25,1.75,1.25,1.75,0.2,"random",5,500,1.39871614158619,0,0,0,0
30,1,"ifeval_like","weak",1.25,1.75,1.25,1.75,0.2,"random",5,500,1.72789560025558,0,0,0,0
31,1,"ifeval_like","weak",1.25,1.75,1.25,1.75,0.2,"random",5,500,1.69839040725492,0,0,0,0
32,1,"ifeval_like","weak",1.25,1.75,1.25,1.75,0.2,"random",5,500,1.53255534765776,0,0,1.64522853540257,-1.3719080578303
33,1,"ifeval_like","weak",1.25,1.75,1.25,1.75,0.2,"random",5,500,1.35642394935712,0,0,0,1.30128533346578
34,1,"ifeval_like","weak",1.25,1.75,1.25,1.75,0.2,"random",5,500,1.63736040168442,0,0,0,0
35,1,"ifeval_like","weak",1.25,1.75,1.25,1.75,0.2,"random",5,500,1.56487979344092,1.73219505080488,0,0,-1.70731908152811
36,1,"ifeval_like","weak",1.25,1.75,1.25,1.75,0.2,"random",5,500,1.26202960696537,0,0,0,0
37,1,"ifeval_like","weak",1.25,1.75,1.25,1.75,0.2,"random",5,500,1.47322963783517,-1.69427530094981,0,0,0
38,1,"ifeval_like","weak",1.25,1.75,1.25,1.75,0.2,"random",5,500,1.28273256495595,0,-1.28287302097306,0,0
39,1,"ifeval_like","weak",1.25,1.75,1.25,1.75,0.2,"random",5,500,1.69110049761366,1.51796197216026,0,0,0
40,1,"ifeval_like","weak",1.25,1.75,1.25,1.75,0.2,"random",5,500,1.71047157468274,1.68703316117171,0,0,1.32245175959542
41,1,"ifeval_like","weak",1.25,1.75,1.25,1.75,0.2,"random",5,500,1.50547829619609,1.43905219004955,0,0,0
42,1,"ifeval_like","weak",1.25,1.75,1.25,1.75,0.2,"random",5,500,1.55278380087111,0,0,0,0
43,1,"ifeval_like","weak",1.25,1.75,1.25,1.75,0.2,"random",5,500,1.4314658442745,0,0,0,0
44,1,"ifeval_like","weak",1.25,1.75,1.25,1.75,0.2,"random",5,500,1.54783501068596,0,0,-1.64224478369579,0
45,1,"ifeval_like","weak",1.25,1.75,1.25,1.75,0.2,"random",5,500,1.25618604908232,-1.7458698808914,1.30268323782366,0,-1.45185697381385
46,1,"ifeval_like","weak",1.25,1.75,1.25,1.75,0.2,"random",5,500,1.57415954908356,0,0,0,0
47,1,"ifeval_like","weak",1.25,1.75,1.25,1.75,0.2,"random",5,500,1.56750182912219,0,0,0,0
48,1,"ifeval_like","weak",1.25,1.75,1.25,1.75,0.2,"random",5,500,1.43897128163371,0,0,0,0
49,1,"ifeval_like","weak",1.25,1.75,1.25,1.75,0.2,"random",5,500,1.61984404199757,0,0,0,0
50,1,"ifeval_like","weak",1.25,1.75,1.25,1.75,0.2,"random",5,500,1.39631632703822,0,0,0,0
51,1,"ifeval_like","weak",1.25,1.75,1.25,1.75,0.2,"random",5,500,1.41002784715965,0,0,0,0
52,1,"ifeval_like","weak",1.25,1.75,1.25,1.75,0.2,"random",5,500,1.37116220931057,0,0,0,0
53,1,"ifeval_like","weak",1.25,1.75,1.25,1.75,0.2,"random",5,500,1.57915345707443,0,1.73383613908663,0,0
54,1,"ifeval_like","weak",1.25,1.75,1.25,1.75,0.2,"random",5,500,1.33644209813792,-1.55947731074411,0,0,-1.56172815954778
55,1,"ifeval_like","weak",1.25,1.75,1.25,1.75,0.2,"random",5,500,1.37368909816723,0,0,0,1.49084440874867
56,1,"ifeval_like","weak",1.25,1.75,1.25,1.75,0.2,"random",5,500,1.4595858824905,0,0,0,-1.47376159019768
57,1,"ifeval_like","weak",1.25,1.75,1.25,1.75,0.2,"random",5,500,1.45731388649438,0,0,1.51997303310782,0
58,1,"ifeval_like","weak",1.25,1.75,1.25,1.75,0.2,"random",5,500,1.61283216706943,1.6859950061189,0,0,0
59,1,"ifeval_like","weak",1.25,1.75,1.25,1.75,0.2,"random",5,500,1.67209122923668,-1.5911766589852,0,-1.33577256486751,0
60,1,"ifeval_like","weak",1.25,1.75,1.25,1.75,0.2,"random",5,500,1.38563787424937,0,0,0,1.63194385985844
61,1,"ifeval_like","weak",1.25,1.75,1.25,1.75,0.2,"random",5,500,1.47133849048987,0,0,1.29800674272701,0
62,1,"ifeval_like","weak",1.25,1.75,1.25,1.75,0.2,"random",5,500,1.61448047147132,-1.44534629804548,0,0,0
63,1,"ifeval_like","weak",1.25,1.75,1.25,1.75,0.2,"random",5,500,1.62899503123481,0,0,0,0
64,1,"ifeval_like","weak",1.25,1.75,1.25,1.75,0.2,"random",5,500,1.37034522357862,0,0,0,0
65,1,"ifeval_like","weak",1.25,1.75,1.25,1.75,0.2,"random",5,500,1.51284312631469,0,0,0,0
66,1,"ifeval_like","weak",1.25,1.75,1.25,1.75,0.2,"random",5,500,1.45229645050131,1.67778617737349,0,0,0
67,1,"ifeval_like","weak",1.25,1.75,1.25,1.75,0.2,"random",5,500,1.45237674738746,0,1.33952771220356,0,0
68,1,"ifeval_like","weak",1.25,1.75,1.25,1.75,0.2,"random",5,500,1.56908185058273,1.68342436605599,0,0,0
69,1,"ifeval_like","weak",1.25,1.75,1.25,1.75,0.2,"random",5,500,1.43311872403137,0,0,0,0
70,1,"ifeval_like","weak",1.25,1.75,1.25,1.75,0.2,"random",5,500,1.73469798406586,0,-1.49689789954573,0,0
71,1,"ifeval_like","weak",1.25,1.75,1.25,1.75,0.2,"random",5,500,1.30736346554477,0,0,0,0
72,1,"ifeval_like","weak",1.25,1.75,1.25,1.75,0.2,"random",5,500,1.48237559571862,0,-1.64254896074999,0,0
73,1,"ifeval_like","weak",1.25,1.75,1.25,1.75,0.2,"random",5,500,1.71447739785071,1.44286641501822,-1.30840801971499,1.59888083441183,-1.74491790728644
74,1,"ifeval_like","weak",1.25,1.75,1.25,1.75,0.2,"random",5,500,1.66582319303416,0,0,1.44054762553424,0
75,1,"ifeval_like","weak",1.25,1.75,1.25,1.75,0.2,"random",5,500,1.34991228720173,0,0,1.42035631497856,0
76,1,"ifeval_like","weak",1.25,1.75,1.25,1.75,0.2,"random",5,500,1.39242792048026,0,1.3955187429674,0,1.54533138836268
77,1,"ifeval_like","weak",1.25,1.75,1.25,1.75,0.2,"random",5,500,1.33088551263791,0,0,0,0
78,1,"ifeval_like","weak",1.25,1.75,1.25,1.75,0.2,"random",5,500,1.30487349058967,0,0,0,0
79,1,"ifeval_like","weak",1.25,1.75,1.25,1.75,0.2,"random",5,500,1.69097764568869,0,0,0,0
80,1,"ifeval_like","weak",1.25,1.75,1.25,1.75,0.2,"random",5,500,1.33818420930766,0,-1.72334340866655,0,0
81,1,"ifeval_like","weak",1.25,1.75,1.25,1.75,0.2,"random",5,500,1.55500939930789,0,0,0,0
82,1,"ifeval_like","weak",1.25,1.75,1.25,1.75,0.2,"random",5,500,1.54388053203002,0,-1.66780256514903,0,0
83,1,"ifeval_like","weak",1.25,1.75,1.25,1.75,0.2,"random",5,500,1.25098643999081,0,0,0,0
84,1,"ifeval_like","weak",1.25,1.75,1.25,1.75,0.2,"random",5,500,1.46720342163462,1.47800359735265,0,-1.30902217933908,1.27749919099733
85,1,"ifeval_like","weak",1.25,1.75,1.25,1.75,0.2,"random",5,500,1.69804466259666,1.27068716275971,0,0,0
86,1,"ifeval_like","weak",1.25,1.75,1.25,1.75,0.2,"random",5,500,1.63103359763045,0,0,1.52520220610313,0
87,1,"ifeval_like","weak",1.25,1.75,1.25,1.75,0.2,"random",5,500,1.71736949740443,0,0,0,0
88,1,"ifeval_like","weak",1.25,1.75,1.25,1.75,0.2,"random",5,500,1.39652506890707,-1.60845733562019,0,0,1.31089525367133
89,1,"ifeval_like","weak",1.25,1.75,1.25,1.75,0.2,"random",5,500,1.26115228107665,-1.41802116157487,0,-1.65554263128433,0
90,1,"ifeval_like","weak",1.25,1.75,1.25,1.75,0.2,"random",5,500,1.25166216376238,0,-1.35525622940622,0,-1.38130644231569
91,1,"ifeval_like","weak",1.25,1.75,1.25,1.75,0.2,"random",5,500,1.55808412330225,0,0,0,0
92,1,"ifeval_like","weak",1.25,1.75,1.25,1.75,0.2,"random",5,500,1.45324763737153,0,0,0,0
93,1,"ifeval_like","weak",1.25,1.75,1.25,1.75,0.2,"random",5,500,1.42449894081801,0,0,0,0
94,1,"ifeval_like","weak",1.25,1.75,1.25,1.75,0.2,"random",5,500,1.37565753329545,0,0,0,0
95,1,"ifeval_like","weak",1.25,1.75,1.25,1.75,0.2,"random",5,500,1.74611410638317,1.53502371860668,0,-1.64605211606249,0
96,1,"ifeval_like","weak",1.25,1.75,1.25,1.75,0.2,"random",5,500,1.29982792469673,0,-1.33395568258129,0,0
97,1,"ifeval_like","weak",1.25,1.75,1.25,1.75,0.2,"random",5,500,1.65717514290009,1.56413643597625,0,1.32386399817187,0
98,1,"ifeval_like","weak",1.25,1.75,1.25,1.75,0.2,"random",5,500,1.42902201844845,1.41706409421749,0,0,0
99,1,"ifeval_like","weak",1.25,1.75,1.25,1.75,0.2,"random",5,500,1.34969478030689,0,0,0,-1.73927384556737
100,1,"ifeval_like","weak",1.25,1.75,1.25,1.75,0.2,"random",5,500,1.35979120363481,1.47225154633634,0,0,0
101,1,"ifeval_like","weak",1.25,1.75,1.25,1.75,0.2,"random",5,500,1.60764779569581,0,0,0,0
102,1,"ifeval_like","weak",1.25,1.75,1.25,1.75,0.2,"random",5,500,1.70189376734197,0,0,-1.50401976658031,0
103,1,"ifeval_like","weak",1.25,1.75,1.25,1.75,0.2,"random",5,500,1.57200664223637,0,0,0,0
104,1,"ifeval_like","weak",1.25,1.75,1.25,1.75,0.2,"random",5,500,1.28053623053711,0,0,0,0
105,1,"ifeval_like","weak",1.25,1.75,1.25,1.75,0.2,"random",5,500,1.74277827725746,0,1.61643428914249,0,0
106,1,"ifeval_like","weak",1.25,1.75,1.25,1.75,0.2,"random",5,500,1.51906546228565,0,0,0,0
107,1,"ifeval_like","weak",1.25,1.75,1.25,1.75,0.2,"random",5,500,1.41851472645067,0,0,0,0
108,1,"ifeval_like","weak",1.25,1.75,1.25,1.75,0.2,"random",5,500,1.42125079710968,-1.54622853524052,1.31412572728004,0,0
109,1,"ifeval_like","weak",1.25,1.75,1.25,1.75,0.2,"random",5,500,1.47874988464173,0,0,0,-1.51934473519213
110,1,"ifeval_like","weak",1.25,1.75,1.25,1.75,0.2,"random",5,500,1.66348975745495,0,0,0,0
111,1,"ifeval_like","weak",1.25,1.75,1.25,1.75,0.2,"random",5,500,1.43952802487183,0,0,1.57385398587212,0
112,1,"ifeval_like","weak",1.25,1.75,1.25,1.75,0.2,"random",5,500,1.4336741368752,-1.32447351468727,0,-1.44612339325249,0
113,1,"ifeval_like","weak",1.25,1.75,1.25,1.75,0.2,"random",5,500,1.66553723218385,0,0,0,0
114,1,"ifeval_like","weak",1.25,1.75,1.25,1.75,0.2,"random",5,500,1.45431615947746,0,-1.58419718395453,0,1.43659251136705
115,1,"ifeval_like","weak",1.25,1.75,1.25,1.75,0.2,"random",5,500,1.65147743793204,0,0,0,0
116,1,"ifeval_like","weak",1.25,1.75,1.25,1.75,0.2,"random",5,500,1.34137565770652,0,0,0,0
117,1,"ifeval_like","weak",1.25,1.75,1.25,1.75,0.2,"random",5,500,1.52312171808444,0,-1.27275459235534,-1.27928630192764,0
118,1,"ifeval_like","weak",1.25,1.75,1.25,1.75,0.2,"random",5,500,1.65334000112489,1.6262004688615,0,0,0
119,1,"ifeval_like","weak",1.25,1.75,1.25,1.75,0.2,"random",5,500,1.48790535016451,1.54883065237664,0,0,0
120,1,"ifeval_like","weak",1.25,1.75,1.25,1.75,0.2,"random",5,500,1.44205172453076,-1.35087971482426,1.44620604685042,0,0
121,1,"ifeval_like","weak",1.25,1.75,1.25,1.75,0.2,"random",5,500,1.31861603702419,0,0,0,1.36324325262103
122,1,"ifeval_like","weak",1.25,1.75,1.25,1.75,0.2,"random",5,500,1.58745136542711,0,0,1.52167551207822,1.51263946609106
123,1,"ifeval_like","weak",1.25,1.75,1.25,1.75,0.2,"random",5,500,1.49796292523388,0,0,0,0
124,1,"ifeval_like","weak",1.25,1.75,1.25,1.75,0.2,"random",5,500,1.32338911027182,0,1.48379297507927,0,0
125,1,"ifeval_like","weak",1.25,1.75,1.25,1.75,0.2,"random",5,500,1.67359526734799,0,0,0,1.62837561185006
126,1,"ifeval_like","weak",1.25,1.75,1.25,1.75,0.2,"random",5,500,1.66566787485499,0,1.40972750377841,0,1.53146426077001
127,1,"ifeval_like","weak",1.25,1.75,1.25,1.75,0.2,"random",5,500,1.28541291784495,0,0,-1.68924335704651,0
128,1,"ifeval_like","weak",1.25,1.75,1.25,1.75,0.2,"random",5,500,1.66055565641727,0,0,0,0
129,1,"ifeval_like","weak",1.25,1.75,1.25,1.75,0.2,"random",5,500,1.3291245495202,0,0,-1.26128711865749,0
130,1,"ifeval_like","weak",1.25,1.75,1.25,1.75,0.2,"random",5,500,1.68731032987125,0,0,0,0
131,1,"ifeval_like","weak",1.25,1.75,1.25,1.75,0.2,"random",5,500,1.36535025946796,0,0,-1.54927792202216,0
132,1,"ifeval_like","weak",1.25,1.75,1.25,1.75,0.2,"random",5,500,1.39701833832078,0,0,0,0
133,1,"ifeval_like","weak",1.25,1.75,1.25,1.75,0.2,"random",5,500,1.6308292694157,0,0,0,0
134,1,"ifeval_like","weak",1.25,1.75,1.25,1.75,0.2,"random",5,500,1.25351356505416,0,0,0,0
135,1,"ifeval_like","weak",1.25,1.75,1.25,1.75,0.2,"random",5,500,1.25697009451687,0,0,0,0
136,1,"ifeval_like","weak",1.25,1.75,1.25,1.75,0.2,"random",5,500,1.30637574847788,0,0,0,0
137,1,"ifeval_like","weak",1.25,1.75,1.25,1.75,0.2,"random",5,500,1.73796647705603,0,0,0,-1.74383195897099
138,1,"ifeval_like","weak",1.25,1.75,1.25,1.75,0.2,"random",5,500,1.64652531663887,0,0,-1.62280922010541,0
139,1,"ifeval_like","weak",1.25,1.75,1.25,1.75,0.2,"random",5,500,1.69239433167968,0,0,0,1.48801812971942
140,1,"ifeval_like","weak",1.25,1.75,1.25,1.75,0.2,"random",5,500,1.45925851131324,0,0,0,0
141,1,"ifeval_like","weak",1.25,1.75,1.25,1.75,0.2,"random",5,500,1.50533854193054,0,0,0,-1.53253542049788
142,1,"ifeval_like","weak",1.25,1.75,1.25,1.75,0.2,"random",5,500,1.55320298334118,0,0,0,0
143,1,"ifeval_like","weak",1.25,1.75,1.25,1.75,0.2,"random",5,500,1.63794613338541,0,0,0,0
144,1,"ifeval_like","weak",1.25,1.75,1.25,1.75,0.2,"random",5,500,1.36358198767994,0,0,0,0
145,1,"ifeval_like","weak",1.25,1.75,1.25,1.75,0.2,"random",5,500,1.31139261624776,0,0,0,0
146,1,"ifeval_like","weak",1.25,1.75,1.25,1.75,0.2,"random",5,500,1.54011281463318,0,0,0,0
147,1,"ifeval_like","weak",1.25,1.75,1.25,1.75,0.2,"random",5,500,1.62619773379993,0,-1.62509485415649,0,0
148,1,"ifeval_like","weak",1.25,1.75,1.25,1.75,0.2,"random",5,500,1.64528730884194,0,0,0,0
149,1,"ifeval_like","weak",1.25,1.75,1.25,1.75,0.2,"random",5,500,1.71078966953792,0,0,0,0
150,1,"ifeval_like","weak",1.25,1.75,1.25,1.75,0.2,"random",5,500,1.49920970993116,0,1.72595122130588,0,0
151,1,"ifeval_like","weak",1.25,1.75,1.25,1.75,0.2,"random",5,500,1.39604712557048,0,0,0,0
152,1,"ifeval_like","weak",1.25,1.75,1.25,1.75,0.2,"random",5,500,1.56268480443396,1.6880658599548,1.62169678718783,0,0
153,1,"ifeval_like","weak",1.25,1.75,1.25,1.75,0.2,"random",5,500,1.25349057943095,0,0,0,-1.54781420680229
154,1,"ifeval_like","weak",1.25,1.75,1.25,1.75,0.2,"random",5,500,1.49846780172084,-1.28932506032288,0,0,0
155,1,"ifeval_like","weak",1.25,1.75,1.25,1.75,0.2,"random",5,500,1.71552290557884,0,0,0,0
156,1,"ifeval_like","weak",1.25,1.75,1.25,1.75,0.2,"random",5,500,1.29946470167488,-1.34419862937648,0,0,0
157,1,"ifeval_like","weak",1.25,1.75,1.25,1.75,0.2,"random",5,500,1.59100592241157,0,0,-1.58620643767063,0
158,1,"ifeval_like","weak",1.25,1.75,1.25,1.75,0.2,"random",5,500,1.44911029690411,0,0,0,0
159,1,"ifeval_like","weak",1.25,1.75,1.25,1.75,0.2,"random",5,500,1.35572370351292,0,0,0,0
160,1,"ifeval_like","weak",1.25,1.75,1.25,1.75,0.2,"random",5,500,1.38519750325941,0,1.71386230108328,0,0
161,1,"ifeval_like","weak",1.25,1.75,1.25,1.75,0.2,"random",5,500,1.51085400267038,0,0,0,0
162,1,"ifeval_like","weak",1.25,1.75,1.25,1.75,0.2,"random",5,500,1.54769108165056,0,0,0,0
163,1,"ifeval_like","weak",1.25,1.75,1.25,1.75,0.2,"random",5,500,1.61508271901403,-1.40301049500704,0,0,1.58163795212749
164,1,"ifeval_like","weak",1.25,1.75,1.25,1.75,0.2,"random",5,500,1.49898519646376,0,0,0,0
165,1,"ifeval_like","weak",1.25,1.75,1.25,1.75,0.2,"random",5,500,1.39163687569089,0,0,0,0
166,1,"ifeval_like","weak",1.25,1.75,1.25,1.75,0.2,"random",5,500,1.37357944552787,1.40306541044265,0,0,0
167,1,"ifeval_like","weak",1.25,1.75,1.25,1.75,0.2,"random",5,500,1.66687734157313,0,0,-1.63905331736896,0
168,1,"ifeval_like","weak",1.25,1.75,1.25,1.75,0.2,"random",5,500,1.61873583297711,0,0,0,0
169,1,"ifeval_like","weak",1.25,1.75,1.25,1.75,0.2,"random",5,500,1.73974313645158,0,0,0,0
170,1,"ifeval_like","weak",1.25,1.75,1.25,1.75,0.2,"random",5,500,1.70677712652832,0,-1.27068369358312,0,0
171,1,"ifeval_like","weak",1.25,1.75,1.25,1.75,0.2,"random",5,500,1.32321799022611,0,0,0,1.69328743615188
172,1,"ifeval_like","weak",1.25,1.75,1.25,1.75,0.2,"random",5,500,1.31217847147491,0,0,0,-1.70344531105366
173,1,"ifeval_like","weak",1.25,1.75,1.25,1.75,0.2,"random",5,500,1.6386829362018,0,0,-1.39025239541661,-1.29444269649684
174,1,"ifeval_like","weak",1.25,1.75,1.25,1.75,0.2,"random",5,500,1.61994222307112,-1.29826964111999,0,1.36526705301367,0
175,1,"ifeval_like","weak",1.25,1.75,1.25,1.75,0.2,"random",5,500,1.68490439921152,0,0,-1.61596284399275,0
176,1,"ifeval_like","weak",1.25,1.75,1.25,1.75,0.2,"random",5,500,1.45212794980034,0,-1.52278974582441,0,0
177,1,"ifeval_like","weak",1.25,1.75,1.25,1.75,0.2,"random",5,500,1.70159460708965,0,0,0,0
178,1,"ifeval_like","weak",1.25,1.75,1.25,1.75,0.2,"random",5,500,1.57622276141774,-1.64254496328067,0,-1.33951707335655,0
179,1,"ifeval_like","weak",1.25,1.75,1.25,1.75,0.2,"random",5,500,1.27826988941524,0,0,0,0
180,1,"ifeval_like","weak",1.25,1.75,1.25,1.75,0.2,"random",5,500,1.73118605290074,0,1.56102677702438,0,0
181,1,"ifeval_like","weak",1.25,1.75,1.25,1.75,0.2,"random",5,500,1.25029599131085,0,0,0,0
182,1,"ifeval_like","weak",1.25,1.75,1.25,1.75,0.2,"random",5,500,1.55608516116627,0,0,0,-1.54308273456991
183,1,"ifeval_like","weak",1.25,1.75,1.25,1.75,0.2,"random",5,500,1.28900484356564,0,1.31146914453711,0,0
184,1,"ifeval_like","weak",1.25,1.75,1.25,1.75,0.2,"random",5,500,1.41540693189017,1.30853522347752,0,0,0
185,1,"ifeval_like","weak",1.25,1.75,1.25,1.75,0.2,"random",5,500,1.33415509189945,0,0,0,0
186,1,"ifeval_like","weak",1.25,1.75,1.25,1.75,0.2,"random",5,500,1.55213183350861,-1.26059588685166,0,-1.70007716328837,-1.7028261552332
187,1,"ifeval_like","weak",1.25,1.75,1.25,1.75,0.2,"random",5,500,1.39232165238354,1.71174774493556,0,-1.30757948930841,0
188,1,"ifeval_like","weak",1.25,1.75,1.25,1.75,0.2,"random",5,500,1.52418646775186,0,0,0,0
189,1,"ifeval_like","weak",1.25,1.75,1.25,1.75,0.2,"random",5,500,1.51553671632428,0,0,0,0
190,1,"ifeval_like","weak",1.25,1.75,1.25,1.75,0.2,"random",5,500,1.44160260190256,0,0,0,0
191,1,"ifeval_like","weak",1.25,1.75,1.25,1.75,0.2,"random",5,500,1.25847465835977,0,1.62641426525079,0,0
192,1,"ifeval_like","weak",1.25,1.75,1.25,1.75,0.2,"random",5,500,1.49707183090504,0,0,0,0
193,1,"ifeval_like","weak",1.25,1.75,1.25,1.75,0.2,"random",5,500,1.59362198750023,0,1.54680084320717,0,0
194,1,"ifeval_like","weak",1.25,1.75,1.25,1.75,0.2,"random",5,500,1.71005147648975,0,1.33165624539834,0,-1.26202156743966
195,1,"ifeval_like","weak",1.25,1.75,1.25,1.75,0.2,"random",5,500,1.46879253571387,0,0,0,0
196,1,"ifeval_like","weak",1.25,1.75,1.25,1.75,0.2,"random",5,500,1.57142873236444,0,1.50127503124531,0,0
197,1,"ifeval_like","weak",1.25,1.75,1.25,1.75,0.2,"random",5,500,1.5076447322499,0,-1.32540875056293,0,0
198,1,"ifeval_like","weak",1.25,1.75,1.25,1.75,0.2,"random",5,500,1.59305595594924,0,-1.62850328360219,0,0
199,1,"ifeval_like","weak",1.25,1.75,1.25,1.75,0.2,"random",5,500,1.39857175084762,1.3025996980723,0,0,0
200,1,"ifeval_like","weak",1.25,1.75,1.25,1.75,0.2,"random",5,500,1.37640037899837,0,1.39589462045114,0,0
201,1,"ifeval_like","weak",1.25,1.75,1.25,1.75,0.2,"random",5,500,1.72904330538586,0,0,0,0
202,1,"ifeval_like","weak",1.25,1.75,1.25,1.75,0.2,"random",5,500,1.33392429584637,0,0,0,0
203,1,"ifeval_like","weak",1.25,1.75,1.25,1.75,0.2,"random",5,500,1.58814985037316,0,0,0,0
204,1,"ifeval_like","weak",1.25,1.75,1.25,1.75,0.2,"random",5,500,1.5643657046603,0,1.3039796060184,0,0
205,1,"ifeval_like","weak",1.25,1.75,1.25,1.75,0.2,"random",5,500,1.46593174315058,0,0,0,1.4236358620692
206,1,"ifeval_like","weak",1.25,1.75,1.25,1.75,0.2,"random",5,500,1.46555734844878,0,0,0,1.59749180474319
207,1,"ifeval_like","weak",1.25,1.75,1.25,1.75,0.2,"random",5,500,1.41382847959176,0,0,0,-1.54774163372349
208,1,"ifeval_like","weak",1.25,1.75,1.25,1.75,0.2,"random",5,500,1.48332402319647,0,0,0,0
209,1,"ifeval_like","weak",1.25,1.75,1.25,1.75,0.2,"random",5,500,1.64582030277234,0,0,0,0
210,1,"ifeval_like","weak",1.25,1.75,1.25,1.75,0.2,"random",5,500,1.5465175366262,1.40687219018582,0,0,0
211,1,"ifeval_like","weak",1.25,1.75,1.25,1.75,0.2,"random",5,500,1.72765148396138,0,0,0,-1.4253472101409
212,1,"ifeval_like","weak",1.25,1.75,1.25,1.75,0.2,"random",5,500,1.47583115799353,0,0,0,0
213,1,"ifeval_like","weak",1.25,1.75,1.25,1.75,0.2,"random",5,500,1.6083362280624,0,-1.72916177019943,1.70700336084701,1.65804105286952
214,1,"ifeval_like","weak",1.25,1.75,1.25,1.75,0.2,"random",5,500,1.28609700349625,-1.59694180777296,0,0,0
215,1,"ifeval_like","weak",1.25,1.75,1.25,1.75,0.2,"random",5,500,1.41859116812702,0,0,0,0
216,1,"ifeval_like","weak",1.25,1.75,1.25,1.75,0.2,"random",5,500,1.35595670156181,0,0,0,0
217,1,"ifeval_like","weak",1.25,1.75,1.25,1.75,0.2,"random",5,500,1.52916238887701,0,0,0,1.41328665870242
218,1,"ifeval_like","weak",1.25,1.75,1.25,1.75,0.2,"random",5,500,1.44077422947157,-1.55731159786228,0,0,1.52331839245744
219,1,"ifeval_like","weak",1.25,1.75,1.25,1.75,0.2,"random",5,500,1.33329695102293,0,0,-1.66833706758916,0
220,1,"ifeval_like","weak",1.25,1.75,1.25,1.75,0.2,"random",5,500,1.6942273164168,0,0,0,0
221,1,"ifeval_like","weak",1.25,1.75,1.25,1.75,0.2,"random",5,500,1.40455063153058,0,0,0,0
222,1,"ifeval_like","weak",1.25,1.75,1.25,1.75,0.2,"random",5,500,1.72073679370806,0,0,0,0
223,1,"ifeval_like","weak",1.25,1.75,1.25,1.75,0.2,"random",5,500,1.44104283151682,0,0,0,1.64896271459293
224,1,"ifeval_like","weak",1.25,1.75,1.25,1.75,0.2,"random",5,500,1.62942758959252,0,0,0,0
225,1,"ifeval_like","weak",1.25,1.75,1.25,1.75,0.2,"random",5,500,1.2625139473239,0,0,0,0
226,1,"ifeval_like","weak",1.25,1.75,1.25,1.75,0.2,"random",5,500,1.58258915867191,1.60795478208456,0,0,1.28233796230052
227,1,"ifeval_like","weak",1.25,1.75,1.25,1.75,0.2,"random",5,500,1.28603409149218,0,0,0,0
228,1,"ifeval_like","weak",1.25,1.75,1.25,1.75,0.2,"random",5,500,1.48946901713498,0,0,0,0
229,1,"ifeval_like","weak",1.25,1.75,1.25,1.75,0.2,"random",5,500,1.59267375199124,0,-1.59255797835067,0,0
230,1,"ifeval_like","weak",1.25,1.75,1.25,1.75,0.2,"random",5,500,1.4194332138868,0,0,0,0
231,1,"ifeval_like","weak",1.25,1.75,1.25,1.75,0.2,"random",5,500,1.29194425081369,-1.44464722648263,0,0,0
232,1,"ifeval_like","weak",1.25,1.75,1.25,1.75,0.2,"random",5,500,1.50451289024204,0,0,-1.56585041328799,0
233,1,"ifeval_like","weak",1.25,1.75,1.25,1.75,0.2,"random",5,500,1.73184626176953,0,0,0,0
234,1,"ifeval_like","weak",1.25,1.75,1.25,1.75,0.2,"random",5,500,1.40326306573115,0,0,0,0
235,1,"ifeval_like","weak",1.25,1.75,1.25,1.75,0.2,"random",5,500,1.73563306755386,0,0,0,1.5138581302017
236,1,"ifeval_like","weak",1.25,1.75,1.25,1.75,0.2,"random",5,500,1.59259673033375,0,1.72309509839397,0,0
237,1,"ifeval_like","weak",1.25,1.75,1.25,1.75,0.2,"random",5,500,1.25409998733085,0,1.49410858086776,0,0
238,1,"ifeval_like","weak",1.25,1.75,1.25,1.75,0.2,"random",5,500,1.58582161506638,0,0,-1.37441259273328,1.62341510481201
239,1,"ifeval_like","weak",1.25,1.75,1.25,1.75,0.2,"random",5,500,1.46389413101133,0,0,0,0
240,1,"ifeval_like","weak",1.25,1.75,1.25,1.75,0.2,"random",5,500,1.67947232432198,0,0,0,-1.37124815525021
241,1,"ifeval_like","weak",1.25,1.75,1.25,1.75,0.2,"random",5,500,1.36121674545575,-1.67427111242432,0,0,0
242,1,"ifeval_like","weak",1.25,1.75,1.25,1.75,0.2,"random",5,500,1.55468541139271,0,0,1.40291748847812,0
243,1,"ifeval_like","weak",1.25,1.75,1.25,1.75,0.2,"random",5,500,1.58835208765231,1.74721065605991,0,0,0
244,1,"ifeval_like","weak",1.25,1.75,1.25,1.75,0.2,"random",5,500,1.414165562368,-1.45134693488944,0,0,0
245,1,"ifeval_like","weak",1.25,1.75,1.25,1.75,0.2,"random",5,500,1.53140419512056,0,1.56582488899585,0,0
246,1,"ifeval_like","weak",1.25,1.75,1.25,1.75,0.2,"random",5,500,1.48860548774246,0,1.5936663170578,0,0
247,1,"ifeval_like","weak",1.25,1.75,1.25,1.75,0.2,"random",5,500,1.41094574460294,-1.65824147686362,0,0,0
248,1,"ifeval_like","weak",1.25,1.75,1.25,1.75,0.2,"random",5,500,1.70195366383996,0,0,0,0
249,1,"ifeval_like","weak",1.25,1.75,1.25,1.75,0.2,"random",5,500,1.4059795725625,0,0,0,0
250,1,"ifeval_like","weak",1.25,1.75,1.25,1.75,0.2,"random",5,500,1.34524270752445,1.49631996883545,-1.68018390634097,1.28494796855375,0
251,1,"ifeval_like","weak",1.25,1.75,1.25,1.75,0.2,"random",5,500,1.36759951082058,0,0,1.73560293100309,0
252,1,"ifeval_like","weak",1.25,1.75,1.25,1.75,0.2,"random",5,500,1.3123377013253,0,0,0,1.52848659199663
253,2,"ifeval_like","weak",1.25,1.75,1.25,1.75,0.2,"random",5,500,0,1.49682681635022,0,0,0
254,2,"ifeval_like","weak",1.25,1.75,1.25,1.75,0.2,"random",5,500,0,1.43429383984767,0,0,-1.6727909402689
255,2,"ifeval_like","weak",1.25,1.75,1.25,1.75,0.2,"random",5,500,0,1.58206244255416,0,0,0
256,2,"ifeval_like","weak",1.25,1.75,1.25,1.75,0.2,"random",5,500,0,1.72925207740627,0,0,0
257,2,"ifeval_like","weak",1.25,1.75,1.25,1.75,0.2,"random",5,500,0,1.30887717136648,-1.49584218859673,0,0
258,2,"ifeval_like","weak",1.25,1.75,1.25,1.75,0.2,"random",5,500,0,1.4404198670527,0,0,0
259,2,"ifeval_like","weak",1.25,1.75,1.25,1.75,0.2,"random",5,500,0,1.62903056282084,0,0,0
260,2,"ifeval_like","weak",1.25,1.75,1.25,1.75,0.2,"random",5,500,0,1.66783779393882,0,0,0
261,2,"ifeval_like","weak",1.25,1.75,1.25,1.75,0.2,"random",5,500,0,1.63455630629323,0,0,0
262,2,"ifeval_like","weak",1.25,1.75,1.25,1.75,0.2,"random",5,500,0,1.25451670878101,0,0,-1.58327490801457
263,2,"ifeval_like","weak",1.25,1.75,1.25,1.75,0.2,"random",5,500,0,1.30709144519642,0,0,0
264,2,"ifeval_like","weak",1.25,1.75,1.25,1.75,0.2,"random",5,500,0,1.2978233853355,0,0,0
265,2,"ifeval_like","weak",1.25,1.75,1.25,1.75,0.2,"random",5,500,0,1.66937718458939,0,0,0
266,2,"ifeval_like","weak",1.25,1.75,1.25,1.75,0.2,"random",5,500,0,1.55392254504841,0,0,0
267,2,"ifeval_like","weak",1.25,1.75,1.25,1.75,0.2,"random",5,500,0,1.53702925762627,1.57977742422372,0,0
268,2,"ifeval_like","weak",1.25,1.75,1.25,1.75,0.2,"random",5,500,0,1.3043754339451,0,0,0
269,2,"ifeval_like","weak",1.25,1.75,1.25,1.75,0.2,"random",5,500,1.34370101627428,1.3740293183364,0,0,0
270,2,"ifeval_like","weak",1.25,1.75,1.25,1.75,0.2,"random",5,500,-1.25243236927781,1.31408206548076,0,0,1.65736749733333
271,2,"ifeval_like","weak",1.25,1.75,1.25,1.75,0.2,"random",5,500,0,1.33379887067713,0,-1.58580616384279,-1.30880579934455
272,2,"ifeval_like","weak",1.25,1.75,1.25,1.75,0.2,"random",5,500,-1.29618253628723,1.32254235167056,-1.66242850851268,1.57944986328948,0
273,2,"ifeval_like","weak",1.25,1.75,1.25,1.75,0.2,"random",5,500,0,1.41640917863697,0,0,0
274,2,"ifeval_like","weak",1.25,1.75,1.25,1.75,0.2,"random",5,500,0,1.2940653229598,0,0,0
275,2,"ifeval_like","weak",1.25,1.75,1.25,1.75,0.2,"random",5,500,0,1.52590488630813,0,0,0
276,2,"ifeval_like","weak",1.25,1.75,1.25,1.75,0.2,"random",5,500,0,1.28441469569225,0,0,0
277,2,"ifeval_like","weak",1.25,1.75,1.25,1.75,0.2,"random",5,500,0,1.70501436816994,1.45606507966295,0,0
278,2,"ifeval_like","weak",1.25,1.75,1.25,1.75,0.2,"random",5,500,0,1.72264344955329,0,0,0
279,2,"ifeval_like","weak",1.25,1.75,1.25,1.75,0.2,"random",5,500,0,1.46796304755844,0,0,0
280,2,"ifeval_like","weak",1.25,1.75,1.25,1.75,0.2,"random",5,500,0,1.32152797712479,0,0,0
281,2,"ifeval_like","weak",1.25,1.75,1.25,1.75,0.2,"random",5,500,0,1.43192702706438,0,0,0
282,2,"ifeval_like","weak",1.25,1.75,1.25,1.75,0.2,"random",5,500,0,1.53448719088919,0,0,0
283,2,"ifeval_like","weak",1.25,1.75,1.25,1.75,0.2,"random",5,500,0,1.52751976496074,0,0,1.59456426557153
284,2,"ifeval_like","weak",1.25,1.75,1.25,1.75,0.2,"random",5,500,0,1.34045736282133,0,0,-1.5939437742345
285,2,"ifeval_like","weak",1.25,1.75,1.25,1.75,0.2,"random",5,500,0,1.63812271831557,0,0,0
286,2,"ifeval_like","weak",1.25,1.75,1.25,1.75,0.2,"random",5,500,-1.27945919567719,1.60560379689559,0,0,0
287,2,"ifeval_like","weak",1.25,1.75,1.25,1.75,0.2,"random",5,500,0,1.42480354686268,0,0,1.72668027901091
288,2,"ifeval_like","weak",1.25,1.75,1.25,1.75,0.2,"random",5,500,0,1.51048177015036,0,0,0
289,2,"ifeval_like","weak",1.25,1.75,1.25,1.75,0.2,"random",5,500,0,1.45760599791538,0,0,1.26338492764626
290,2,"ifeval_like","weak",1.25,1.75,1.25,1.75,0.2,"random",5,500,0,1.56519320886582,0,0,0
291,2,"ifeval_like","weak",1.25,1.75,1.25,1.75,0.2,"random",5,500,0,1.66897389362566,1.71170447440818,0,0
292,2,"ifeval_like","weak",1.25,1.75,1.25,1.75,0.2,"random",5,500,0,1.63789865607396,1.52154455392156,0,0
293,2,"ifeval_like","weak",1.25,1.75,1.25,1.75,0.2,"random",5,500,0,1.64204202988185,-1.57386901869904,0,0
294,2,"ifeval_like","weak",1.25,1.75,1.25,1.75,0.2,"random",5,500,0,1.54567091783974,-1.589148702682,0,0
295,2,"ifeval_like","weak",1.25,1.75,1.25,1.75,0.2,"random",5,500,0,1.30623830726836,0,0,-1.31010798853822
296,2,"ifeval_like","weak",1.25,1.75,1.25,1.75,0.2,"random",5,500,0,1.71476951160002,0,-1.61508634616621,0
297,2,"ifeval_like","weak",1.25,1.75,1.25,1.75,0.2,"random",5,500,0,1.72044540836941,0,0,0
298,2,"ifeval_like","weak",1.25,1.75,1.25,1.75,0.2,"random",5,500,1.74459813255817,1.69834687211551,0,1.68598756450228,0
299,2,"ifeval_like","weak",1.25,1.75,1.25,1.75,0.2,"random",5,500,0,1.66097346250899,0,0,-1.63871959794778
300,2,"ifeval_like","weak",1.25,1.75,1.25,1.75,0.2,"random",5,500,0,1.31911690381821,0,0,-1.56404323887546
301,2,"ifeval_like","weak",1.25,1.75,1.25,1.75,0.2,"random",5,500,0,1.45429278502706,0,-1.38439745665528,0
302,2,"ifeval_like","weak",1.25,1.75,1.25,1.75,0.2,"random",5,500,0,1.30398559104651,0,1.35658131819218,0
303,2,"ifeval_like","weak",1.25,1.75,1.25,1.75,0.2,"random",5,500,0,1.60644070664421,0,0,0
304,2,"ifeval_like","weak",1.25,1.75,1.25,1.75,0.2,"random",5,500,1.37991838832386,1.63508291530889,0,-1.48172342695761,-1.48285102937371
305,2,"ifeval_like","weak",1.25,1.75,1.25,1.75,0.2,"random",5,500,0,1.617868769099,1.54168499656953,-1.50756704458036,1.26142979401629
306,2,"ifeval_like","weak",1.25,1.75,1.25,1.75,0.2,"random",5,500,0,1.57507425884251,0,0,0
307,2,"ifeval_like","weak",1.25,1.75,1.25,1.75,0.2,"random",5,500,0,1.55526956869289,0,0,0
308,2,"ifeval_like","weak",1.25,1.75,1.25,1.75,0.2,"random",5,500,0,1.35806255484931,0,0,0
309,2,"ifeval_like","weak",1.25,1.75,1.25,1.75,0.2,"random",5,500,0,1.43533556419425,0,0,0
310,2,"ifeval_like","weak",1.25,1.75,1.25,1.75,0.2,"random",5,500,0,1.66301126824692,-1.51613383099902,0,0
311,2,"ifeval_like","weak",1.25,1.75,1.25,1.75,0.2,"random",5,500,0,1.42457369645126,0,0,0
312,2,"ifeval_like","weak",1.25,1.75,1.25,1.75,0.2,"random",5,500,0,1.42245105316397,0,-1.65429967176169,0
313,2,"ifeval_like","weak",1.25,1.75,1.25,1.75,0.2,"random",5,500,0,1.60640025220346,1.57280300627463,-1.68515306268819,0
314,2,"ifeval_like","weak",1.25,1.75,1.25,1.75,0.2,"random",5,500,0,1.43707382830326,0,0,1.74175242159981
315,2,"ifeval_like","weak",1.25,1.75,1.25,1.75,0.2,"random",5,500,1.3208049274981,1.50149940035772,0,0,0
316,2,"ifeval_like","weak",1.25,1.75,1.25,1.75,0.2,"random",5,500,-1.7238063858822,1.6163154959213,0,1.5666643200675,-1.32847880781628
317,2,"ifeval_like","weak",1.25,1.75,1.25,1.75,0.2,"random",5,500,0,1.5556033969624,0,0,0
318,2,"ifeval_like","weak",1.25,1.75,1.25,1.75,0.2,"random",5,500,1.57103460328653,1.47696283564437,0,0,0
319,2,"ifeval_like","weak",1.25,1.75,1.25,1.75,0.2,"random",5,500,0,1.73964110284578,0,0,1.28440479782876
320,2,"ifeval_like","weak",1.25,1.75,1.25,1.75,0.2,"random",5,500,0,1.37163759337272,0,0,-1.69082530296873
321,2,"ifeval_like","weak",1.25,1.75,1.25,1.75,0.2,"random",5,500,0,1.43529487983324,0,1.63477951823734,0
322,2,"ifeval_like","weak",1.25,1.75,1.25,1.75,0.2,"random",5,500,0,1.45375171466731,0,0,0
323,2,"ifeval_like","weak",1.25,1.75,1.25,1.75,0.2,"random",5,500,0,1.74616439139936,0,1.71037679724395,0
324,2,"ifeval_like","weak",1.25,1.75,1.25,1.75,0.2,"random",5,500,0,1.52644079097081,0,0,0
325,2,"ifeval_like","weak",1.25,1.75,1.25,1.75,0.2,"random",5,500,0,1.44797076389659,1.70438057580031,0,0
326,2,"ifeval_like","weak",1.25,1.75,1.25,1.75,0.2,"random",5,500,0,1.40011898498051,0,0,-1.5715630762279
327,2,"ifeval_like","weak",1.25,1.75,1.25,1.75,0.2,"random",5,500,0,1.73333589243703,0,0,0
328,2,"ifeval_like","weak",1.25,1.75,1.25,1.75,0.2,"random",5,500,0,1.35756712639704,0,0,0
329,2,"ifeval_like","weak",1.25,1.75,1.25,1.75,0.2,"random",5,500,0,1.54244047985412,-1.53459908196237,-1.36361435288563,-1.60410353471525
330,2,"ifeval_like","weak",1.25,1.75,1.25,1.75,0.2,"random",5,500,0,1.6031012655003,0,0,0
331,2,"ifeval_like","weak",1.25,1.75,1.25,1.75,0.2,"random",5,500,0,1.28329067851882,0,0,1.56878514424898
332,2,"ifeval_like","weak",1.25,1.75,1.25,1.75,0.2,"random",5,500,0,1.51514419703744,0,0,0
333,2,"ifeval_like","weak",1.25,1.75,1.25,1.75,0.2,"random",5,500,0,1.40474685060326,0,0,-1.56993548746686
334,2,"ifeval_like","weak",1.25,1.75,1.25,1.75,0.2,"random",5,500,0,1.6913908876013,0,0,0
335,2,"ifeval_like","weak",1.25,1.75,1.25,1.75,0.2,"random",5,500,0,1.61866720125545,0,0,-1.49739704409149
336,2,"ifeval_like","weak",1.25,1.75,1.25,1.75,0.2,"random",5,500,0,1.60591309738811,0,0,0
337,2,"ifeval_like","weak",1.25,1.75,1.25,1.75,0.2,"random",5,500,0,1.28584327746648,0,-1.43477042287122,0
338,2,"ifeval_like","weak",1.25,1.75,1.25,1.75,0.2,"random",5,500,0,1.28099280048627,0,0,0
339,2,"ifeval_like","weak",1.25,1.75,1.25,1.75,0.2,"random",5,500,0,1.28938634507358,0,0,0
340,2,"ifeval_like","weak",1.25,1.75,1.25,1.75,0.2,"random",5,500,0,1.59244364441838,0,0,0
341,2,"ifeval_like","weak",1.25,1.75,1.25,1.75,0.2,"random",5,500,0,1.51960877340753,0,0,0
342,2,"ifeval_like","weak",1.25,1.75,1.25,1.75,0.2,"random",5,500,1.66006439656485,1.66371206508484,0,0,0
343,2,"ifeval_like","weak",1.25,1.75,1.25,1.75,0.2,"random",5,500,0,1.45382581790909,0,0,1.30190951761324
344,2,"ifeval_like","weak",1.25,1.75,1.25,1.75,0.2,"random",5,500,0,1.57007747038733,0,0,0
345,2,"ifeval_like","weak",1.25,1.75,1.25,1.75,0.2,"random",5,500,-1.37105154420715,1.60851883795112,0,0,0
346,2,"ifeval_like","weak",1.25,1.75,1.25,1.75,0.2,"random",5,500,1.39407892141026,1.25421173626091,0,0,0
347,2,"ifeval_like","weak",1.25,1.75,1.25,1.75,0.2,"random",5,500,0,1.63229592947755,0,0,0
348,2,"ifeval_like","weak",1.25,1.75,1.25,1.75,0.2,"random",5,500,0,1.56435416592285,1.30436811945401,0,0
349,2,"ifeval_like","weak",1.25,1.75,1.25,1.75,0.2,"random",5,500,-1.44828096288256,1.35114133870229,0,0,0
350,2,"ifeval_like","weak",1.25,1.75,1.25,1.75,0.2,"random",5,500,0,1.64380833576433,0,0,0
351,2,"ifeval_like","weak",1.25,1.75,1.25,1.75,0.2,"random",5,500,-1.43761416873895,1.30783552094363,0,0,0
352,2,"ifeval_like","weak",1.25,1.75,1.25,1.75,0.2,"random",5,500,0,1.27732277859468,0,1.37713375501335,1.43041374383029
353,2,"ifeval_like","weak",1.25,1.75,1.25,1.75,0.2,"random",5,500,1.64221202838235,1.36925789096858,1.3398370515788,0,1.61861883662641
354,2,"ifeval_like","weak",1.25,1.75,1.25,1.75,0.2,"random",5,500,1.60972754901741,1.65099044505041,0,-1.73617237794679,0
355,2,"ifeval_like","weak",1.25,1.75,1.25,1.75,0.2,"random",5,500,0,1.27123855624814,0,0,0
356,2,"ifeval_like","weak",1.25,1.75,1.25,1.75,0.2,"random",5,500,0,1.35593117098324,0,0,0
357,2,"ifeval_like","weak",1.25,1.75,1.25,1.75,0.2,"random",5,500,0,1.50365290860645,0,-1.73171932145488,0
358,2,"ifeval_like","weak",1.25,1.75,1.25,1.75,0.2,"random",5,500,1.43196492677089,1.37176251329947,1.62116193736438,0,0
359,3,"ifeval_like","weak",1.25,1.75,1.25,1.75,0.2,"random",5,500,-1.42967383249197,0,1.38825861434452,0,0
360,3,"ifeval_like","weak",1.25,1.75,1.25,1.75,0.2,"random",5,500,0,0,1.32910333643667,-1.71686058933847,1.56526048842352
361,3,"ifeval_like","weak",1.25,1.75,1.25,1.75,0.2,"random",5,500,0,0,1.72655079502147,0,0
362,3,"ifeval_like","weak",1.25,1.75,1.25,1.75,0.2,"random",5,500,0,0,1.7008210925851,0,0
363,3,"ifeval_like","weak",1.25,1.75,1.25,1.75,0.2,"random",5,500,0,0,1.49684214405715,0,0
364,3,"ifeval_like","weak",1.25,1.75,1.25,1.75,0.2,"random",5,500,1.73453845304903,0,1.67786985344719,0,0
365,3,"ifeval_like","weak",1.25,1.75,1.25,1.75,0.2,"random",5,500,0,0,1.70365764969029,0,0
366,3,"ifeval_like","weak",1.25,1.75,1.25,1.75,0.2,"random",5,500,0,0,1.45812791527715,0,0
367,3,"ifeval_like","weak",1.25,1.75,1.25,1.75,0.2,"random",5,500,0,0,1.45167514833156,0,-1.25619014073163
368,3,"ifeval_like","weak",1.25,1.75,1.25,1.75,0.2,"random",5,500,1.70960808673408,0,1.27329280506819,0,0
369,3,"ifeval_like","weak",1.25,1.75,1.25,1.75,0.2,"random",5,500,0,0,1.57087120681535,0,0
370,3,"ifeval_like","weak",1.25,1.75,1.25,1.75,0.2,"random",5,500,0,-1.5973438709043,1.31912067777012,-1.46455068711657,0
371,3,"ifeval_like","weak",1.25,1.75,1.25,1.75,0.2,"random",5,500,0,1.69704032537993,1.49566197430249,-1.59363831859082,0
372,3,"ifeval_like","weak",1.25,1.75,1.25,1.75,0.2,"random",5,500,0,-1.3896304423688,1.44176049344242,0,0
373,3,"ifeval_like","weak",1.25,1.75,1.25,1.75,0.2,"random",5,500,0,0,1.26428479258902,0,0
374,3,"ifeval_like","weak",1.25,1.75,1.25,1.75,0.2,"random",5,500,0,0,1.46112163283397,0,-1.40648606326431
375,3,"ifeval_like","weak",1.25,1.75,1.25,1.75,0.2,"random",5,500,0,0,1.50610287184827,0,0
376,3,"ifeval_like","weak",1.25,1.75,1.25,1.75,0.2,"random",5,500,0,0,1.59442391758785,1.47763281175867,0
377,3,"ifeval_like","weak",1.25,1.75,1.25,1.75,0.2,"random",5,500,0,0,1.66616202297155,0,-1.51724676205777
378,3,"ifeval_like","weak",1.25,1.75,1.25,1.75,0.2,"random",5,500,0,-1.66496576054487,1.45069730561227,0,0
379,3,"ifeval_like","weak",1.25,1.75,1.25,1.75,0.2,"random",5,500,0,0,1.28046140563674,0,-1.41595258505549
380,3,"ifeval_like","weak",1.25,1.75,1.25,1.75,0.2,"random",5,500,0,0,1.62042666121852,0,0
381,3,"ifeval_like","weak",1.25,1.75,1.25,1.75,0.2,"random",5,500,0,1.49261588323861,1.62404903583229,0,0
382,3,"ifeval_like","weak",1.25,1.75,1.25,1.75,0.2,"random",5,500,-1.61770911107305,0,1.49481297051534,0,0
383,3,"ifeval_like","weak",1.25,1.75,1.25,1.75,0.2,"random",5,500,1.53909923241008,0,1.42720240540802,0,0
384,3,"ifeval_like","weak",1.25,1.75,1.25,1.75,0.2,"random",5,500,0,0,1.66537994891405,0,0
385,3,"ifeval_like","weak",1.25,1.75,1.25,1.75,0.2,"random",5,500,0,-1.34122796577867,1.74441703571938,0,0
386,3,"ifeval_like","weak",1.25,1.75,1.25,1.75,0.2,"random",5,500,0,0,1.31725394388195,0,0
387,3,"ifeval_like","weak",1.25,1.75,1.25,1.75,0.2,"random",5,500,0,0,1.63436518469825,0,0
388,3,"ifeval_like","weak",1.25,1.75,1.25,1.75,0.2,"random",5,500,0,0,1.40170616214164,0,0
389,3,"ifeval_like","weak",1.25,1.75,1.25,1.75,0.2,"random",5,500,0,-1.44802233856171,1.44584601651877,0,0
390,3,"ifeval_like","weak",1.25,1.75,1.25,1.75,0.2,"random",5,500,0,1.53957211168017,1.73893369187135,1.62461768393405,0
391,3,"ifeval_like","weak",1.25,1.75,1.25,1.75,0.2,"random",5,500,0,0,1.58578695484903,1.60086810216308,0
392,3,"ifeval_like","weak",1.25,1.75,1.25,1.75,0.2,"random",5,500,1.31726515211631,0,1.58336693176534,0,0
393,3,"ifeval_like","weak",1.25,1.75,1.25,1.75,0.2,"random",5,500,0,0,1.53777392487973,0,0
394,3,"ifeval_like","weak",1.25,1.75,1.25,1.75,0.2,"random",5,500,0,0,1.32505872217007,-1.57641954883002,1.3133626304334
395,3,"ifeval_like","weak",1.25,1.75,1.25,1.75,0.2,"random",5,500,1.27448498527519,0,1.48402400035411,0,0
396,3,"ifeval_like","weak",1.25,1.75,1.25,1.75,0.2,"random",5,500,-1.36647602601442,0,1.33476689783856,0,0
397,3,"ifeval_like","weak",1.25,1.75,1.25,1.75,0.2,"random",5,500,0,0,1.66426265600603,0,-1.38083843921777
398,3,"ifeval_like","weak",1.25,1.75,1.25,1.75,0.2,"random",5,500,0,-1.70456965931226,1.46496438642498,0,-1.58518487017136
399,3,"ifeval_like","weak",1.25,1.75,1.25,1.75,0.2,"random",5,500,0,0,1.5447619385086,0,0
400,3,"ifeval_like","weak",1.25,1.75,1.25,1.75,0.2,"random",5,500,0,0,1.35411580651999,1.59149385488126,1.58336353686173
401,3,"ifeval_like","weak",1.25,1.75,1.25,1.75,0.2,"random",5,500,0,0,1.27960495604202,0,-1.47708922578022
402,3,"ifeval_like","weak",1.25,1.75,1.25,1.75,0.2,"random",5,500,0,1.50725467631128,1.66667122358922,0,1.45742237963714
403,3,"ifeval_like","weak",1.25,1.75,1.25,1.75,0.2,"random",5,500,0,0,1.6938333150465,0,0
404,3,"ifeval_like","weak",1.25,1.75,1.25,1.75,0.2,"random",5,500,0,1.5033679154003,1.32596985611599,-1.69401072268374,0
405,3,"ifeval_like","weak",1.25,1.75,1.25,1.75,0.2,"random",5,500,-1.34044803678989,0,1.67826593958307,0,0
406,3,"ifeval_like","weak",1.25,1.75,1.25,1.75,0.2,"random",5,500,0,0,1.70385653083213,-1.73253241938073,0
407,3,"ifeval_like","weak",1.25,1.75,1.25,1.75,0.2,"random",5,500,0,0,1.3215195912635,0,0
408,3,"ifeval_like","weak",1.25,1.75,1.25,1.75,0.2,"random",5,500,0,0,1.50145539361984,0,0
409,3,"ifeval_like","weak",1.25,1.75,1.25,1.75,0.2,"random",5,500,0,0,1.54712862474844,0,1.70139514433686
410,3,"ifeval_like","weak",1.25,1.75,1.25,1.75,0.2,"random",5,500,0,0,1.57695282017812,0,-1.39146374573465
411,3,"ifeval_like","weak",1.25,1.75,1.25,1.75,0.2,"random",5,500,0,0,1.74725824105553,0,0
412,3,"ifeval_like","weak",1.25,1.75,1.25,1.75,0.2,"random",5,500,-1.28863114176784,0,1.45686917193234,0,0
413,3,"ifeval_like","weak",1.25,1.75,1.25,1.75,0.2,"random",5,500,0,0,1.56436296110041,0,0
414,3,"ifeval_like","weak",1.25,1.75,1.25,1.75,0.2,"random",5,500,1.63083916530013,1.66089457296766,1.42238576838281,0,0
415,3,"ifeval_like","weak",1.25,1.75,1.25,1.75,0.2,"random",5,500,0,0,1.66020140331239,1.42553648271132,0
416,3,"ifeval_like","weak",1.25,1.75,1.25,1.75,0.2,"random",5,500,-1.46415585046634,0,1.68713977537118,1.5709249060601,0
417,3,"ifeval_like","weak",1.25,1.75,1.25,1.75,0.2,"random",5,500,0,0,1.42068789433688,0,0
418,3,"ifeval_like","weak",1.25,1.75,1.25,1.75,0.2,"random",5,500,0,0,1.63663009414449,0,0
419,3,"ifeval_like","weak",1.25,1.75,1.25,1.75,0.2,"random",5,500,0,0,1.25502707983833,-1.55178609618451,0
420,3,"ifeval_like","weak",1.25,1.75,1.25,1.75,0.2,"random",5,500,0,0,1.44323149160482,0,0
421,3,"ifeval_like","weak",1.25,1.75,1.25,1.75,0.2,"random",5,500,1.72530274535529,0,1.35315244458616,0,0
422,3,"ifeval_like","weak",1.25,1.75,1.25,1.75,0.2,"random",5,500,1.48524178238586,0,1.29592013033107,0,0
423,4,"ifeval_like","weak",1.25,1.75,1.25,1.75,0.2,"random",5,500,0,1.27106777508743,0,1.28959500719793,1.50335922068916
424,4,"ifeval_like","weak",1.25,1.75,1.25,1.75,0.2,"random",5,500,1.53440307627898,0,0,1.48596082523,0
425,4,"ifeval_like","weak",1.25,1.75,1.25,1.75,0.2,"random",5,500,1.36803256650455,1.41112378251273,0,1.56775982875843,0
426,4,"ifeval_like","weak",1.25,1.75,1.25,1.75,0.2,"random",5,500,0,0,0,1.45103244076017,0
427,4,"ifeval_like","weak",1.25,1.75,1.25,1.75,0.2,"random",5,500,0,0,0,1.347691936302,0
428,4,"ifeval_like","weak",1.25,1.75,1.25,1.75,0.2,"random",5,500,0,0,0,1.7176167902071,0
429,4,"ifeval_like","weak",1.25,1.75,1.25,1.75,0.2,"random",5,500,0,0,0,1.34503126493655,0
430,4,"ifeval_like","weak",1.25,1.75,1.25,1.75,0.2,"random",5,500,0,0,0,1.68968120543286,0
431,4,"ifeval_like","weak",1.25,1.75,1.25,1.75,0.2,"random",5,500,0,1.60078861692455,0,1.63130131491926,0
432,4,"ifeval_like","weak",1.25,1.75,1.25,1.75,0.2,"random",5,500,0,-1.61354985251091,0,1.53355958347674,0
433,4,"ifeval_like","weak",1.25,1.75,1.25,1.75,0.2,"random",5,500,0,0,0,1.54423958645202,0
434,4,"ifeval_like","weak",1.25,1.75,1.25,1.75,0.2,"random",5,500,0,0,0,1.71742872521281,0
435,4,"ifeval_like","weak",1.25,1.75,1.25,1.75,0.2,"random",5,500,0,0,-1.62340986332856,1.4299170273589,1.65523515362293
436,4,"ifeval_like","weak",1.25,1.75,1.25,1.75,0.2,"random",5,500,0,0,0,1.6742073383648,0
437,4,"ifeval_like","weak",1.25,1.75,1.25,1.75,0.2,"random",5,500,0,0,0,1.3498009176692,0
438,4,"ifeval_like","weak",1.25,1.75,1.25,1.75,0.2,"random",5,500,0,0,0,1.493320780457,0
439,4,"ifeval_like","weak",1.25,1.75,1.25,1.75,0.2,"random",5,500,0,0,-1.34722002665512,1.30844733398408,1.56854774570093
440,4,"ifeval_like","weak",1.25,1.75,1.25,1.75,0.2,"random",5,500,0,0,0,1.69182048935909,0
441,4,"ifeval_like","weak",1.25,1.75,1.25,1.75,0.2,"random",5,500,0,-1.69699684332591,0,1.65164215827826,0
442,4,"ifeval_like","weak",1.25,1.75,1.25,1.75,0.2,"random",5,500,0,0,0,1.38238831178751,0
443,4,"ifeval_like","weak",1.25,1.75,1.25,1.75,0.2,"random",5,500,0,0,0,1.51299694855697,0
444,4,"ifeval_like","weak",1.25,1.75,1.25,1.75,0.2,"random",5,500,-1.38438490545377,0,0,1.49827957968228,1.35850089031737
445,4,"ifeval_like","weak",1.25,1.75,1.25,1.75,0.2,"random",5,500,-1.68515524361283,0,0,1.31140935292933,-1.72548986540642
446,4,"ifeval_like","weak",1.25,1.75,1.25,1.75,0.2,"random",5,500,0,0,0,1.56434181972872,0
447,4,"ifeval_like","weak",1.25,1.75,1.25,1.75,0.2,"random",5,500,0,0,0,1.61040899832733,-1.26185458770487
448,4,"ifeval_like","weak",1.25,1.75,1.25,1.75,0.2,"random",5,500,-1.65825838421006,0,0,1.33236191351898,1.33680877299048
449,4,"ifeval_like","weak",1.25,1.75,1.25,1.75,0.2,"random",5,500,0,0,0,1.56732471077703,0
450,4,"ifeval_like","weak",1.25,1.75,1.25,1.75,0.2,"random",5,500,0,0,0,1.54124144231901,0
451,4,"ifeval_like","weak",1.25,1.75,1.25,1.75,0.2,"random",5,500,0,0,-1.30160679866094,1.63944678357802,0
452,4,"ifeval_like","weak",1.25,1.75,1.25,1.75,0.2,"random",5,500,0,0,0,1.51748681045137,0
453,4,"ifeval_like","weak",1.25,1.75,1.25,1.75,0.2,"random",5,500,0,0,0,1.73936879867688,0
454,4,"ifeval_like","weak",1.25,1.75,1.25,1.75,0.2,"random",5,500,0,-1.74720822717063,1.55323347239755,1.41683795186691,1.73715605109464
455,4,"ifeval_like","weak",1.25,1.75,1.25,1.75,0.2,"random",5,500,0,0,0,1.64090745802969,0
456,4,"ifeval_like","weak",1.25,1.75,1.25,1.75,0.2,"random",5,500,0,0,0,1.32757385924924,0
457,4,"ifeval_like","weak",1.25,1.75,1.25,1.75,0.2,"random",5,500,0,-1.3655453711981,0,1.66301698272582,0
458,4,"ifeval_like","weak",1.25,1.75,1.25,1.75,0.2,"random",5,500,0,0,0,1.26355230936315,0
459,4,"ifeval_like","weak",1.25,1.75,1.25,1.75,0.2,"random",5,500,-1.57888890674803,0,1.51006673055235,1.57550303149037,0
460,4,"ifeval_like","weak",1.25,1.75,1.25,1.75,0.2,"random",5,500,0,0,0,1.46251270011999,0
461,4,"ifeval_like","weak",1.25,1.75,1.25,1.75,0.2,"random",5,500,0,0,0,1.48436726618093,1.27458381303586
462,4,"ifeval_like","weak",1.25,1.75,1.25,1.75,0.2,"random",5,500,0,1.54601255443413,-1.32440579019021,1.62381002120674,0
463,4,"ifeval_like","weak",1.25,1.75,1.25,1.75,0.2,"random",5,500,0,0,0,1.36663799500093,0
464,4,"ifeval_like","weak",1.25,1.75,1.25,1.75,0.2,"random",5,500,0,0,0,1.62904617586173,0
465,4,"ifeval_like","weak",1.25,1.75,1.25,1.75,0.2,"random",5,500,0,0,0,1.32363879925106,0
466,4,"ifeval_like","weak",1.25,1.75,1.25,1.75,0.2,"random",5,500,0,0,0,1.35466773761436,0
467,5,"ifeval_like","weak",1.25,1.75,1.25,1.75,0.2,"random",5,500,0,0,0,0,1.33737892005593
468,5,"ifeval_like","weak",1.25,1.75,1.25,1.75,0.2,"random",5,500,1.46809044585098,0,0,0,1.47454703052063
469,5,"ifeval_like","weak",1.25,1.75,1.25,1.75,0.2,"random",5,500,1.68184094433673,0,0,0,1.37162682705093
470,5,"ifeval_like","weak",1.25,1.75,1.25,1.75,0.2,"random",5,500,0,1.74927490460686,0,0,1.492498583626
471,5,"ifeval_like","weak",1.25,1.75,1.25,1.75,0.2,"random",5,500,0,0,0,0,1.54111901810393
472,5,"ifeval_like","weak",1.25,1.75,1.25,1.75,0.2,"random",5,500,0,0,0,0,1.40843532618601
473,5,"ifeval_like","weak",1.25,1.75,1.25,1.75,0.2,"random",5,500,0,1.57462600176223,1.62979831744451,0,1.40231443662196
474,5,"ifeval_like","weak",1.25,1.75,1.25,1.75,0.2,"random",5,500,1.74708008195739,0,-1.62919976480771,0,1.56688060227316
475,5,"ifeval_like","weak",1.25,1.75,1.25,1.75,0.2,"random",5,500,0,0,0,1.40317727660295,1.69318862061482
476,5,"ifeval_like","weak",1.25,1.75,1.25,1.75,0.2,"random",5,500,0,0,1.5314809352858,0,1.25959716830403
477,5,"ifeval_like","weak",1.25,1.75,1.25,1.75,0.2,"random",5,500,1.47826822195202,1.29878934484441,0,-1.56258525152225,1.43169263936579
478,5,"ifeval_like","weak",1.25,1.75,1.25,1.75,0.2,"random",5,500,0,0,0,0,1.73734682286158
479,5,"ifeval_like","weak",1.25,1.75,1.25,1.75,0.2,"random",5,500,0,-1.59328832419124,0,0,1.33267289190553
480,5,"ifeval_like","weak",1.25,1.75,1.25,1.75,0.2,"random",5,500,0,0,0,0,1.38267411245033
481,5,"ifeval_like","weak",1.25,1.75,1.25,1.75,0.2,"random",5,500,0,0,0,0,1.47623720893171
482,5,"ifeval_like","weak",1.25,1.75,1.25,1.75,0.2,"random",5,500,0,1.65339950937778,0,0,1.47775774705224
483,5,"ifeval_like","weak",1.25,1.75,1.25,1.75,0.2,"random",5,500,-1.53059455647599,0,1.47166157141328,0,1.74129376013298
484,5,"ifeval_like","weak",1.25,1.75,1.25,1.75,0.2,"random",5,500,1.67100180732086,0,0,0,1.44544139073696
485,5,"ifeval_like","weak",1.25,1.75,1.25,1.75,0.2,"random",5,500,-1.54014344094321,1.70750852720812,0,0,1.37284742319025
486,5,"ifeval_like","weak",1.25,1.75,1.25,1.75,0.2,"random",5,500,0,0,0,0,1.73671735543758
487,5,"ifeval_like","weak",1.25,1.75,1.25,1.75,0.2,"random",5,500,1.30860970215872,1.52001696021762,0,0,1.41065230406821
488,5,"ifeval_like","weak",1.25,1.75,1.25,1.75,0.2,"random",5,500,0,-1.65055716235656,1.69836985017173,0,1.28148727817461
489,5,"ifeval_like","weak",1.25,1.75,1.25,1.75,0.2,"random",5,500,0,-1.45265400107019,0,0,1.62877667776775
490,5,"ifeval_like","weak",1.25,1.75,1.25,1.75,0.2,"random",5,500,1.41619161411654,0,1.70321661408525,0,1.68669687083457
491,5,"ifeval_like","weak",1.25,1.75,1.25,1.75,0.2,"random",5,500,-1.67599904316012,0,0,0,1.60760869504884
492,5,"ifeval_like","weak",1.25,1.75,1.25,1.75,0.2,"random",5,500,0,0,0,1.35535123071168,1.55990616744384
493,5,"ifeval_like","weak",1.25,1.75,1.25,1.75,0.2,"random",5,500,0,0,0,1.67110526876058,1.31208508473355
494,5,"ifeval_like","weak",1.25,1.75,1.25,1.75,0.2,"random",5,500,0,0,0,0,1.69012265722267
495,5,"ifeval_like","weak",1.25,1.75,1.25,1.75,0.2,"random",5,500,0,0,0,0,1.620921241818
496,5,"ifeval_like","weak",1.25,1.75,1.25,1.75,0.2,"random",5,500,0,0,-1.33883580530528,-1.5854289062554,1.6242223471636
497,5,"ifeval_like","weak",1.25,1.75,1.25,1.75,0.2,"random",5,500,0,0,0,0,1.72717547381762
498,5,"ifeval_like","weak",1.25,1.75,1.25,1.75,0.2,"random",5,500,0,0,0,0,1.39380523492582
499,5,"ifeval_like","weak",1.25,1.75,1.25,1.75,0.2,"random",5,500,0,0,0,0,1.66284343751613
500,5,"ifeval_like","weak",1.25,1.75,1.25,1.75,0.2,"random",5,500,0,1.70488382666372,-1.73679725499824,0,1.6198656585766
