"item","block","block_size_mode","loading_strength","primary_loading_min","primary_loading_max","cross_loading_min","cross_loading_max","cross_loading_prob","cross_sign_mode","H","p","F1","F2","F3","F4","F5","F6","F7","F8","F9","F10"
1,1,"ifeval_like","strong",2.5,3,2.5,3,0.075,"random",10,500,2.87149732292164,0,0,0,0,0,0,0,0,0
2,1,"ifeval_like","strong",2.5,3,2.5,3,0.075,"random",10,500,2.52020040259231,0,0,0,0,0,0,2.96815444622189,0,-2.55986320413649
3,1,"ifeval_like","strong",2.5,3,2.5,3,0.075,"random",10,500,2.85231954371557,0,0,0,0,0,0,0,0,0
4,1,"ifeval_like","strong",2.5,3,2.5,3,0.075,"random",10,500,2.9838558502961,0,0,0,0,-2.68463189923204,0,0,0,0
5,1,"ifeval_like","strong",2.5,3,2.5,3,0.075,"random",10,500,2.52483709855005,0,0,0,0,0,0,0,0,0
6,1,"ifeval_like","strong",2.5,3,2.5,3,0.075,"random",10,500,2.77822439186275,0,0,0,0,0,0,0,0,0
7,1,"ifeval_like","strong",2.5,3,2.5,3,0.075,"random",10,500,2.90446548303589,0,0,0,0,0,0,0,0,0
8,1,"ifeval_like","strong",2.5,3,2.5,3,0.075,"random",10,500,2.8403014971409,0,0,0,0,2.87087693670765,0,0,0,0
9,1,"ifeval_like","strong",2.5,3,2.5,3,0.075,"random",10,500,2.97351855435409,0,0,0,0,0,0,2.71612792217638,0,0
10,1,"ifeval_like","strong",2.5,3,2.5,3,0.075,"random",10,500,2.52474798588082,0,0,0,0,0,0,0,0,0
11,1,"ifeval_like","strong",2.5,3,2.5,3,0.075,"random",10,500,2.61237703997176,0,0,-2.78565923101269,2.83040884556249,0,0,0,0,0
12,1,"ifeval_like","strong",2.5,3,2.5,3,0.075,"random",10,500,2.68599468073808,0,0,0,0,0,0,0,0,0
13,1,"ifeval_like","strong",2.5,3,2.5,3,0.075,"random",10,500,2.89447502430994,0,0,0,0,0,0,0,0,0
14,1,"ifeval_like","strong",2.5,3,2.5,3,0.075,"random",10,500,2.72364107775502,0,0,0,0,0,0,0,0,0
15,1,"ifeval_like","strong",2.5,3,2.5,3,0.075,"random",10,500,2.59885057946667,2.55338738125283,0,0,0,0,0,0,0,0
16,1,"ifeval_like","strong",2.5,3,2.5,3,0.075,"random",10,500,2.74055770551786,0,0,0,-2.86663207469974,0,0,0,0,-2.60628973913845
17,1,"ifeval_like","strong",2.5,3,2.5,3,0.075,"random",10,500,2.64329511800315,0,0,0,0,0,0,0,0,0
18,1,"ifeval_like","strong",2.5,3,2.5,3,0.075,"random",10,500,2.78473748767283,0,0,0,0,0,0,2.93698178022169,0,0
19,1,"ifeval_like","strong",2.5,3,2.5,3,0.075,"random",10,500,2.72339651675429,-2.94671124476008,0,0,0,0,0,0,0,0
20,1,"ifeval_like","strong",2.5,3,2.5,3,0.075,"random",10,500,2.66139105078764,0,0,-2.53249529667664,0,0,0,0,0,0
21,1,"ifeval_like","strong",2.5,3,2.5,3,0.075,"random",10,500,2.71372332493775,0,0,0,0,0,0,0,0,0
22,1,"ifeval_like","strong",2.5,3,2.5,3,0.075,"random",10,500,2.55428953445517,0,0,0,0,0,0,0,0,0
23,1,"ifeval_like","strong",2.5,3,2.5,3,0.075,"random",10,500,2.69127313164063,0,0,0,0,-2.7949035387719,0,0,0,0
24,1,"ifeval_like","strong",2.5,3,2.5,3,0.075,"random",10,500,2.93199723644648,0,0,2.8538851410849,0,0,0,0,0,0
25,1,"ifeval_like","strong",2.5,3,2.5,3,0.075,"random",10,500,2.65749865258113,0,2.53526907460764,0,2.68008058646228,-2.90121994121,0,0,0,0
26,1,"ifeval_like","strong",2.5,3,2.5,3,0.075,"random",10,500,2.75331506738439,0,0,0,0,0,0,-2.60312881146092,0,0
27,1,"ifeval_like","strong",2.5,3,2.5,3,0.075,"random",10,500,2.69588442076929,0,0,2.83570575492922,0,0,0,0,0,0
28,1,"ifeval_like","strong",2.5,3,2.5,3,0.075,"random",10,500,2.65421901410446,0,0,0,0,0,0,0,0,0
29,1,"ifeval_like","strong",2.5,3,2.5,3,0.075,"random",10,500,2.96293855004478,0,0,0,0,0,0,0,0,0
30,1,"ifeval_like","strong",2.5,3,2.5,3,0.075,"random",10,500,2.5656080278568,0,0,0,2.5758530034218,0,0,0,0,-2.53523167362437
31,1,"ifeval_like","strong",2.5,3,2.5,3,0.075,"random",10,500,2.5289808291709,0,0,2.88693833665457,2.70516733673867,0,0,0,0,0
32,1,"ifeval_like","strong",2.5,3,2.5,3,0.075,"random",10,500,2.55195859237574,0,0,0,0,0,0,0,0,0
33,1,"ifeval_like","strong",2.5,3,2.5,3,0.075,"random",10,500,2.77070250967517,0,0,0,0,0,0,0,0,0
34,1,"ifeval_like","strong",2.5,3,2.5,3,0.075,"random",10,500,2.62259661906864,0,0,0,0,0,0,0,0,0
35,1,"ifeval_like","strong",2.5,3,2.5,3,0.075,"random",10,500,2.96847257681657,0,0,2.72315773763694,0,0,0,0,0,0
36,1,"ifeval_like","strong",2.5,3,2.5,3,0.075,"random",10,500,2.53196989605203,0,0,0,0,0,2.77182226115838,0,0,0
37,1,"ifeval_like","strong",2.5,3,2.5,3,0.075,"random",10,500,2.98976330622099,0,0,0,0,0,0,0,0,0
38,1,"ifeval_like","strong",2.5,3,2.5,3,0.075,"random",10,500,2.67711360345129,0,0,0,0,0,0,-2.51668415276799,0,0
39,1,"ifeval_like","strong",2.5,3,2.5,3,0.075,"random",10,500,2.57119992608204,0,0,0,0,0,0,0,0,0
40,1,"ifeval_like","strong",2.5,3,2.5,3,0.075,"random",10,500,2.85125503549352,0,0,0,2.56558262498584,0,0,0,0,0
41,1,"ifeval_like","strong",2.5,3,2.5,3,0.075,"random",10,500,2.93093336268794,0,0,0,2.60955360427033,0,-2.611365859746,2.79964126192499,0,0
42,1,"ifeval_like","strong",2.5,3,2.5,3,0.075,"random",10,500,2.6634647406172,0,2.53161616041325,0,0,0,0,0,0,0
43,1,"ifeval_like","strong",2.5,3,2.5,3,0.075,"random",10,500,2.92982563457917,0,0,0,0,0,0,0,0,0
44,1,"ifeval_like","strong",2.5,3,2.5,3,0.075,"random",10,500,2.94570823479444,0,0,0,0,0,0,0,0,0
45,1,"ifeval_like","strong",2.5,3,2.5,3,0.075,"random",10,500,2.91503265907522,0,0,2.78642785653938,0,0,0,0,2.96166009746958,-2.82565991813317
46,1,"ifeval_like","strong",2.5,3,2.5,3,0.075,"random",10,500,2.55183416546788,0,0,0,-2.84916171699297,0,0,0,0,0
47,1,"ifeval_like","strong",2.5,3,2.5,3,0.075,"random",10,500,2.88490104861557,2.75786724989302,0,0,0,0,0,0,0,0
48,1,"ifeval_like","strong",2.5,3,2.5,3,0.075,"random",10,500,2.58562011353206,0,-2.73267554072663,0,0,0,-2.97918373800348,0,0,0
49,1,"ifeval_like","strong",2.5,3,2.5,3,0.075,"random",10,500,2.79975161177572,0,0,0,0,0,0,0,0,-2.82147129031364
50,1,"ifeval_like","strong",2.5,3,2.5,3,0.075,"random",10,500,2.80582527932711,0,0,0,0,2.70580899727065,0,2.655341549078,0,0
51,1,"ifeval_like","strong",2.5,3,2.5,3,0.075,"random",10,500,2.86275762727018,0,0,0,0,0,0,0,0,0
52,1,"ifeval_like","strong",2.5,3,2.5,3,0.075,"random",10,500,2.58145092846826,0,0,0,0,0,0,0,0,2.85687066067476
53,1,"ifeval_like","strong",2.5,3,2.5,3,0.075,"random",10,500,2.74937592365313,0,0,0,0,-2.6731940198224,0,0,0,0
54,1,"ifeval_like","strong",2.5,3,2.5,3,0.075,"random",10,500,2.59504330647178,0,0,0,0,0,0,0,0,0
55,1,"ifeval_like","strong",2.5,3,2.5,3,0.075,"random",10,500,2.82785522483755,0,0,0,0,0,2.61048375163227,0,0,0
56,1,"ifeval_like","strong",2.5,3,2.5,3,0.075,"random",10,500,2.54320821072906,0,0,0,2.79660380573478,0,0,0,0,0
57,1,"ifeval_like","strong",2.5,3,2.5,3,0.075,"random",10,500,2.59958147478756,0,0,0,0,0,0,0,-2.60984807333443,0
58,1,"ifeval_like","strong",2.5,3,2.5,3,0.075,"random",10,500,2.57899480173364,0,0,0,0,0,0,0,0,0
59,1,"ifeval_like","strong",2.5,3,2.5,3,0.075,"random",10,500,2.94846728548873,0,0,0,0,0,0,0,0,0
60,1,"ifeval_like","strong",2.5,3,2.5,3,0.075,"random",10,500,2.92403681494761,0,0,0,0,0,0,0,0,0
61,1,"ifeval_like","strong",2.5,3,2.5,3,0.075,"random",10,500,2.61367681063712,-2.59371409018058,-2.62954249104951,0,0,0,0,0,0,0
62,1,"ifeval_like","strong",2.5,3,2.5,3,0.075,"random",10,500,2.52713170647621,0,0,-2.6696105718147,0,0,0,0,0,0
63,1,"ifeval_like","strong",2.5,3,2.5,3,0.075,"random",10,500,2.60909725225065,0,0,0,0,0,0,0,0,0
64,1,"ifeval_like","strong",2.5,3,2.5,3,0.075,"random",10,500,2.864347587456,0,0,0,0,0,0,0,0,-2.58466966205742
65,1,"ifeval_like","strong",2.5,3,2.5,3,0.075,"random",10,500,2.55517407110892,0,0,0,0,0,0,0,0,0
66,1,"ifeval_like","strong",2.5,3,2.5,3,0.075,"random",10,500,2.77962128166109,0,0,0,0,0,0,0,0,0
67,1,"ifeval_like","strong",2.5,3,2.5,3,0.075,"random",10,500,2.9366231164895,0,0,0,0,2.92336274101399,0,0,0,0
68,1,"ifeval_like","strong",2.5,3,2.5,3,0.075,"random",10,500,2.87972708104644,0,0,0,0,2.56374916806817,-2.98492479568813,0,0,0
69,1,"ifeval_like","strong",2.5,3,2.5,3,0.075,"random",10,500,2.81511024723295,0,0,0,0,0,0,2.99334923701826,0,0
70,1,"ifeval_like","strong",2.5,3,2.5,3,0.075,"random",10,500,2.81178408802953,0,0,0,0,0,0,0,0,0
71,1,"ifeval_like","strong",2.5,3,2.5,3,0.075,"random",10,500,2.86638082447462,0,0,0,0,0,0,0,0,0
72,1,"ifeval_like","strong",2.5,3,2.5,3,0.075,"random",10,500,2.89032843499444,0,0,0,0,0,0,0,0,0
73,1,"ifeval_like","strong",2.5,3,2.5,3,0.075,"random",10,500,2.70982688525692,0,0,0,0,0,0,0,0,0
74,1,"ifeval_like","strong",2.5,3,2.5,3,0.075,"random",10,500,2.87546112923883,0,-2.85971150896512,0,0,0,-2.87980471062474,0,0,0
75,1,"ifeval_like","strong",2.5,3,2.5,3,0.075,"random",10,500,2.61426959873643,0,0,0,-2.973247297341,0,0,0,0,0
76,1,"ifeval_like","strong",2.5,3,2.5,3,0.075,"random",10,500,2.9709927191725,0,0,0,0,0,-2.98907362308819,0,0,0
77,1,"ifeval_like","strong",2.5,3,2.5,3,0.075,"random",10,500,2.82829116948415,0,0,0,-2.88498073571827,0,0,0,0,0
78,1,"ifeval_like","strong",2.5,3,2.5,3,0.075,"random",10,500,2.94835814018734,0,0,0,0,0,0,0,0,0
79,1,"ifeval_like","strong",2.5,3,2.5,3,0.075,"random",10,500,2.99385231710039,0,0,0,0,0,-2.8395709595643,0,0,0
80,1,"ifeval_like","strong",2.5,3,2.5,3,0.075,"random",10,500,2.88533760712016,0,0,0,0,0,0,0,0,0
81,1,"ifeval_like","strong",2.5,3,2.5,3,0.075,"random",10,500,2.59584154945333,0,0,0,0,0,0,0,0,0
82,1,"ifeval_like","strong",2.5,3,2.5,3,0.075,"random",10,500,2.60913726419676,-2.61589364800602,0,0,0,0,0,0,0,0
83,1,"ifeval_like","strong",2.5,3,2.5,3,0.075,"random",10,500,2.69135979085695,0,0,0,0,0,0,0,0,0
84,1,"ifeval_like","strong",2.5,3,2.5,3,0.075,"random",10,500,2.57932858401909,0,0,0,0,0,0,0,2.75196215079632,0
85,1,"ifeval_like","strong",2.5,3,2.5,3,0.075,"random",10,500,2.91708598355763,0,0,0,0,0,0,0,0,0
86,1,"ifeval_like","strong",2.5,3,2.5,3,0.075,"random",10,500,2.94760670792311,0,0,0,0,0,0,0,0,2.76605473109521
87,1,"ifeval_like","strong",2.5,3,2.5,3,0.075,"random",10,500,2.58939392038155,0,0,0,0,0,0,0,0,0
88,1,"ifeval_like","strong",2.5,3,2.5,3,0.075,"random",10,500,2.78638402011711,0,0,0,0,0,0,0,0,0
89,1,"ifeval_like","strong",2.5,3,2.5,3,0.075,"random",10,500,2.58404952590354,0,0,0,2.53881822549738,0,0,0,0,0
90,1,"ifeval_like","strong",2.5,3,2.5,3,0.075,"random",10,500,2.90013388497755,0,0,0,0,0,0,0,0,0
91,1,"ifeval_like","strong",2.5,3,2.5,3,0.075,"random",10,500,2.53788177564275,0,0,0,0,0,0,0,0,0
92,1,"ifeval_like","strong",2.5,3,2.5,3,0.075,"random",10,500,2.6800974305952,0,0,0,0,0,0,0,0,0
93,1,"ifeval_like","strong",2.5,3,2.5,3,0.075,"random",10,500,2.53093233145773,0,0,0,0,0,0,0,0,0
94,1,"ifeval_like","strong",2.5,3,2.5,3,0.075,"random",10,500,2.99268976016901,0,0,0,0,0,0,0,0,-2.5921766984975
95,1,"ifeval_like","strong",2.5,3,2.5,3,0.075,"random",10,500,2.52047936758026,0,0,0,0,0,0,0,-2.86673050571699,0
96,1,"ifeval_like","strong",2.5,3,2.5,3,0.075,"random",10,500,2.51176323916297,0,0,0,0,0,0,0,0,0
97,1,"ifeval_like","strong",2.5,3,2.5,3,0.075,"random",10,500,2.87687065848149,0,0,0,0,0,0,0,0,0
98,1,"ifeval_like","strong",2.5,3,2.5,3,0.075,"random",10,500,2.67966910800897,0,0,0,0,0,0,0,0,0
99,1,"ifeval_like","strong",2.5,3,2.5,3,0.075,"random",10,500,2.75989676255267,0,0,0,0,0,0,0,0,0
100,1,"ifeval_like","strong",2.5,3,2.5,3,0.075,"random",10,500,2.91315510752611,0,0,0,0,0,0,0,0,0
101,1,"ifeval_like","strong",2.5,3,2.5,3,0.075,"random",10,500,2.5713768262649,0,0,0,0,0,0,0,0,0
102,1,"ifeval_like","strong",2.5,3,2.5,3,0.075,"random",10,500,2.89870193705428,0,0,0,0,0,0,0,0,0
103,1,"ifeval_like","strong",2.5,3,2.5,3,0.075,"random",10,500,2.88323701254558,0,0,0,0,0,0,0,0,0
104,1,"ifeval_like","strong",2.5,3,2.5,3,0.075,"random",10,500,2.93317530211061,0,0,0,0,0,0,0,0,0
105,1,"ifeval_like","strong",2.5,3,2.5,3,0.075,"random",10,500,2.81237398041412,0,0,0,0,0,2.8112317341147,0,0,0
106,1,"ifeval_like","strong",2.5,3,2.5,3,0.075,"random",10,500,2.71143968147226,0,2.88001751434058,0,0,0,0,2.66180781903677,0,0
107,1,"ifeval_like","strong",2.5,3,2.5,3,0.075,"random",10,500,2.68029841629323,0,0,0,0,0,0,0,0,0
108,1,"ifeval_like","strong",2.5,3,2.5,3,0.075,"random",10,500,2.97109057591297,0,0,0,0,0,0,0,0,0
109,1,"ifeval_like","strong",2.5,3,2.5,3,0.075,"random",10,500,2.89322930155322,0,0,0,0,0,0,0,0,0
110,1,"ifeval_like","strong",2.5,3,2.5,3,0.075,"random",10,500,2.76932400208898,0,0,0,0,0,0,0,0,0
111,1,"ifeval_like","strong",2.5,3,2.5,3,0.075,"random",10,500,2.88190214743372,0,0,0,0,0,-2.52994930336718,0,0,0
112,1,"ifeval_like","strong",2.5,3,2.5,3,0.075,"random",10,500,2.81469023390673,0,0,0,0,0,0,0,0,0
113,1,"ifeval_like","strong",2.5,3,2.5,3,0.075,"random",10,500,2.94773795385845,0,0,0,0,0,0,0,0,0
114,1,"ifeval_like","strong",2.5,3,2.5,3,0.075,"random",10,500,2.82598796312232,0,0,0,0,0,0,0,0,0
115,1,"ifeval_like","strong",2.5,3,2.5,3,0.075,"random",10,500,2.73012726439629,0,0,2.97721432405524,0,0,0,0,0,2.89482648437843
116,1,"ifeval_like","strong",2.5,3,2.5,3,0.075,"random",10,500,2.82358977221884,0,0,0,-2.51585956709459,0,0,0,0,0
117,1,"ifeval_like","strong",2.5,3,2.5,3,0.075,"random",10,500,2.62022022681776,-2.91933403152507,0,0,0,0,0,0,0,0
118,1,"ifeval_like","strong",2.5,3,2.5,3,0.075,"random",10,500,2.88580298866145,0,0,0,0,0,0,-2.83249308273662,0,0
119,1,"ifeval_like","strong",2.5,3,2.5,3,0.075,"random",10,500,2.74301329243463,0,0,0,0,0,0,0,0,0
120,1,"ifeval_like","strong",2.5,3,2.5,3,0.075,"random",10,500,2.51094210217707,0,0,0,2.58330575074069,0,0,0,0,0
121,1,"ifeval_like","strong",2.5,3,2.5,3,0.075,"random",10,500,2.84495677868836,0,0,0,0,0,0,0,0,0
122,1,"ifeval_like","strong",2.5,3,2.5,3,0.075,"random",10,500,2.57437443477102,0,0,0,0,0,0,0,0,0
123,1,"ifeval_like","strong",2.5,3,2.5,3,0.075,"random",10,500,2.67037916101981,0,0,0,0,0,0,0,0,0
124,1,"ifeval_like","strong",2.5,3,2.5,3,0.075,"random",10,500,2.87797283916734,0,0,0,0,0,0,-2.7135931472294,0,-2.721950930194
125,1,"ifeval_like","strong",2.5,3,2.5,3,0.075,"random",10,500,2.90701955684926,2.84490626421757,0,0,0,0,0,0,0,0
126,1,"ifeval_like","strong",2.5,3,2.5,3,0.075,"random",10,500,2.87890912406147,0,2.69938246079255,0,0,0,0,0,0,0
127,1,"ifeval_like","strong",2.5,3,2.5,3,0.075,"random",10,500,2.58820010139607,0,0,0,0,0,0,0,0,0
128,1,"ifeval_like","strong",2.5,3,2.5,3,0.075,"random",10,500,2.96843557222746,0,0,0,0,2.55651601299178,0,0,0,0
129,1,"ifeval_like","strong",2.5,3,2.5,3,0.075,"random",10,500,2.50374932365958,0,0,0,0,0,0,0,0,0
130,1,"ifeval_like","strong",2.5,3,2.5,3,0.075,"random",10,500,2.72248123213649,0,0,0,0,0,0,0,-2.71942119521555,0
131,1,"ifeval_like","strong",2.5,3,2.5,3,0.075,"random",10,500,2.87248682661448,0,0,0,0,0,0,0,0,0
132,1,"ifeval_like","strong",2.5,3,2.5,3,0.075,"random",10,500,2.50635214615613,0,0,0,0,0,0,0,0,0
133,1,"ifeval_like","strong",2.5,3,2.5,3,0.075,"random",10,500,2.57457838568371,0,-2.66891408909578,0,0,0,0,0,0,0
134,1,"ifeval_like","strong",2.5,3,2.5,3,0.075,"random",10,500,2.6610973601928,0,0,0,0,2.82514415879268,0,0,0,2.83023752167355
135,1,"ifeval_like","strong",2.5,3,2.5,3,0.075,"random",10,500,2.67605567979626,0,0,0,0,0,0,0,0,0
136,1,"ifeval_like","strong",2.5,3,2.5,3,0.075,"random",10,500,2.86945590353571,0,2.66289258538745,0,0,0,0,0,0,0
137,1,"ifeval_like","strong",2.5,3,2.5,3,0.075,"random",10,500,2.50663336389698,0,0,0,0,0,0,0,-2.7897411196027,0
138,1,"ifeval_like","strong",2.5,3,2.5,3,0.075,"random",10,500,2.88041040382814,0,0,0,0,0,0,0,0,0
139,1,"ifeval_like","strong",2.5,3,2.5,3,0.075,"random",10,500,2.89003012282774,0,0,0,0,0,0,0,0,0
140,1,"ifeval_like","strong",2.5,3,2.5,3,0.075,"random",10,500,2.61013671988621,0,0,0,0,-2.64627952722367,0,0,0,0
141,1,"ifeval_like","strong",2.5,3,2.5,3,0.075,"random",10,500,2.58601069729775,0,0,0,0,0,0,0,0,0
142,1,"ifeval_like","strong",2.5,3,2.5,3,0.075,"random",10,500,2.78882268711459,0,0,0,0,0,0,0,0,0
143,1,"ifeval_like","strong",2.5,3,2.5,3,0.075,"random",10,500,2.98276564921252,0,0,0,0,0,0,0,-2.57555668975692,-2.66003817669116
144,1,"ifeval_like","strong",2.5,3,2.5,3,0.075,"random",10,500,2.88807134178933,0,0,0,0,0,0,0,0,0
145,1,"ifeval_like","strong",2.5,3,2.5,3,0.075,"random",10,500,2.7534200719092,0,0,0,0,0,0,0,0,0
146,1,"ifeval_like","strong",2.5,3,2.5,3,0.075,"random",10,500,2.53340387577191,0,0,0,0,2.67280796996783,0,0,0,0
147,1,"ifeval_like","strong",2.5,3,2.5,3,0.075,"random",10,500,2.56629978853744,0,0,0,0,0,0,0,0,0
148,1,"ifeval_like","strong",2.5,3,2.5,3,0.075,"random",10,500,2.9676639973186,0,-2.67311492981389,0,0,0,-2.64044113457203,0,0,0
149,1,"ifeval_like","strong",2.5,3,2.5,3,0.075,"random",10,500,2.81537877791561,0,0,0,0,0,-2.93083839816973,0,0,0
150,1,"ifeval_like","strong",2.5,3,2.5,3,0.075,"random",10,500,2.83462435461115,0,0,0,0,0,0,0,0,0
151,1,"ifeval_like","strong",2.5,3,2.5,3,0.075,"random",10,500,2.74014118686318,0,0,0,0,0,0,0,0,0
152,1,"ifeval_like","strong",2.5,3,2.5,3,0.075,"random",10,500,2.60174454539083,0,0,0,0,0,0,-2.68774532142561,0,0
153,1,"ifeval_like","strong",2.5,3,2.5,3,0.075,"random",10,500,2.78421052428894,0,0,0,0,0,0,0,0,0
154,1,"ifeval_like","strong",2.5,3,2.5,3,0.075,"random",10,500,2.61173812730704,2.55823173117824,0,0,0,0,0,-2.69046395795885,0,0
155,1,"ifeval_like","strong",2.5,3,2.5,3,0.075,"random",10,500,2.79195949144196,0,0,2.58642000798136,0,0,0,0,0,0
156,1,"ifeval_like","strong",2.5,3,2.5,3,0.075,"random",10,500,2.83044662547763,0,0,0,0,0,0,0,0,0
157,1,"ifeval_like","strong",2.5,3,2.5,3,0.075,"random",10,500,2.81422393640969,0,0,0,0,0,0,0,0,0
158,1,"ifeval_like","strong",2.5,3,2.5,3,0.075,"random",10,500,2.92278984142467,0,0,0,0,0,0,0,0,0
159,1,"ifeval_like","strong",2.5,3,2.5,3,0.075,"random",10,500,2.85955170891248,-2.64746403321624,0,0,0,0,0,-2.71640035347082,2.90982707438525,0
160,1,"ifeval_like","strong",2.5,3,2.5,3,0.075,"random",10,500,2.70293596130796,0,0,0,2.51852387504186,0,0,0,-2.68376608018298,0
161,1,"ifeval_like","strong",2.5,3,2.5,3,0.075,"random",10,500,2.63659309886862,0,0,0,0,0,0,0,0,0
162,1,"ifeval_like","strong",2.5,3,2.5,3,0.075,"random",10,500,2.97915752173867,0,0,0,0,0,0,0,0,0
163,1,"ifeval_like","strong",2.5,3,2.5,3,0.075,"random",10,500,2.51201122615021,0,0,-2.63122554658912,0,0,0,2.65565168252215,0,0
164,1,"ifeval_like","strong",2.5,3,2.5,3,0.075,"random",10,500,2.71274008427281,0,0,0,0,0,2.59658730099909,0,-2.77237811742816,0
165,1,"ifeval_like","strong",2.5,3,2.5,3,0.075,"random",10,500,2.73014547827188,0,0,0,0,0,0,0,0,0
166,1,"ifeval_like","strong",2.5,3,2.5,3,0.075,"random",10,500,2.53775762428995,0,0,0,0,2.836598888156,0,-2.60903550917283,0,0
167,1,"ifeval_like","strong",2.5,3,2.5,3,0.075,"random",10,500,2.95590245514177,0,0,0,0,0,0,0,0,2.53827512159478
168,1,"ifeval_like","strong",2.5,3,2.5,3,0.075,"random",10,500,2.79549148294609,0,0,0,0,0,0,0,0,0
169,1,"ifeval_like","strong",2.5,3,2.5,3,0.075,"random",10,500,2.62013576657046,0,0,0,0,0,0,0,0,0
170,1,"ifeval_like","strong",2.5,3,2.5,3,0.075,"random",10,500,2.8717194555793,0,0,0,0,0,0,0,0,0
171,1,"ifeval_like","strong",2.5,3,2.5,3,0.075,"random",10,500,2.98908728046808,0,0,0,-2.93641441536602,0,0,0,2.87468044867273,0
172,1,"ifeval_like","strong",2.5,3,2.5,3,0.075,"random",10,500,2.9394928670954,0,0,0,0,-2.8864746701438,0,0,0,0
173,1,"ifeval_like","strong",2.5,3,2.5,3,0.075,"random",10,500,2.71779398003127,0,0,0,0,0,0,0,0,0
174,1,"ifeval_like","strong",2.5,3,2.5,3,0.075,"random",10,500,2.90424207050819,0,0,0,2.96857542032376,-2.65073187416419,0,0,0,0
175,1,"ifeval_like","strong",2.5,3,2.5,3,0.075,"random",10,500,2.81097744137514,0,0,0,0,0,0,0,0,0
176,1,"ifeval_like","strong",2.5,3,2.5,3,0.075,"random",10,500,2.68468815810047,0,0,0,0,0,0,0,0,0
177,1,"ifeval_like","strong",2.5,3,2.5,3,0.075,"random",10,500,2.94338893226814,0,-2.75225967972074,0,2.54818736750167,0,0,0,-2.97379018075299,-2.7593914878089
178,1,"ifeval_like","strong",2.5,3,2.5,3,0.075,"random",10,500,2.57833387923893,0,-2.71583141176961,-2.8637449630769,0,0,0,0,0,0
179,1,"ifeval_like","strong",2.5,3,2.5,3,0.075,"random",10,500,2.53773071104661,0,2.64496102137491,0,0,0,0,0,0,0
180,1,"ifeval_like","strong",2.5,3,2.5,3,0.075,"random",10,500,2.8974079512991,0,0,0,0,0,0,0,-2.75408302771393,0
181,1,"ifeval_like","strong",2.5,3,2.5,3,0.075,"random",10,500,2.81060542841442,0,0,0,0,0,0,0,0,0
182,1,"ifeval_like","strong",2.5,3,2.5,3,0.075,"random",10,500,2.8978087460855,0,0,0,0,0,0,0,0,-2.82387527322862
183,1,"ifeval_like","strong",2.5,3,2.5,3,0.075,"random",10,500,2.85695522208698,0,2.64769164705649,0,0,0,0,0,0,0
184,1,"ifeval_like","strong",2.5,3,2.5,3,0.075,"random",10,500,2.72171092766803,0,0,0,0,0,0,0,0,0
185,1,"ifeval_like","strong",2.5,3,2.5,3,0.075,"random",10,500,2.68276221503038,0,0,0,0,0,0,2.85163869895041,0,0
186,1,"ifeval_like","strong",2.5,3,2.5,3,0.075,"random",10,500,2.64307869260665,0,0,0,0,0,0,0,0,0
187,1,"ifeval_like","strong",2.5,3,2.5,3,0.075,"random",10,500,2.8181971362792,0,0,0,0,0,0,0,0,0
188,1,"ifeval_like","strong",2.5,3,2.5,3,0.075,"random",10,500,2.97184939496219,0,0,0,0,2.65332518192008,0,0,0,0
189,1,"ifeval_like","strong",2.5,3,2.5,3,0.075,"random",10,500,2.92448011867236,0,-2.95377000200097,0,-2.50527370977215,0,0,0,0,0
190,1,"ifeval_like","strong",2.5,3,2.5,3,0.075,"random",10,500,2.62859431328252,0,0,0,0,0,0,0,0,0
191,1,"ifeval_like","strong",2.5,3,2.5,3,0.075,"random",10,500,2.78767029766459,0,0,0,0,0,0,0,0,0
192,1,"ifeval_like","strong",2.5,3,2.5,3,0.075,"random",10,500,2.6856781084789,0,0,0,0,0,0,0,0,-2.61238058144227
193,1,"ifeval_like","strong",2.5,3,2.5,3,0.075,"random",10,500,2.73747689835727,0,0,0,0,0,0,0,0,0
194,1,"ifeval_like","strong",2.5,3,2.5,3,0.075,"random",10,500,2.84023664926644,0,0,0,0,0,0,0,0,0
195,1,"ifeval_like","strong",2.5,3,2.5,3,0.075,"random",10,500,2.55428744177334,0,0,0,0,0,0,0,0,0
196,1,"ifeval_like","strong",2.5,3,2.5,3,0.075,"random",10,500,2.92844109912403,0,0,0,0,0,0,0,0,0
197,1,"ifeval_like","strong",2.5,3,2.5,3,0.075,"random",10,500,2.67089575051796,0,0,0,0,0,0,2.52846538717858,0,0
198,1,"ifeval_like","strong",2.5,3,2.5,3,0.075,"random",10,500,2.92276416707318,0,0,0,0,0,0,0,0,0
199,1,"ifeval_like","strong",2.5,3,2.5,3,0.075,"random",10,500,2.84098603588063,0,0,0,0,0,0,0,0,0
200,1,"ifeval_like","strong",2.5,3,2.5,3,0.075,"random",10,500,2.51048736379016,0,0,0,0,0,0,0,0,0
201,1,"ifeval_like","strong",2.5,3,2.5,3,0.075,"random",10,500,2.74468466080725,0,0,0,0,0,0,0,0,0
202,1,"ifeval_like","strong",2.5,3,2.5,3,0.075,"random",10,500,2.96010156092234,0,0,0,0,0,2.71711754775606,0,0,0
203,1,"ifeval_like","strong",2.5,3,2.5,3,0.075,"random",10,500,2.70299391914159,0,0,0,0,0,0,0,0,0
204,1,"ifeval_like","strong",2.5,3,2.5,3,0.075,"random",10,500,2.73886183986906,0,0,0,0,0,0,0,0,0
205,1,"ifeval_like","strong",2.5,3,2.5,3,0.075,"random",10,500,2.89588538790122,0,0,0,0,0,0,0,0,0
206,1,"ifeval_like","strong",2.5,3,2.5,3,0.075,"random",10,500,2.52029233484063,0,0,0,0,0,0,0,0,0
207,1,"ifeval_like","strong",2.5,3,2.5,3,0.075,"random",10,500,2.78022992378101,-2.75998160173185,0,2.72336822887883,0,0,0,0,0,0
208,1,"ifeval_like","strong",2.5,3,2.5,3,0.075,"random",10,500,2.87605139520019,0,0,0,0,0,0,0,0,0
209,1,"ifeval_like","strong",2.5,3,2.5,3,0.075,"random",10,500,2.96766620466951,0,0,0,0,0,0,0,0,0
210,1,"ifeval_like","strong",2.5,3,2.5,3,0.075,"random",10,500,2.60665425332263,0,0,0,0,0,0,0,0,2.55729714408517
211,1,"ifeval_like","strong",2.5,3,2.5,3,0.075,"random",10,500,2.89237174903974,0,0,0,0,0,0,0,0,0
212,2,"ifeval_like","strong",2.5,3,2.5,3,0.075,"random",10,500,0,2.96052118972875,0,0,0,0,0,0,0,0
213,2,"ifeval_like","strong",2.5,3,2.5,3,0.075,"random",10,500,0,2.70294923929032,0,0,0,0,0,0,0,0
214,2,"ifeval_like","strong",2.5,3,2.5,3,0.075,"random",10,500,0,2.91768274805509,0,0,0,0,0,0,0,0
215,2,"ifeval_like","strong",2.5,3,2.5,3,0.075,"random",10,500,-2.71897239470854,2.77087388711516,0,0,0,0,0,0,0,0
216,2,"ifeval_like","strong",2.5,3,2.5,3,0.075,"random",10,500,0,2.50548270717263,0,0,0,0,0,0,0,0
217,2,"ifeval_like","strong",2.5,3,2.5,3,0.075,"random",10,500,0,2.54367854737211,0,0,0,-2.77404497365933,0,0,0,0
218,2,"ifeval_like","strong",2.5,3,2.5,3,0.075,"random",10,500,0,2.50694836222101,0,0,0,0,0,0,0,0
219,2,"ifeval_like","strong",2.5,3,2.5,3,0.075,"random",10,500,0,2.73650650540367,0,0,0,0,0,0,0,0
220,2,"ifeval_like","strong",2.5,3,2.5,3,0.075,"random",10,500,0,2.93436104431748,0,0,0,0,0,2.57385385246016,0,0
221,2,"ifeval_like","strong",2.5,3,2.5,3,0.075,"random",10,500,0,2.63064867327921,0,0,0,0,0,0,0,0
222,2,"ifeval_like","strong",2.5,3,2.5,3,0.075,"random",10,500,0,2.77181234932505,0,0,0,0,0,0,0,0
223,2,"ifeval_like","strong",2.5,3,2.5,3,0.075,"random",10,500,0,2.799699584255,0,0,0,0,0,0,0,0
224,2,"ifeval_like","strong",2.5,3,2.5,3,0.075,"random",10,500,0,2.62395674327854,0,-2.92422264697962,0,0,2.7763916811673,-2.81549950491171,0,0
225,2,"ifeval_like","strong",2.5,3,2.5,3,0.075,"random",10,500,0,2.65240968554281,0,2.74618091539014,0,0,0,0,0,2.50920927734114
226,2,"ifeval_like","strong",2.5,3,2.5,3,0.075,"random",10,500,0,2.82968231115956,0,0,0,0,0,0,0,0
227,2,"ifeval_like","strong",2.5,3,2.5,3,0.075,"random",10,500,0,2.72478248900734,0,0,0,0,2.71817478456069,0,0,0
228,2,"ifeval_like","strong",2.5,3,2.5,3,0.075,"random",10,500,0,2.70939882542007,0,0,0,0,0,0,0,0
229,2,"ifeval_like","strong",2.5,3,2.5,3,0.075,"random",10,500,0,2.69840430316981,0,0,0,0,0,0,0,0
230,2,"ifeval_like","strong",2.5,3,2.5,3,0.075,"random",10,500,0,2.90787276939955,0,0,0,0,0,0,0,0
231,2,"ifeval_like","strong",2.5,3,2.5,3,0.075,"random",10,500,0,2.52146708720829,0,0,0,0,-2.97932553396095,0,0,0
232,2,"ifeval_like","strong",2.5,3,2.5,3,0.075,"random",10,500,0,2.97583438246511,0,0,0,0,0,0,0,-2.56290109804831
233,2,"ifeval_like","strong",2.5,3,2.5,3,0.075,"random",10,500,-2.93003314093221,2.74042136734352,0,0,0,-2.66390313860029,0,0,0,0
234,2,"ifeval_like","strong",2.5,3,2.5,3,0.075,"random",10,500,0,2.9665251908591,0,0,-2.75300236151088,-2.94945414573886,0,0,0,0
235,2,"ifeval_like","strong",2.5,3,2.5,3,0.075,"random",10,500,0,2.71357206127141,0,0,0,0,-2.62919639609754,0,0,0
236,2,"ifeval_like","strong",2.5,3,2.5,3,0.075,"random",10,500,0,2.55070680542849,0,0,0,0,0,0,0,0
237,2,"ifeval_like","strong",2.5,3,2.5,3,0.075,"random",10,500,2.65744893823285,2.71915166242979,0,0,0,0,0,0,0,0
238,2,"ifeval_like","strong",2.5,3,2.5,3,0.075,"random",10,500,0,2.71809599350672,0,0,0,0,0,0,0,0
239,2,"ifeval_like","strong",2.5,3,2.5,3,0.075,"random",10,500,0,2.62069342494942,-2.86830097367056,0,0,0,0,0,0,2.50113587745
240,2,"ifeval_like","strong",2.5,3,2.5,3,0.075,"random",10,500,0,2.56719902378973,0,0,0,0,2.80181902542245,0,0,0
241,2,"ifeval_like","strong",2.5,3,2.5,3,0.075,"random",10,500,0,2.82619269401766,0,0,0,0,0,0,0,0
242,2,"ifeval_like","strong",2.5,3,2.5,3,0.075,"random",10,500,0,2.63837252964731,0,0,0,0,0,0,0,0
243,2,"ifeval_like","strong",2.5,3,2.5,3,0.075,"random",10,500,0,2.52590839879122,0,0,0,0,0,0,0,0
244,2,"ifeval_like","strong",2.5,3,2.5,3,0.075,"random",10,500,0,2.74756162019912,0,0,0,0,0,0,0,0
245,2,"ifeval_like","strong",2.5,3,2.5,3,0.075,"random",10,500,0,2.53727902646642,0,0,0,0,-2.74659223749768,0,0,0
246,2,"ifeval_like","strong",2.5,3,2.5,3,0.075,"random",10,500,0,2.90679986064788,0,2.50786935782526,0,0,0,0,0,0
247,2,"ifeval_like","strong",2.5,3,2.5,3,0.075,"random",10,500,0,2.74799236794934,0,0,0,0,0,0,0,0
248,2,"ifeval_like","strong",2.5,3,2.5,3,0.075,"random",10,500,0,2.71083706105128,0,0,0,0,0,0,0,0
249,2,"ifeval_like","strong",2.5,3,2.5,3,0.075,"random",10,500,0,2.7164560862584,0,0,0,0,0,0,0,2.86543282482307
250,2,"ifeval_like","strong",2.5,3,2.5,3,0.075,"random",10,500,0,2.77567979076412,0,0,0,0,0,0,0,0
251,2,"ifeval_like","strong",2.5,3,2.5,3,0.075,"random",10,500,0,2.66673583094962,0,0,0,0,0,0,0,0
252,2,"ifeval_like","strong",2.5,3,2.5,3,0.075,"random",10,500,0,2.86871070356574,0,0,0,0,0,0,0,2.90830264159013
253,2,"ifeval_like","strong",2.5,3,2.5,3,0.075,"random",10,500,0,2.54269388201647,0,0,-2.88108402315993,0,0,0,0,0
254,2,"ifeval_like","strong",2.5,3,2.5,3,0.075,"random",10,500,0,2.8703628903022,0,0,0,0,0,0,0,0
255,2,"ifeval_like","strong",2.5,3,2.5,3,0.075,"random",10,500,2.81709726713598,2.82563204714097,0,0,0,0,0,-2.78735870600212,0,0
256,2,"ifeval_like","strong",2.5,3,2.5,3,0.075,"random",10,500,0,2.65769562660716,2.97998287214432,0,0,0,0,0,0,0
257,2,"ifeval_like","strong",2.5,3,2.5,3,0.075,"random",10,500,2.65371794218663,2.86994967178907,0,0,0,0,0,0,0,0
258,2,"ifeval_like","strong",2.5,3,2.5,3,0.075,"random",10,500,0,2.93335138435941,0,0,0,0,0,0,0,0
259,2,"ifeval_like","strong",2.5,3,2.5,3,0.075,"random",10,500,0,2.90846221230458,0,0,0,0,0,0,0,0
260,2,"ifeval_like","strong",2.5,3,2.5,3,0.075,"random",10,500,0,2.80425285466481,0,0,0,-2.83982098894194,2.81979660585057,0,0,0
261,2,"ifeval_like","strong",2.5,3,2.5,3,0.075,"random",10,500,0,2.9718865348259,0,0,0,0,0,0,0,0
262,2,"ifeval_like","strong",2.5,3,2.5,3,0.075,"random",10,500,0,2.98260206310079,0,2.52877739467658,0,0,0,0,0,0
263,2,"ifeval_like","strong",2.5,3,2.5,3,0.075,"random",10,500,0,2.8183734837221,0,0,0,0,0,2.82953073270619,0,0
264,2,"ifeval_like","strong",2.5,3,2.5,3,0.075,"random",10,500,0,2.79002987744752,0,-2.82674061646685,0,0,0,0,0,0
265,2,"ifeval_like","strong",2.5,3,2.5,3,0.075,"random",10,500,0,2.85963234642986,-2.72803084249608,0,0,0,0,0,0,0
266,2,"ifeval_like","strong",2.5,3,2.5,3,0.075,"random",10,500,0,2.90624251507688,0,0,0,0,0,0,0,0
267,2,"ifeval_like","strong",2.5,3,2.5,3,0.075,"random",10,500,0,2.50217097566929,-2.7222544210963,0,-2.63880630431231,0,0,-2.91922542278189,0,0
268,2,"ifeval_like","strong",2.5,3,2.5,3,0.075,"random",10,500,0,2.85472229134757,0,0,0,0,0,0,0,0
269,2,"ifeval_like","strong",2.5,3,2.5,3,0.075,"random",10,500,-2.51284426543862,2.5519796537701,0,0,2.94026014301926,0,0,0,0,2.76413841405883
270,2,"ifeval_like","strong",2.5,3,2.5,3,0.075,"random",10,500,-2.86690266127698,2.95888477563858,0,0,0,0,0,0,0,0
271,2,"ifeval_like","strong",2.5,3,2.5,3,0.075,"random",10,500,0,2.98347587860189,0,-2.73216605558991,0,0,0,0,0,-2.54785709246062
272,2,"ifeval_like","strong",2.5,3,2.5,3,0.075,"random",10,500,0,2.941119122901,0,0,0,0,0,0,2.71687992580701,0
273,2,"ifeval_like","strong",2.5,3,2.5,3,0.075,"random",10,500,0,2.94221457536332,0,0,0,0,0,0,0,0
274,2,"ifeval_like","strong",2.5,3,2.5,3,0.075,"random",10,500,0,2.67049293278251,0,0,0,0,0,0,0,0
275,2,"ifeval_like","strong",2.5,3,2.5,3,0.075,"random",10,500,0,2.99520978087094,0,0,0,0,0,0,0,0
276,2,"ifeval_like","strong",2.5,3,2.5,3,0.075,"random",10,500,0,2.52487054164521,0,0,0,0,0,0,0,0
277,2,"ifeval_like","strong",2.5,3,2.5,3,0.075,"random",10,500,0,2.65999592188746,0,0,0,-2.86031644628383,0,0,2.73590466694441,0
278,2,"ifeval_like","strong",2.5,3,2.5,3,0.075,"random",10,500,0,2.78641624434385,-2.66227378475014,0,0,0,0,0,0,0
279,2,"ifeval_like","strong",2.5,3,2.5,3,0.075,"random",10,500,0,2.9541479620384,0,0,0,0,0,0,0,0
280,2,"ifeval_like","strong",2.5,3,2.5,3,0.075,"random",10,500,0,2.65779565123376,0,0,0,0,0,0,2.89455993357114,0
281,2,"ifeval_like","strong",2.5,3,2.5,3,0.075,"random",10,500,2.50122321769595,2.62453125580214,0,0,0,0,0,0,0,0
282,2,"ifeval_like","strong",2.5,3,2.5,3,0.075,"random",10,500,0,2.52837288670707,0,0,0,-2.86310882424004,0,0,0,0
283,2,"ifeval_like","strong",2.5,3,2.5,3,0.075,"random",10,500,0,2.85793871735223,0,0,0,0,0,0,0,0
284,2,"ifeval_like","strong",2.5,3,2.5,3,0.075,"random",10,500,0,2.70790195814334,0,0,0,0,0,0,0,0
285,2,"ifeval_like","strong",2.5,3,2.5,3,0.075,"random",10,500,0,2.52792786736973,0,0,0,0,0,0,0,0
286,2,"ifeval_like","strong",2.5,3,2.5,3,0.075,"random",10,500,0,2.56161510490347,0,0,0,0,0,0,2.64722019538749,0
287,2,"ifeval_like","strong",2.5,3,2.5,3,0.075,"random",10,500,0,2.7931779861683,0,0,0,0,0,0,0,0
288,2,"ifeval_like","strong",2.5,3,2.5,3,0.075,"random",10,500,0,2.70366169104818,0,2.67445984191727,0,0,0,0,0,0
289,2,"ifeval_like","strong",2.5,3,2.5,3,0.075,"random",10,500,0,2.96966633782722,0,0,0,0,0,0,-2.56505021115299,0
290,2,"ifeval_like","strong",2.5,3,2.5,3,0.075,"random",10,500,0,2.83575486112386,0,0,0,0,0,0,0,0
291,2,"ifeval_like","strong",2.5,3,2.5,3,0.075,"random",10,500,0,2.89322210277896,0,0,0,0,0,0,0,0
292,2,"ifeval_like","strong",2.5,3,2.5,3,0.075,"random",10,500,-2.63135170156602,2.93758945108857,0,0,0,0,0,0,0,0
293,2,"ifeval_like","strong",2.5,3,2.5,3,0.075,"random",10,500,2.97349559259601,2.76034422661178,0,0,0,0,0,0,0,0
294,2,"ifeval_like","strong",2.5,3,2.5,3,0.075,"random",10,500,0,2.54810986691155,0,0,0,0,2.95237590942997,2.61231081851292,-2.63308338995557,0
295,2,"ifeval_like","strong",2.5,3,2.5,3,0.075,"random",10,500,0,2.91337679803837,0,0,0,0,0,0,0,0
296,2,"ifeval_like","strong",2.5,3,2.5,3,0.075,"random",10,500,0,2.93867093487643,0,0,0,0,0,0,0,0
297,2,"ifeval_like","strong",2.5,3,2.5,3,0.075,"random",10,500,0,2.68019102083053,0,0,0,0,0,0,0,0
298,2,"ifeval_like","strong",2.5,3,2.5,3,0.075,"random",10,500,0,2.59348159201909,0,2.76605056715198,0,0,0,0,0,0
299,2,"ifeval_like","strong",2.5,3,2.5,3,0.075,"random",10,500,0,2.6411836897023,0,0,0,0,0,0,0,0
300,2,"ifeval_like","strong",2.5,3,2.5,3,0.075,"random",10,500,0,2.99379196122754,0,0,0,0,-2.66661326773465,0,0,0
301,3,"ifeval_like","strong",2.5,3,2.5,3,0.075,"random",10,500,0,0,2.95050467050169,0,0,0,2.7197330450872,0,0,0
302,3,"ifeval_like","strong",2.5,3,2.5,3,0.075,"random",10,500,0,0,2.67546342080459,0,0,0,0,0,0,0
303,3,"ifeval_like","strong",2.5,3,2.5,3,0.075,"random",10,500,0,0,2.69508841179777,0,0,0,0,0,0,0
304,3,"ifeval_like","strong",2.5,3,2.5,3,0.075,"random",10,500,0,0,2.62125524738804,0,0,0,0,0,0,0
305,3,"ifeval_like","strong",2.5,3,2.5,3,0.075,"random",10,500,0,0,2.60272584692575,0,0,-2.78326318867039,0,0,0,0
306,3,"ifeval_like","strong",2.5,3,2.5,3,0.075,"random",10,500,0,0,2.91944346542004,0,0,0,0,0,0,0
307,3,"ifeval_like","strong",2.5,3,2.5,3,0.075,"random",10,500,0,0,2.63656490447465,0,0,0,0,0,-2.76075486710761,0
308,3,"ifeval_like","strong",2.5,3,2.5,3,0.075,"random",10,500,0,0,2.57515944773331,0,0,0,0,0,0,0
309,3,"ifeval_like","strong",2.5,3,2.5,3,0.075,"random",10,500,0,0,2.80930965521839,0,0,0,0,0,0,0
310,3,"ifeval_like","strong",2.5,3,2.5,3,0.075,"random",10,500,0,0,2.99319567275234,0,0,0,0,0,0,0
311,3,"ifeval_like","strong",2.5,3,2.5,3,0.075,"random",10,500,0,0,2.83979200711474,0,0,0,0,0,0,0
312,3,"ifeval_like","strong",2.5,3,2.5,3,0.075,"random",10,500,0,0,2.51560597284697,2.83746012020856,0,0,0,0,0,0
313,3,"ifeval_like","strong",2.5,3,2.5,3,0.075,"random",10,500,0,0,2.89872583316173,0,0,0,0,0,0,0
314,3,"ifeval_like","strong",2.5,3,2.5,3,0.075,"random",10,500,0,2.99518625775818,2.94116483395919,0,0,0,0,0,0,0
315,3,"ifeval_like","strong",2.5,3,2.5,3,0.075,"random",10,500,0,0,2.65185812767595,0,0,-2.8772525904933,0,0,0,0
316,3,"ifeval_like","strong",2.5,3,2.5,3,0.075,"random",10,500,0,0,2.96427719003987,0,2.97944214765448,0,0,0,0,0
317,3,"ifeval_like","strong",2.5,3,2.5,3,0.075,"random",10,500,0,0,2.60914156702347,0,0,0,0,-2.92563692526892,0,0
318,3,"ifeval_like","strong",2.5,3,2.5,3,0.075,"random",10,500,0,0,2.68523779173847,0,0,0,2.58793392288499,0,0,0
319,3,"ifeval_like","strong",2.5,3,2.5,3,0.075,"random",10,500,0,0,2.89955801691394,0,0,0,0,0,0,0
320,3,"ifeval_like","strong",2.5,3,2.5,3,0.075,"random",10,500,0,0,2.55144195130561,0,0,0,0,0,0,0
321,3,"ifeval_like","strong",2.5,3,2.5,3,0.075,"random",10,500,0,0,2.56436285877135,0,0,0,-2.90382473287173,0,0,0
322,3,"ifeval_like","strong",2.5,3,2.5,3,0.075,"random",10,500,0,2.5559795073932,2.74129055149388,0,0,0,0,0,0,0
323,3,"ifeval_like","strong",2.5,3,2.5,3,0.075,"random",10,500,0,0,2.7174468904268,0,0,0,0,0,0,0
324,3,"ifeval_like","strong",2.5,3,2.5,3,0.075,"random",10,500,0,0,2.63159821054433,0,0,0,0,0,0,0
325,3,"ifeval_like","strong",2.5,3,2.5,3,0.075,"random",10,500,0,0,2.97641771379858,0,-2.63082721014507,0,0,0,0,0
326,3,"ifeval_like","strong",2.5,3,2.5,3,0.075,"random",10,500,0,2.84425239916891,2.74764067609794,0,0,0,0,0,0,0
327,3,"ifeval_like","strong",2.5,3,2.5,3,0.075,"random",10,500,0,0,2.59968811261933,0,0,0,0,0,0,0
328,3,"ifeval_like","strong",2.5,3,2.5,3,0.075,"random",10,500,0,0,2.69486110063735,0,0,2.9905948236119,2.73845815262757,2.85313473735005,0,0
329,3,"ifeval_like","strong",2.5,3,2.5,3,0.075,"random",10,500,0,0,2.95628063858021,0,0,0,0,0,0,0
330,3,"ifeval_like","strong",2.5,3,2.5,3,0.075,"random",10,500,0,0,2.55591246369295,0,0,0,0,-2.82842171099037,0,0
331,3,"ifeval_like","strong",2.5,3,2.5,3,0.075,"random",10,500,0,0,2.98043226066511,0,0,0,0,0,0,0
332,3,"ifeval_like","strong",2.5,3,2.5,3,0.075,"random",10,500,0,0,2.8538793757325,0,0,0,2.63110699318349,0,0,0
333,3,"ifeval_like","strong",2.5,3,2.5,3,0.075,"random",10,500,0,0,2.73322284338064,0,0,0,0,0,0,2.51994414965156
334,3,"ifeval_like","strong",2.5,3,2.5,3,0.075,"random",10,500,0,0,2.65569237724412,0,2.9274270090973,0,0,0,0,0
335,3,"ifeval_like","strong",2.5,3,2.5,3,0.075,"random",10,500,0,0,2.97018880280666,0,0,0,0,0,0,0
336,3,"ifeval_like","strong",2.5,3,2.5,3,0.075,"random",10,500,0,0,2.92014142661355,0,0,0,0,0,0,0
337,3,"ifeval_like","strong",2.5,3,2.5,3,0.075,"random",10,500,0,0,2.52265098504722,0,0,0,0,0,0,0
338,3,"ifeval_like","strong",2.5,3,2.5,3,0.075,"random",10,500,0,0,2.7295169220306,0,0,0,0,0,0,0
339,3,"ifeval_like","strong",2.5,3,2.5,3,0.075,"random",10,500,0,0,2.95795550488401,0,0,0,0,0,0,0
340,3,"ifeval_like","strong",2.5,3,2.5,3,0.075,"random",10,500,0,0,2.83698494569398,0,0,0,0,0,0,0
341,3,"ifeval_like","strong",2.5,3,2.5,3,0.075,"random",10,500,0,0,2.52079167577904,0,0,0,0,0,0,0
342,3,"ifeval_like","strong",2.5,3,2.5,3,0.075,"random",10,500,0,0,2.58580851613078,0,0,0,0,0,0,0
343,3,"ifeval_like","strong",2.5,3,2.5,3,0.075,"random",10,500,0,0,2.72049586859066,0,0,0,0,0,0,0
344,3,"ifeval_like","strong",2.5,3,2.5,3,0.075,"random",10,500,0,0,2.92357773357071,0,0,0,0,0,0,0
345,3,"ifeval_like","strong",2.5,3,2.5,3,0.075,"random",10,500,0,0,2.54497453442309,0,-2.51632579276338,2.56039084354416,0,0,0,0
346,3,"ifeval_like","strong",2.5,3,2.5,3,0.075,"random",10,500,0,0,2.6426581350388,0,0,0,0,0,0,0
347,3,"ifeval_like","strong",2.5,3,2.5,3,0.075,"random",10,500,0,0,2.83380120317452,0,0,0,0,0,0,0
348,3,"ifeval_like","strong",2.5,3,2.5,3,0.075,"random",10,500,0,0,2.69183185009751,0,0,0,0,0,0,0
349,3,"ifeval_like","strong",2.5,3,2.5,3,0.075,"random",10,500,0,0,2.67606295575388,0,0,0,0,0,0,0
350,3,"ifeval_like","strong",2.5,3,2.5,3,0.075,"random",10,500,0,0,2.72795847244561,0,0,0,0,0,0,0
351,3,"ifeval_like","strong",2.5,3,2.5,3,0.075,"random",10,500,0,0,2.54596087278333,0,0,0,0,0,0,0
352,3,"ifeval_like","strong",2.5,3,2.5,3,0.075,"random",10,500,0,0,2.8202362486627,0,0,2.78870249353349,-2.61039585724939,0,0,0
353,3,"ifeval_like","strong",2.5,3,2.5,3,0.075,"random",10,500,0,-2.66309198387899,2.58315266319551,0,0,0,0,0,0,0
354,4,"ifeval_like","strong",2.5,3,2.5,3,0.075,"random",10,500,0,0,0,2.94598274701275,0,0,0,0,0,0
355,4,"ifeval_like","strong",2.5,3,2.5,3,0.075,"random",10,500,0,0,0,2.82802371075377,0,0,0,0,0,2.89279052452184
356,4,"ifeval_like","strong",2.5,3,2.5,3,0.075,"random",10,500,0,0,0,2.95962342154235,0,0,0,0,0,0
357,4,"ifeval_like","strong",2.5,3,2.5,3,0.075,"random",10,500,0,0,0,2.94983045349363,2.51217910158448,0,0,0,0,0
358,4,"ifeval_like","strong",2.5,3,2.5,3,0.075,"random",10,500,0,0,0,2.83231835765764,0,2.73667255160399,0,-2.95673020253889,0,0
359,4,"ifeval_like","strong",2.5,3,2.5,3,0.075,"random",10,500,0,0,0,2.75473427469842,0,0,0,0,0,0
360,4,"ifeval_like","strong",2.5,3,2.5,3,0.075,"random",10,500,0,0,0,2.86587373982184,0,0,0,0,0,0
361,4,"ifeval_like","strong",2.5,3,2.5,3,0.075,"random",10,500,0,0,0,2.98272655508481,0,0,0,0,0,0
362,4,"ifeval_like","strong",2.5,3,2.5,3,0.075,"random",10,500,0,0,2.66466550831683,2.77435246948153,0,0,-2.95334053435363,0,0,0
363,4,"ifeval_like","strong",2.5,3,2.5,3,0.075,"random",10,500,0,0,0,2.69407134864014,0,0,0,0,-2.83947331109084,0
364,4,"ifeval_like","strong",2.5,3,2.5,3,0.075,"random",10,500,0,0,0,2.60884611296933,0,0,0,0,0,0
365,4,"ifeval_like","strong",2.5,3,2.5,3,0.075,"random",10,500,0,0,0,2.87502072460484,0,0,0,0,0,-2.82188128365669
366,4,"ifeval_like","strong",2.5,3,2.5,3,0.075,"random",10,500,0,0,0,2.66015446162783,0,0,0,0,0,0
367,4,"ifeval_like","strong",2.5,3,2.5,3,0.075,"random",10,500,0,0,0,2.84128990827594,0,0,2.873316581361,0,0,0
368,4,"ifeval_like","strong",2.5,3,2.5,3,0.075,"random",10,500,-2.7747162260348,0,0,2.69646261015441,0,0,0,0,0,0
369,4,"ifeval_like","strong",2.5,3,2.5,3,0.075,"random",10,500,0,0,0,2.68251304363366,0,2.67935242317617,0,2.66556026961189,0,0
370,4,"ifeval_like","strong",2.5,3,2.5,3,0.075,"random",10,500,0,0,-2.67148084880318,2.77911401644815,0,0,0,0,0,-2.76917043142021
371,4,"ifeval_like","strong",2.5,3,2.5,3,0.075,"random",10,500,0,0,0,2.77357330161612,2.6360369931208,0,0,0,0,0
372,4,"ifeval_like","strong",2.5,3,2.5,3,0.075,"random",10,500,0,0,0,2.98021738242824,0,0,-2.55683595337905,0,0,0
373,4,"ifeval_like","strong",2.5,3,2.5,3,0.075,"random",10,500,0,0,0,2.7506294392515,0,0,0,0,0,0
374,4,"ifeval_like","strong",2.5,3,2.5,3,0.075,"random",10,500,0,0,0,2.96211195655633,0,0,0,0,0,0
375,4,"ifeval_like","strong",2.5,3,2.5,3,0.075,"random",10,500,0,0,0,2.97452303359751,0,0,0,0,2.9731512949802,0
376,4,"ifeval_like","strong",2.5,3,2.5,3,0.075,"random",10,500,0,-2.50511147349607,0,2.8500522832619,0,0,0,0,0,0
377,4,"ifeval_like","strong",2.5,3,2.5,3,0.075,"random",10,500,0,-2.94371300900821,0,2.74758005246986,0,0,0,0,0,0
378,4,"ifeval_like","strong",2.5,3,2.5,3,0.075,"random",10,500,0,0,0,2.52801211283077,0,0,0,0,0,0
379,4,"ifeval_like","strong",2.5,3,2.5,3,0.075,"random",10,500,2.94711394282058,0,0,2.58102525223512,0,0,0,0,0,0
380,4,"ifeval_like","strong",2.5,3,2.5,3,0.075,"random",10,500,0,0,0,2.91975496662781,0,0,2.98244101519231,0,0,0
381,4,"ifeval_like","strong",2.5,3,2.5,3,0.075,"random",10,500,2.93935454462189,0,0,2.55769182287622,0,0,0,0,0,0
382,4,"ifeval_like","strong",2.5,3,2.5,3,0.075,"random",10,500,0,2.54855752817821,0,2.70286083000246,2.77513526857365,0,0,0,0,0
383,4,"ifeval_like","strong",2.5,3,2.5,3,0.075,"random",10,500,0,0,0,2.54763218702283,-2.50550479302183,0,0,0,0,0
384,4,"ifeval_like","strong",2.5,3,2.5,3,0.075,"random",10,500,0,0,0,2.7475368399173,0,2.73259770835284,0,0,0,0
385,4,"ifeval_like","strong",2.5,3,2.5,3,0.075,"random",10,500,0,0,0,2.53149083256721,0,0,0,0,0,0
386,4,"ifeval_like","strong",2.5,3,2.5,3,0.075,"random",10,500,0,0,0,2.98900894494727,0,0,0,0,0,0
387,4,"ifeval_like","strong",2.5,3,2.5,3,0.075,"random",10,500,0,0,0,2.66248833376449,0,0,0,0,0,0
388,4,"ifeval_like","strong",2.5,3,2.5,3,0.075,"random",10,500,0,0,0,2.88856938562822,0,0,0,0,0,0
389,4,"ifeval_like","strong",2.5,3,2.5,3,0.075,"random",10,500,2.69710840354674,0,2.51401867112145,2.63530457392335,0,0,0,0,0,0
390,4,"ifeval_like","strong",2.5,3,2.5,3,0.075,"random",10,500,0,0,0,2.50861904397607,0,0,0,0,0,0
391,5,"ifeval_like","strong",2.5,3,2.5,3,0.075,"random",10,500,0,0,2.76050398743246,0,2.98036546795629,0,0,2.72871767205652,0,0
392,5,"ifeval_like","strong",2.5,3,2.5,3,0.075,"random",10,500,0,0,0,2.94739250210114,2.66149702994153,0,-2.85680565203074,0,0,0
393,5,"ifeval_like","strong",2.5,3,2.5,3,0.075,"random",10,500,0,0,2.88076263107359,0,2.62482116080355,0,0,0,0,0
394,5,"ifeval_like","strong",2.5,3,2.5,3,0.075,"random",10,500,0,0,0,0,2.91102076217066,0,0,-2.60571326350328,2.9519236421911,0
395,5,"ifeval_like","strong",2.5,3,2.5,3,0.075,"random",10,500,0,0,0,0,2.72380020457786,0,0,0,0,0
396,5,"ifeval_like","strong",2.5,3,2.5,3,0.075,"random",10,500,0,0,0,0,2.80892399745062,0,0,0,0,0
397,5,"ifeval_like","strong",2.5,3,2.5,3,0.075,"random",10,500,0,0,0,0,2.76893943175673,0,0,0,0,0
398,5,"ifeval_like","strong",2.5,3,2.5,3,0.075,"random",10,500,-2.85926520894282,0,0,0,2.86970857949927,0,0,0,0,0
399,5,"ifeval_like","strong",2.5,3,2.5,3,0.075,"random",10,500,0,0,0,0,2.72341044759378,0,0,0,0,0
400,5,"ifeval_like","strong",2.5,3,2.5,3,0.075,"random",10,500,0,0,0,0,2.91236598428804,0,0,0,0,0
401,5,"ifeval_like","strong",2.5,3,2.5,3,0.075,"random",10,500,0,0,0,0,2.89508382871281,0,0,0,0,0
402,5,"ifeval_like","strong",2.5,3,2.5,3,0.075,"random",10,500,0,0,0,0,2.54251989186741,0,0,0,0,0
403,5,"ifeval_like","strong",2.5,3,2.5,3,0.075,"random",10,500,0,0,0,0,2.56901948805898,0,0,0,0,0
404,5,"ifeval_like","strong",2.5,3,2.5,3,0.075,"random",10,500,0,0,0,0,2.962999364594,0,0,0,0,0
405,5,"ifeval_like","strong",2.5,3,2.5,3,0.075,"random",10,500,0,0,0,0,2.840693141683,0,0,0,0,0
406,5,"ifeval_like","strong",2.5,3,2.5,3,0.075,"random",10,500,0,0,0,0,2.72899580048397,0,0,0,0,0
407,5,"ifeval_like","strong",2.5,3,2.5,3,0.075,"random",10,500,0,0,0,0,2.95129760552663,0,0,0,0,0
408,5,"ifeval_like","strong",2.5,3,2.5,3,0.075,"random",10,500,0,0,0,0,2.9649928919971,0,-2.91674515244085,0,0,0
409,5,"ifeval_like","strong",2.5,3,2.5,3,0.075,"random",10,500,0,0,0,0,2.74770350754261,0,0,0,0,0
410,5,"ifeval_like","strong",2.5,3,2.5,3,0.075,"random",10,500,0,0,0,0,2.8941236223327,0,0,0,-2.97507557563949,0
411,5,"ifeval_like","strong",2.5,3,2.5,3,0.075,"random",10,500,0,0,-2.70134305278771,0,2.73592749657109,0,0,0,0,0
412,5,"ifeval_like","strong",2.5,3,2.5,3,0.075,"random",10,500,0,0,0,0,2.55528804718051,0,0,0,0,0
413,5,"ifeval_like","strong",2.5,3,2.5,3,0.075,"random",10,500,0,0,0,0,2.76012330956291,0,0,0,0,0
414,5,"ifeval_like","strong",2.5,3,2.5,3,0.075,"random",10,500,0,0,0,0,2.65014993550722,0,0,0,0,0
415,5,"ifeval_like","strong",2.5,3,2.5,3,0.075,"random",10,500,0,0,0,0,2.81595516961534,2.85335992113687,0,0,0,0
416,5,"ifeval_like","strong",2.5,3,2.5,3,0.075,"random",10,500,-2.85908400488552,-2.87094838300254,0,0,2.55195690924302,0,0,0,0,0
417,5,"ifeval_like","strong",2.5,3,2.5,3,0.075,"random",10,500,0,0,2.50388882309198,0,2.71977459080517,0,0,0,0,0
418,5,"ifeval_like","strong",2.5,3,2.5,3,0.075,"random",10,500,0,0,0,-2.55451711348724,2.61723945371341,0,0,0,0,0
419,6,"ifeval_like","strong",2.5,3,2.5,3,0.075,"random",10,500,0,0,0,0,0,2.81249152414966,0,0,0,0
420,6,"ifeval_like","strong",2.5,3,2.5,3,0.075,"random",10,500,0,0,0,0,-2.97620222053956,2.94635439291596,0,0,0,0
421,6,"ifeval_like","strong",2.5,3,2.5,3,0.075,"random",10,500,0,0,0,0,0,2.83229045534972,0,0,0,0
422,6,"ifeval_like","strong",2.5,3,2.5,3,0.075,"random",10,500,0,0,0,0,0,2.53442998777609,0,0,0,0
423,6,"ifeval_like","strong",2.5,3,2.5,3,0.075,"random",10,500,2.97493944037706,0,0,0,0,2.76289041957352,0,0,0,0
424,6,"ifeval_like","strong",2.5,3,2.5,3,0.075,"random",10,500,0,0,0,0,0,2.7764719693223,0,0,0,0
425,6,"ifeval_like","strong",2.5,3,2.5,3,0.075,"random",10,500,0,0,0,0,0,2.67830389423762,0,0,0,0
426,6,"ifeval_like","strong",2.5,3,2.5,3,0.075,"random",10,500,0,0,0,0,0,2.52357045316603,0,0,0,0
427,6,"ifeval_like","strong",2.5,3,2.5,3,0.075,"random",10,500,0,2.8064716263907,0,0,0,2.63437169336248,0,0,0,0
428,6,"ifeval_like","strong",2.5,3,2.5,3,0.075,"random",10,500,0,0,0,0,0,2.82382712408435,0,-2.91999904462136,0,0
429,6,"ifeval_like","strong",2.5,3,2.5,3,0.075,"random",10,500,0,0,0,0,2.83525809459388,2.91095284873154,0,0,0,0
430,6,"ifeval_like","strong",2.5,3,2.5,3,0.075,"random",10,500,0,0,0,0,0,2.7374713323079,0,0,0,0
431,6,"ifeval_like","strong",2.5,3,2.5,3,0.075,"random",10,500,0,0,0,0,0,2.86502938985359,0,0,0,0
432,6,"ifeval_like","strong",2.5,3,2.5,3,0.075,"random",10,500,0,0,0,0,0,2.70710269163828,0,0,0,0
433,6,"ifeval_like","strong",2.5,3,2.5,3,0.075,"random",10,500,0,0,0,0,0,2.51239371392876,0,0,0,0
434,6,"ifeval_like","strong",2.5,3,2.5,3,0.075,"random",10,500,0,0,0,0,2.63024441374,2.71259281015955,2.62270635005552,0,0,0
435,6,"ifeval_like","strong",2.5,3,2.5,3,0.075,"random",10,500,0,0,0,0,0,2.83556365955155,0,0,0,0
436,6,"ifeval_like","strong",2.5,3,2.5,3,0.075,"random",10,500,0,0,0,0,0,2.72587210556958,0,0,0,0
437,6,"ifeval_like","strong",2.5,3,2.5,3,0.075,"random",10,500,0,0,0,0,0,2.80633050471079,0,0,0,0
438,6,"ifeval_like","strong",2.5,3,2.5,3,0.075,"random",10,500,0,0,0,0,0,2.82301450637169,0,0,0,0
439,6,"ifeval_like","strong",2.5,3,2.5,3,0.075,"random",10,500,0,0,0,0,0,2.74226295319386,0,-2.87878890708089,0,0
440,6,"ifeval_like","strong",2.5,3,2.5,3,0.075,"random",10,500,0,0,2.58416451874655,0,0,2.65906047588214,0,0,0,0
441,7,"ifeval_like","strong",2.5,3,2.5,3,0.075,"random",10,500,-2.67070833395701,0,0,0,0,0,2.88665660587139,0,0,0
442,7,"ifeval_like","strong",2.5,3,2.5,3,0.075,"random",10,500,0,0,0,0,0,0,2.69221363705583,0,0,0
443,7,"ifeval_like","strong",2.5,3,2.5,3,0.075,"random",10,500,-2.88641285547055,0,0,0,0,0,2.62294213206042,0,0,0
444,7,"ifeval_like","strong",2.5,3,2.5,3,0.075,"random",10,500,0,0,0,0,0,0,2.59697615390178,0,0,2.92569407552946
445,7,"ifeval_like","strong",2.5,3,2.5,3,0.075,"random",10,500,0,0,0,0,0,0,2.51108898501843,0,0,0
446,7,"ifeval_like","strong",2.5,3,2.5,3,0.075,"random",10,500,0,0,0,0,0,0,2.69203933037352,0,-2.94539701682515,0
447,7,"ifeval_like","strong",2.5,3,2.5,3,0.075,"random",10,500,0,0,0,0,0,0,2.68204348196741,2.55229436350055,0,0
448,7,"ifeval_like","strong",2.5,3,2.5,3,0.075,"random",10,500,0,0,0,0,0,0,2.54212670016568,0,-2.65779367065988,0
449,7,"ifeval_like","strong",2.5,3,2.5,3,0.075,"random",10,500,0,0,0,0,0,0,2.54991775751114,0,-2.88817479438148,0
450,7,"ifeval_like","strong",2.5,3,2.5,3,0.075,"random",10,500,0,0,0,0,2.67889779212419,0,2.97476677736267,0,0,2.85438427806366
451,7,"ifeval_like","strong",2.5,3,2.5,3,0.075,"random",10,500,0,-2.69438438140787,0,0,0,0,2.84696560585871,0,0,0
452,7,"ifeval_like","strong",2.5,3,2.5,3,0.075,"random",10,500,0,0,0,0,0,0,2.75968841416761,0,0,2.59632204868831
453,7,"ifeval_like","strong",2.5,3,2.5,3,0.075,"random",10,500,0,0,0,0,-2.92408355663065,0,2.85612727887928,0,0,0
454,7,"ifeval_like","strong",2.5,3,2.5,3,0.075,"random",10,500,0,0,0,0,0,0,2.82728865288664,0,0,0
455,7,"ifeval_like","strong",2.5,3,2.5,3,0.075,"random",10,500,0,0,0,0,0,0,2.9749465015484,0,0,0
456,7,"ifeval_like","strong",2.5,3,2.5,3,0.075,"random",10,500,0,0,0,0,0,2.51816851412877,2.52965523255989,0,0,2.70722238346934
457,7,"ifeval_like","strong",2.5,3,2.5,3,0.075,"random",10,500,0,0,0,0,0,0,2.75669233570807,0,0,0
458,7,"ifeval_like","strong",2.5,3,2.5,3,0.075,"random",10,500,0,0,0,0,0,-2.9348645490827,2.7910691028228,0,0,0
459,8,"ifeval_like","strong",2.5,3,2.5,3,0.075,"random",10,500,0,0,0,0,0,0,0,2.92533832322806,0,0
460,8,"ifeval_like","strong",2.5,3,2.5,3,0.075,"random",10,500,0,0,0,0,0,0,0,2.60987685399596,0,0
461,8,"ifeval_like","strong",2.5,3,2.5,3,0.075,"random",10,500,0,0,0,0,0,0,0,2.60839078156278,0,0
462,8,"ifeval_like","strong",2.5,3,2.5,3,0.075,"random",10,500,-2.94409256917424,0,0,0,0,0,0,2.87522660614923,0,0
463,8,"ifeval_like","strong",2.5,3,2.5,3,0.075,"random",10,500,0,0,0,0,0,0,0,2.64682604023255,0,0
464,8,"ifeval_like","strong",2.5,3,2.5,3,0.075,"random",10,500,0,0,0,0,0,0,0,2.50562620721757,0,0
465,8,"ifeval_like","strong",2.5,3,2.5,3,0.075,"random",10,500,0,0,0,0,0,0,0,2.65507495088968,-2.83589018927887,0
466,8,"ifeval_like","strong",2.5,3,2.5,3,0.075,"random",10,500,0,0,0,0,0,0,0,2.7719696231652,0,-2.9964272081852
467,8,"ifeval_like","strong",2.5,3,2.5,3,0.075,"random",10,500,0,0,2.66218368289992,0,0,0,0,2.60263077414129,0,0
468,8,"ifeval_like","strong",2.5,3,2.5,3,0.075,"random",10,500,0,0,0,0,0,0,0,2.64812724245712,0,-2.73268246336374
469,8,"ifeval_like","strong",2.5,3,2.5,3,0.075,"random",10,500,0,0,0,0,0,-2.8579591261223,0,2.73230762593448,0,0
470,8,"ifeval_like","strong",2.5,3,2.5,3,0.075,"random",10,500,0,0,0,0,2.98744754469953,0,0,2.82162364304531,0,0
471,8,"ifeval_like","strong",2.5,3,2.5,3,0.075,"random",10,500,0,0,0,0,0,0,0,2.54142524127383,0,0
472,8,"ifeval_like","strong",2.5,3,2.5,3,0.075,"random",10,500,0,0,0,0,0,0,0,2.68083812645636,-2.91039308579639,2.84261568146758
473,8,"ifeval_like","strong",2.5,3,2.5,3,0.075,"random",10,500,2.79801638936624,0,0,0,0,0,0,2.87857537576929,0,0
474,8,"ifeval_like","strong",2.5,3,2.5,3,0.075,"random",10,500,0,0,0,0,0,0,0,2.92996544786729,0,2.67065749736503
475,9,"ifeval_like","strong",2.5,3,2.5,3,0.075,"random",10,500,0,0,0,0,0,0,0,0,2.64634441095404,0
476,9,"ifeval_like","strong",2.5,3,2.5,3,0.075,"random",10,500,0,0,0,0,0,0,0,0,2.78876776609104,0
477,9,"ifeval_like","strong",2.5,3,2.5,3,0.075,"random",10,500,0,0,0,0,0,0,0,0,2.77236026735045,0
478,9,"ifeval_like","strong",2.5,3,2.5,3,0.075,"random",10,500,0,0,0,0,0,0,0,0,2.66430901584681,0
479,9,"ifeval_like","strong",2.5,3,2.5,3,0.075,"random",10,500,0,0,0,0,0,0,0,0,2.52012915327214,0
480,9,"ifeval_like","strong",2.5,3,2.5,3,0.075,"random",10,500,0,0,0,0,0,0,0,0,2.91682566620875,0
481,9,"ifeval_like","strong",2.5,3,2.5,3,0.075,"random",10,500,0,0,0,0,0,0,0,0,2.61436000326648,0
482,9,"ifeval_like","strong",2.5,3,2.5,3,0.075,"random",10,500,2.83291674149223,0,0,0,0,0,0,0,2.78378773026634,0
483,9,"ifeval_like","strong",2.5,3,2.5,3,0.075,"random",10,500,0,0,0,0,0,0,0,0,2.5608064387925,0
484,9,"ifeval_like","strong",2.5,3,2.5,3,0.075,"random",10,500,0,0,0,0,0,0,0,0,2.84596762619913,0
485,9,"ifeval_like","strong",2.5,3,2.5,3,0.075,"random",10,500,0,0,0,0,0,0,0,0,2.58146427106112,0
486,9,"ifeval_like","strong",2.5,3,2.5,3,0.075,"random",10,500,-2.53082068962976,0,0,0,0,0,2.77108866977505,0,2.93759304156993,0
487,9,"ifeval_like","strong",2.5,3,2.5,3,0.075,"random",10,500,0,0,0,0,0,0,0,-2.74872803420294,2.88600578519981,0
488,9,"ifeval_like","strong",2.5,3,2.5,3,0.075,"random",10,500,0,0,-2.89846779580694,0,0,0,0,2.73850168625358,2.56838860234711,0
489,10,"ifeval_like","strong",2.5,3,2.5,3,0.075,"random",10,500,0,-2.79572134569753,0,0,0,0,0,0,0,2.56825217825826
490,10,"ifeval_like","strong",2.5,3,2.5,3,0.075,"random",10,500,0,0,0,0,0,0,0,0,0,2.71238384081516
491,10,"ifeval_like","strong",2.5,3,2.5,3,0.075,"random",10,500,0,0,0,0,2.57429180352483,0,0,0,0,2.62025715725031
492,10,"ifeval_like","strong",2.5,3,2.5,3,0.075,"random",10,500,0,0,0,0,0,0,0,-2.85300613380969,0,2.57122249214444
493,10,"ifeval_like","strong",2.5,3,2.5,3,0.075,"random",10,500,0,0,0,0,0,0,0,0,0,2.55683449446224
494,10,"ifeval_like","strong",2.5,3,2.5,3,0.075,"random",10,500,0,0,0,0,0,0,0,0,0,2.71954374294728
495,10,"ifeval_like","strong",2.5,3,2.5,3,0.075,"random",10,500,0,0,0,0,0,0,0,0,0,2.59814465709496
496,10,"ifeval_like","strong",2.5,3,2.5,3,0.075,"random",10,500,0,0,0,2.88251726992894,0,0,-2.95972930360585,0,0,2.60752741328906
497,10,"ifeval_like","strong",2.5,3,2.5,3,0.075,"random",10,500,0,0,0,0,0,0,0,0,0,2.90390545374248
498,10,"ifeval_like","strong",2.5,3,2.5,3,0.075,"random",10,500,0,0,0,0,0,0,0,0,0,2.90614125877619
499,10,"ifeval_like","strong",2.5,3,2.5,3,0.075,"random",10,500,0,0,0,0,0,0,-2.99009661842138,0,0,2.84131059667561
500,10,"ifeval_like","strong",2.5,3,2.5,3,0.075,"random",10,500,0,0,0,0,-2.9832372488454,0,0,0,0,2.60093343921471
