"factor","component","weight","mean","variance","sd"
"F1",1,0.657433352510775,-0.93132499397761,0.0822921686061541,0.286866116169467
"F1",2,0.160042454171505,0.176156829924794,0.101008911657602,0.317818991971219
"F1",3,0.18252419331772,1.48529432799711,0.16801011892371,0.409890374275501
"F2",1,0.270615882413851,-1.32363319864756,0.0556463795574236,0.235894848518198
"F2",2,0.18452416150553,0.135515462225565,0.106733541893118,0.32670099769226
"F2",3,0.544859956080619,0.94796787509157,0.05,0.223606797749979
"F3",1,0.419497494102453,-0.508252017203806,1.11774347838849,1.05723388064727
"F3",2,0.196181044829351,0.0803943614993422,0.0860658523889978,0.293369821878457
"F3",3,0.384321461068196,0.631922872207135,0.348596016427348,0.590420203268273
