"method","H","effective_df","mean_heldout_loglik_per_response","sd_heldout_loglik_per_response","se_heldout_loglik_per_response","mean_train_loglik_per_response","sd_train_loglik_per_response","se_train_loglik_per_response","mean_heldout_bic","sd_heldout_bic","se_heldout_bic","mean_training_bic","sd_training_bic","se_training_bic","best_H","selected_by_one_se","one_se_threshold","mean_fit_seconds","selected_by_heldout_bic","selected_by_training_bic"
"mixture_probit_G2",1,1127,-0.299247584832924,0.00367023053622713,0.00211900858807872,-0.271031425094699,0.00173484503249323,0.00100161324651225,23349.7536616509,228.664517492331,132.019520728313,34005.2276633044,220.795758346381,127.476490517211,FALSE,FALSE,-0.280076090312494,2.59133333333333,TRUE,TRUE
"mixture_probit_G2",2,1754,-0.280524387765454,0.00306910977943954,0.00177195135733193,-0.237132905985367,0.00114741201545825,0.000662458635996232,28807.6567658984,156.52162752619,90.3678037862443,37902.4318538549,154.053045096816,88.942567056128,FALSE,FALSE,-0.280076090312494,2.75466666666667,FALSE,FALSE
"mixture_probit_G2",3,2381,-0.276161109432716,0.00678094579443483,0.00391498087977721,-0.217882885416855,0.00281077259255629,0.0016228003129432,34851.1520073804,360.495053553466,208.131916210622,42991.5604221936,295.48777882038,170.599948644191,TRUE,TRUE,-0.280076090312494,3.285,FALSE,FALSE
"mixture_probit_G2",4,3008,-0.282085817662756,0.00938428291818465,0.00541801826896551,-0.204468038784349,0.00216338242938222,0.00124902942796393,41312.0982014462,458.577818772048,264.760027112434,48554.8805996577,247.958894263818,143.159134351177,FALSE,FALSE,-0.280076090312494,4.01366666666667,FALSE,FALSE
"mixture_probit_G2",5,3635,-0.29326926861891,0.00864959551557756,0.00499384629930008,-0.191206458117818,0.00256295774124307,0.00147972434182832,47986.9985114125,455.443168876452,262.950236151396,54130.713466035,269.941212710673,155.850631823881,FALSE,FALSE,-0.280076090312494,4.307,FALSE,FALSE
"mixture_probit_G2",6,4262,-0.298869179881612,0.00423353472519136,0.00244423241321286,-0.179983270179509,0.00192013146770232,0.0011085884197574,54433.8738393704,291.935597860659,168.549096010886,59872.2936476851,224.146000250568,129.410753582443,FALSE,FALSE,-0.280076090312494,5.03466666666666,FALSE,FALSE
"mixture_probit_G2",7,4889,-0.309173468893822,0.00650648494563715,0.00375652083484185,-0.169128622555834,0.00232749168240812,0.00134377794937494,61073.2358846659,394.687882837352,227.873155402029,65643.9187262044,249.848359080103,144.250017371484,FALSE,FALSE,-0.280076090312494,5.78833333333333,FALSE,FALSE
"mixture_probit_G2",8,5516,-0.321791596710803,0.00429642552478147,0.00248054243328576,-0.159342766770114,0.00143503815566456,0.000828519665470315,67805.3675486631,275.408159954244,159.006975286603,71502.3479576795,184.135042921288,106.310416597849,FALSE,FALSE,-0.280076090312494,6.98400000000001,FALSE,FALSE
"mixture_probit_G2",9,6143,-0.344799987148364,0.00637610020531767,0.00368124316992018,-0.148862744255667,0.00320251189622843,0.00184897110537046,74959.741793104,219.960794430147,126.994423875409,77304.6439427786,316.528507389555,182.74781894755,FALSE,FALSE,-0.280076090312494,8.46166666666667,FALSE,FALSE
"mixture_probit_G2",10,6770,-0.354551928587524,0.00875251047584668,0.0050532642793151,-0.140264102585009,0.00265487984538802,0.00153279559340089,81578.2552902909,493.098807396107,284.690729187226,83259.7548109197,281.883858878496,162.74572180371,FALSE,FALSE,-0.280076090312494,9.82066666666667,FALSE,FALSE
"mixture_probit_G3",1,1130,-0.299166726639826,0.00362626816222607,0.00209362689961499,-0.271011680647776,0.00176227818870899,0.00101745178663814,23376.2215897554,227.176222720129,131.160253340949,34035.464431408,222.736532225824,128.596996838943,FALSE,FALSE,-0.278874368436001,2.66633333333333,TRUE,TRUE
"mixture_probit_G3",2,1760,-0.280799014922561,0.00305894085914165,0.00176608032846058,-0.237115509480327,0.00106659896138061,0.000615801197470473,28878.3044152223,151.107001631585,87.2416680684328,37964.6851030427,147.872121904686,85.3740093873115,FALSE,FALSE,-0.278874368436001,3.008,FALSE,FALSE
"mixture_probit_G3",3,2390,-0.275621115286984,0.00563479974398145,0.00325325314901733,-0.21779584232935,0.00291442200494476,0.00168264232908703,34918.1785587611,307.331518439075,177.437934901257,43079.9928637471,301.487104899201,174.063661170754,TRUE,TRUE,-0.278874368436001,3.43366666666667,FALSE,FALSE
"mixture_probit_G3",4,3020,-0.281718766333834,0.00799293344624528,0.00461472227680447,-0.204453063982901,0.0022983569694399,0.00132695701499998,41415.9971648551,401.642542938299,231.888430283433,48681.0474266079,258.954746381371,149.507592531216,FALSE,FALSE,-0.278874368436001,4.142,FALSE,FALSE
"mixture_probit_G3",5,3650,-0.293138427478353,0.00712105631483468,0.00411134378028429,-0.191520738173808,0.00257209383342203,0.00148499906710719,48130.390581102,405.709560480543,234.236523956246,54315.4728874832,270.715668663193,156.297764176544,FALSE,FALSE,-0.278874368436001,4.48166666666667,FALSE,FALSE
"mixture_probit_G3",6,4280,-0.297979244990864,0.000823922926022555,0.000475692123130626,-0.180028838193847,0.00224247713673719,0.0012946947785468,54575.5134566986,144.089966888206,83.1903811704299,60067.0624604278,246.34088335274,142.224975316114,FALSE,FALSE,-0.278874368436001,5.35366666666667,FALSE,FALSE
"mixture_probit_G3",7,4910,-0.306568181204099,0.00257330428152121,0.00148569791964309,-0.17015875511954,0.00219596334701978,0.00126784002953242,61174.8127049878,233.450033681381,134.782439788273,65950.6215246756,246.83589113143,142.510768190392,FALSE,FALSE,-0.278874368436001,5.679,FALSE,FALSE
"mixture_probit_G3",8,5540,-0.314832081535577,0.00174945307745438,0.00101004720520291,-0.159621284455546,0.00117795568679679,0.000680093032865579,67760.1372005973,181.946060676518,105.04660710958,71779.6698587739,164.180728382171,94.7897877271951,FALSE,FALSE,-0.278874368436001,7.50033333333334,FALSE,FALSE
"mixture_probit_G3",9,6170,-0.330985966016002,0.0046964779234463,0.00271151279334486,-0.149127593768576,0.00252393182288674,0.00145719271735992,74665.5459316429,48.117793117347,27.780820809111,77612.6142639299,259.968649696937,150.09296988339,FALSE,FALSE,-0.278874368436001,8.82166666666667,FALSE,FALSE
"mixture_probit_G3",10,6800,-0.352003223546691,0.00752147660850952,0.00434252654462645,-0.140752942922573,0.00223292240546577,0.00128917835187521,81772.2018071085,456.824915804766,263.74798811241,83617.7491270892,239.458933006146,138.251679430959,FALSE,FALSE,-0.278874368436001,10.1886666666667,FALSE,FALSE
"ordinary_probit_factor",1,1122,-0.299607894730473,0.00316920762194568,0.00182974287364815,-0.269466947541675,0.00185413649740125,0.00107048620588892,23314.758925626,211.71124068948,122.231541802541,33824.9237182876,227.632588406983,131.423736193103,FALSE,FALSE,-0.283362177868444,2.77433333333333,TRUE,TRUE
"ordinary_probit_factor",2,1744,-0.284909479860174,0.00390357701045921,0.00225373123779106,-0.235457755451891,0.0018693249890128,0.00107925528560943,28887.1504218411,221.064200389122,127.631475602849,37659.8376219978,156.153124157781,90.155048267296,FALSE,FALSE,-0.283362177868444,3.107,FALSE,FALSE
"ordinary_probit_factor",3,2366,-0.279247600722885,0.00712665666777035,0.00411457714555926,-0.214988237292009,0.00288935750467089,0.0016681713331068,34827.8917395227,373.17554464021,215.453001153011,42597.0170034895,307.707010959837,177.654725609197,TRUE,TRUE,-0.283362177868444,3.33966666666667,FALSE,FALSE
"ordinary_probit_factor",4,2988,-0.2844861780179,0.00407633957057788,0.00235347574838147,-0.198929562705746,0.00362621131976965,0.00209359408160748,41210.7271436005,260.941855749215,150.65485065965,47892.4199502051,363.4365092683,209.830166459391,FALSE,FALSE,-0.283362177868444,3.569,FALSE,FALSE
"ordinary_probit_factor",5,3610,-0.295100806132501,0.00501578603469897,0.00289586541733102,-0.18586494669503,0.00187527069770161,0.00108268804212144,47812.9339147438,317.838744321154,183.504284592711,53430.7453975121,202.01625063636,116.634136685581,FALSE,FALSE,-0.283362177868444,3.54533333333333,FALSE,FALSE
"ordinary_probit_factor",6,4232,-0.309095198407551,0.00911721198283092,0.00526382479254632,-0.172115987373111,0.00245506375728909,0.00141743172114855,54553.1268581329,495.743660664123,286.217735933482,58914.1363479088,265.775979704029,153.445833426258,FALSE,FALSE,-0.283362177868444,3.593,FALSE,FALSE
"ordinary_probit_factor",7,4854,-0.323669133603124,0.00918215178625606,0.00530131780553494,-0.16046979885023,0.00214050850750233,0.00123582316300915,61315.983849527,502.621749112089,290.188802150425,64568.1516123102,229.530849169883,132.519697555555,FALSE,FALSE,-0.283362177868444,3.65166666666667,FALSE,FALSE
"ordinary_probit_factor",8,5476,-0.3425300450559,0.00762816599204486,0.00440412368893025,-0.149929322899563,0.00204602880168604,0.00118127527942316,68251.8037111594,368.375344170002,212.681604119372,70312.31393763,230.550306652607,133.108281607634,FALSE,FALSE,-0.283362177868444,3.85166666666666,FALSE,FALSE
"ordinary_probit_factor",9,6098,-0.358663735345821,0.00450597690883479,0.002601526981278,-0.140352852597999,0.00200671971176932,0.00115858016577815,75077.8279104246,241.628107305657,139.504052796701,76134.8155205314,228.103319703512,131.69551303387,FALSE,FALSE,-0.283362177868444,4.097,FALSE,FALSE
"ordinary_probit_factor",10,6720,-0.370081259711168,0.0130454880665519,0.00753181604693379,-0.13105861321215,0.00245541012768323,0.00141763169818884,81714.980442224,692.978682002064,400.091428596564,81980.3589554869,263.97112492476,152.403800033599,FALSE,FALSE,-0.283362177868444,4.02866666666667,FALSE,FALSE
