"factor","group","n_models","prop_models","mean","sd","weight"
"F1",1,23,0.188524590163934,0.979219981699337,0.272396975414006,0.598105518749651
"F1",2,22,0.180327868852459,0.0492008540955823,0.388222512567065,0.208845748754311
"F1",3,77,0.631147540983607,-1.42716346288962,0.428829377191544,0.193048732496038
"F2",1,69,0.565573770491803,1.32344530582911,0.235962685629747,0.270714801519787
"F2",2,20,0.163934426229508,-0.10400674028812,0.310191638382015,0.174061982406502
"F2",3,33,0.270491803278689,-0.94313608333939,0.223606797749979,0.555223216073711
"F3",1,22,0.180327868852459,-1.3690275616887,0.818551417631975,0.230320067758811
"F3",2,57,0.467213114754098,-0.0402366358914049,0.315351474587143,0.422622877554401
"F3",3,43,0.352459016393443,0.902179511712944,0.286392359827666,0.347057054686787
