"item","block","H","p","p_master","loading_seed","block_size_mode","primary_loading_min","primary_loading_max","cross_loading_min","cross_loading_max","cross_loading_prob","F1","F2","F3","F4","F5","F6","F7","F8","F9","F10"
1,1,10,1000,2000,21271531,"ifeval_min30",2,3,2,3,0.05,2.06372063537128,0,0,0,0,0,0,0,0,0
2,1,10,1000,2000,21271531,"ifeval_min30",2,3,2,3,0.05,2.14788222429343,0,0,0,0,0,0,0,0,2.24008101737127
3,1,10,1000,2000,21271531,"ifeval_min30",2,3,2,3,0.05,2.70178504684009,0,0,0,0,0,0,2.17381298402324,0,-2.28677527769469
4,1,10,1000,2000,21271531,"ifeval_min30",2,3,2,3,0.05,2.19517084769905,0,0,0,0,0,0,0,0,0
5,1,10,1000,2000,21271531,"ifeval_min30",2,3,2,3,0.05,2.69649382843636,0,0,0,0,0,0,0,0,0
6,1,10,1000,2000,21271531,"ifeval_min30",2,3,2,3,0.05,2.76632742304355,0,0,0,0,0,0,0,0,0
7,1,10,1000,2000,21271531,"ifeval_min30",2,3,2,3,0.05,2.6885175970383,0,0,0,0,0,0,0,0,0
8,1,10,1000,2000,21271531,"ifeval_min30",2,3,2,3,0.05,2.63658566656522,0,0,0,0,0,0,0,0,2.17968451487832
9,1,10,1000,2000,21271531,"ifeval_min30",2,3,2,3,0.05,2.65486196195707,0,0,-2.17755554406904,0,0,0,0,0,0
10,1,10,1000,2000,21271531,"ifeval_min30",2,3,2,3,0.05,2.90124405291863,0,0,0,0,0,0,0,0,0
11,1,10,1000,2000,21271531,"ifeval_min30",2,3,2,3,0.05,2.79375139740296,0,0,0,0,0,0,0,0,0
12,1,10,1000,2000,21271531,"ifeval_min30",2,3,2,3,0.05,2.85298008029349,0,0,0,0,0,0,0,0,0
13,1,10,1000,2000,21271531,"ifeval_min30",2,3,2,3,0.05,2.32924255984835,0,0,0,0,0,0,0,0,0
14,1,10,1000,2000,21271531,"ifeval_min30",2,3,2,3,0.05,2.24575785710476,0,0,0,0,0,0,0,0,0
15,1,10,1000,2000,21271531,"ifeval_min30",2,3,2,3,0.05,2.3778336988762,2.25857808021829,0,0,0,0,0,0,0,0
16,1,10,1000,2000,21271531,"ifeval_min30",2,3,2,3,0.05,2.54990975395776,0,0,0,0,0,0,0,0,0
17,1,10,1000,2000,21271531,"ifeval_min30",2,3,2,3,0.05,2.69902475737035,0,0,0,0,0,0,0,0,0
18,1,10,1000,2000,21271531,"ifeval_min30",2,3,2,3,0.05,2.92431185790338,0,0,0,0,0,0,0,0,0
19,1,10,1000,2000,21271531,"ifeval_min30",2,3,2,3,0.05,2.04503439180553,0,0,0,0,0,0,-2.25204481114633,0,0
20,1,10,1000,2000,21271531,"ifeval_min30",2,3,2,3,0.05,2.38157784775831,0,-2.38735066819936,0,0,0,0,0,0,0
21,1,10,1000,2000,21271531,"ifeval_min30",2,3,2,3,0.05,2.08335845917463,0,0,0,0,0,0,0,0,0
22,1,10,1000,2000,21271531,"ifeval_min30",2,3,2,3,0.05,2.8186937100254,0,0,0,0,0,0,0,0,0
23,1,10,1000,2000,21271531,"ifeval_min30",2,3,2,3,0.05,2.08572770445608,0,0,0,0,0,0,0,0,0
24,1,10,1000,2000,21271531,"ifeval_min30",2,3,2,3,0.05,2.45017107855529,0,0,0,0,0,0,0,0,0
25,1,10,1000,2000,21271531,"ifeval_min30",2,3,2,3,0.05,2.90166237973608,0,0,0,0,0,0,0,0,0
26,1,10,1000,2000,21271531,"ifeval_min30",2,3,2,3,0.05,2.00139517569914,0,0,0,0,0,0,0,0,0
27,1,10,1000,2000,21271531,"ifeval_min30",2,3,2,3,0.05,2.8199530930724,-2.46111643034965,0,0,2.27666920912452,0,0,0,0,0
28,1,10,1000,2000,21271531,"ifeval_min30",2,3,2,3,0.05,2.89942541066557,0,0,0,0,0,0,0,0,0
29,1,10,1000,2000,21271531,"ifeval_min30",2,3,2,3,0.05,2.24543630005792,0,-2.80781679274514,0,0,0,0,0,0,0
30,1,10,1000,2000,21271531,"ifeval_min30",2,3,2,3,0.05,2.21647497522645,0,0,0,0,0,0,0,0,0
31,1,10,1000,2000,21271531,"ifeval_min30",2,3,2,3,0.05,2.40118971373886,0,0,0,0,0,0,0,2.21775331441313,0
32,1,10,1000,2000,21271531,"ifeval_min30",2,3,2,3,0.05,2.90439732582308,0,0,0,0,0,0,0,0,0
33,1,10,1000,2000,21271531,"ifeval_min30",2,3,2,3,0.05,2.20165627123788,0,0,0,0,0,0,0,0,0
34,1,10,1000,2000,21271531,"ifeval_min30",2,3,2,3,0.05,2.0793991216924,0,0,0,0,0,0,0,0,0
35,1,10,1000,2000,21271531,"ifeval_min30",2,3,2,3,0.05,2.80979411536828,0,0,0,0,0,0,0,0,0
36,1,10,1000,2000,21271531,"ifeval_min30",2,3,2,3,0.05,2.94216511282139,2.77367622917518,0,-2.41356538631953,0,0,0,0,0,0
37,1,10,1000,2000,21271531,"ifeval_min30",2,3,2,3,0.05,2.70813382253982,0,0,0,0,0,0,0,0,0
38,1,10,1000,2000,21271531,"ifeval_min30",2,3,2,3,0.05,2.42949982080609,0,0,0,0,0,0,0,0,0
39,1,10,1000,2000,21271531,"ifeval_min30",2,3,2,3,0.05,2.71086230385117,0,0,0,2.67635444994085,0,0,0,0,0
40,1,10,1000,2000,21271531,"ifeval_min30",2,3,2,3,0.05,2.14695018110797,0,0,0,-2.30613409052603,0,0,0,0,0
41,1,10,1000,2000,21271531,"ifeval_min30",2,3,2,3,0.05,2.40959860687144,0,0,0,0,0,0,2.77615182381123,0,0
42,1,10,1000,2000,21271531,"ifeval_min30",2,3,2,3,0.05,2.79303274303675,0,0,0,0,0,0,0,0,0
43,1,10,1000,2000,21271531,"ifeval_min30",2,3,2,3,0.05,2.09938778914511,0,0,0,0,0,0,0,0,0
44,1,10,1000,2000,21271531,"ifeval_min30",2,3,2,3,0.05,2.49264117958955,0,0,0,0,0,0,0,0,0
45,1,10,1000,2000,21271531,"ifeval_min30",2,3,2,3,0.05,2.75094889779575,0,0,0,0,0,0,0,0,0
46,1,10,1000,2000,21271531,"ifeval_min30",2,3,2,3,0.05,2.12283495021984,0,0,0,0,0,0,0,2.56394779006951,0
47,1,10,1000,2000,21271531,"ifeval_min30",2,3,2,3,0.05,2.71451654075645,0,0,0,0,0,0,0,0,0
48,1,10,1000,2000,21271531,"ifeval_min30",2,3,2,3,0.05,2.40234982664697,0,0,0,0,0,0,0,0,0
49,1,10,1000,2000,21271531,"ifeval_min30",2,3,2,3,0.05,2.07511230860837,0,0,0,0,0,0,0,0,0
50,1,10,1000,2000,21271531,"ifeval_min30",2,3,2,3,0.05,2.12327041313984,0,0,0,0,0,0,0,0,0
51,1,10,1000,2000,21271531,"ifeval_min30",2,3,2,3,0.05,2.0494864389766,0,0,0,0,0,0,0,0,0
52,1,10,1000,2000,21271531,"ifeval_min30",2,3,2,3,0.05,2.12230113032274,0,0,0,0,0,0,0,0,0
53,1,10,1000,2000,21271531,"ifeval_min30",2,3,2,3,0.05,2.61086880485527,0,0,0,0,0,0,0,0,0
54,1,10,1000,2000,21271531,"ifeval_min30",2,3,2,3,0.05,2.89836442819797,0,0,0,0,0,0,0,0,0
55,1,10,1000,2000,21271531,"ifeval_min30",2,3,2,3,0.05,2.90826615411788,0,0,0,0,0,0,0,0,0
56,1,10,1000,2000,21271531,"ifeval_min30",2,3,2,3,0.05,2.79101987602189,0,0,-2.72573652048595,0,0,0,0,0,0
57,1,10,1000,2000,21271531,"ifeval_min30",2,3,2,3,0.05,2.47703788802028,0,0,0,0,0,0,0,0,0
58,1,10,1000,2000,21271531,"ifeval_min30",2,3,2,3,0.05,2.79139874945395,0,-2.23075638175942,0,0,0,0,0,0,0
59,1,10,1000,2000,21271531,"ifeval_min30",2,3,2,3,0.05,2.86304188007489,0,0,0,0,0,0,0,0,0
60,1,10,1000,2000,21271531,"ifeval_min30",2,3,2,3,0.05,2.17268644133583,0,0,0,0,0,0,0,0,0
61,1,10,1000,2000,21271531,"ifeval_min30",2,3,2,3,0.05,2.75946327717975,0,0,0,0,0,0,0,0,0
62,1,10,1000,2000,21271531,"ifeval_min30",2,3,2,3,0.05,2.66026931745,0,0,0,0,0,0,0,0,0
63,1,10,1000,2000,21271531,"ifeval_min30",2,3,2,3,0.05,2.84073102311231,0,0,0,0,0,0,0,0,0
64,1,10,1000,2000,21271531,"ifeval_min30",2,3,2,3,0.05,2.76317198388278,0,0,0,0,0,0,0,0,0
65,1,10,1000,2000,21271531,"ifeval_min30",2,3,2,3,0.05,2.86959250015207,0,0,0,0,0,0,0,0,0
66,1,10,1000,2000,21271531,"ifeval_min30",2,3,2,3,0.05,2.43278469028883,0,0,0,2.15972100291401,0,0,0,0,0
67,1,10,1000,2000,21271531,"ifeval_min30",2,3,2,3,0.05,2.69389048754238,0,0,0,0,0,-2.91281415242702,0,0,0
68,1,10,1000,2000,21271531,"ifeval_min30",2,3,2,3,0.05,2.10027159261517,0,0,0,0,0,0,0,0,0
69,1,10,1000,2000,21271531,"ifeval_min30",2,3,2,3,0.05,2.07357054087333,0,2.0729015825782,0,0,0,0,0,0,0
70,1,10,1000,2000,21271531,"ifeval_min30",2,3,2,3,0.05,2.34894632501528,0,0,0,0,0,0,0,0,-2.50784761295654
71,1,10,1000,2000,21271531,"ifeval_min30",2,3,2,3,0.05,2.09353768173605,0,0,0,0,0,0,0,0,0
72,1,10,1000,2000,21271531,"ifeval_min30",2,3,2,3,0.05,2.73371286108159,0,0,0,0,0,0,0,0,0
73,1,10,1000,2000,21271531,"ifeval_min30",2,3,2,3,0.05,2.40429091127589,0,0,0,0,0,0,0,0,0
74,1,10,1000,2000,21271531,"ifeval_min30",2,3,2,3,0.05,2.11688109929673,0,0,0,0,0,0,0,0,0
75,1,10,1000,2000,21271531,"ifeval_min30",2,3,2,3,0.05,2.83508003503084,-2.8528974908404,0,0,0,2.39299407531507,0,0,0,0
76,1,10,1000,2000,21271531,"ifeval_min30",2,3,2,3,0.05,2.4374132391531,0,0,0,0,0,0,0,0,0
77,1,10,1000,2000,21271531,"ifeval_min30",2,3,2,3,0.05,2.81705067236908,0,0,0,0,0,0,2.9284045973327,0,0
78,1,10,1000,2000,21271531,"ifeval_min30",2,3,2,3,0.05,2.47872553346679,0,0,0,0,0,0,0,0,0
79,1,10,1000,2000,21271531,"ifeval_min30",2,3,2,3,0.05,2.45630988990888,0,2.083167726174,0,0,0,0,0,0,0
80,1,10,1000,2000,21271531,"ifeval_min30",2,3,2,3,0.05,2.74168034968898,0,0,0,0,0,0,-2.86210788902827,0,0
81,1,10,1000,2000,21271531,"ifeval_min30",2,3,2,3,0.05,2.45877591730095,0,0,0,2.4980081806425,0,0,0,0,0
82,1,10,1000,2000,21271531,"ifeval_min30",2,3,2,3,0.05,2.84183431183919,0,0,0,0,0,0,0,0,0
83,1,10,1000,2000,21271531,"ifeval_min30",2,3,2,3,0.05,2.25608577975072,0,0,0,0,0,0,0,0,0
84,1,10,1000,2000,21271531,"ifeval_min30",2,3,2,3,0.05,2.73557335278019,0,0,0,0,-2.98287259112112,0,0,0,0
85,1,10,1000,2000,21271531,"ifeval_min30",2,3,2,3,0.05,2.61536670895293,0,0,0,0,0,0,0,0,0
86,1,10,1000,2000,21271531,"ifeval_min30",2,3,2,3,0.05,2.83140856307,0,0,0,0,0,0,0,0,0
87,1,10,1000,2000,21271531,"ifeval_min30",2,3,2,3,0.05,2.5074099781923,0,0,0,0,0,0,0,0,0
88,1,10,1000,2000,21271531,"ifeval_min30",2,3,2,3,0.05,2.58296852139756,0,0,2.56446775607765,0,-2.16580100287683,0,0,0,0
89,1,10,1000,2000,21271531,"ifeval_min30",2,3,2,3,0.05,2.03133589425124,0,0,0,0,0,0,0,0,0
90,1,10,1000,2000,21271531,"ifeval_min30",2,3,2,3,0.05,2.81000337586738,2.23225053399801,0,0,0,0,0,0,0,0
91,1,10,1000,2000,21271531,"ifeval_min30",2,3,2,3,0.05,2.79203566466458,0,0,0,0,0,0,0,0,0
92,1,10,1000,2000,21271531,"ifeval_min30",2,3,2,3,0.05,2.96574791520834,0,0,-2.45102740032598,0,0,0,0,0,0
93,1,10,1000,2000,21271531,"ifeval_min30",2,3,2,3,0.05,2.36454358557239,0,0,0,0,0,0,0,0,2.60440275026485
94,1,10,1000,2000,21271531,"ifeval_min30",2,3,2,3,0.05,2.22491966909729,0,0,0,0,0,0,0,0,0
95,1,10,1000,2000,21271531,"ifeval_min30",2,3,2,3,0.05,2.13083749264479,0,0,0,0,0,0,0,0,0
96,1,10,1000,2000,21271531,"ifeval_min30",2,3,2,3,0.05,2.08930005226284,0,2.1835097190924,0,0,0,0,0,0,-2.67563800606877
97,1,10,1000,2000,21271531,"ifeval_min30",2,3,2,3,0.05,2.19883099431172,0,0,0,0,0,0,0,0,0
98,1,10,1000,2000,21271531,"ifeval_min30",2,3,2,3,0.05,2.2990953437984,0,0,0,0,0,0,0,0,0
99,1,10,1000,2000,21271531,"ifeval_min30",2,3,2,3,0.05,2.42731958278455,0,0,0,0,-2.18288352247328,0,0,0,0
100,1,10,1000,2000,21271531,"ifeval_min30",2,3,2,3,0.05,2.90207057516091,0,0,0,0,0,0,0,0,0
101,1,10,1000,2000,21271531,"ifeval_min30",2,3,2,3,0.05,2.03828422725201,0,0,0,0,0,0,2.85277616884559,0,0
102,1,10,1000,2000,21271531,"ifeval_min30",2,3,2,3,0.05,2.86721565015614,0,0,0,0,0,0,0,0,0
103,1,10,1000,2000,21271531,"ifeval_min30",2,3,2,3,0.05,2.54980542534031,0,0,0,0,0,0,0,0,0
104,1,10,1000,2000,21271531,"ifeval_min30",2,3,2,3,0.05,2.879083072301,0,0,-2.83946275361814,0,0,0,0,0,0
105,1,10,1000,2000,21271531,"ifeval_min30",2,3,2,3,0.05,2.73090297891758,0,0,0,0,0,0,0,0,0
106,1,10,1000,2000,21271531,"ifeval_min30",2,3,2,3,0.05,2.89682575548068,0,0,0,0,0,0,0,0,0
107,1,10,1000,2000,21271531,"ifeval_min30",2,3,2,3,0.05,2.8012331451755,0,0,0,0,0,0,2.21638404903933,0,0
108,1,10,1000,2000,21271531,"ifeval_min30",2,3,2,3,0.05,2.0559517967049,0,0,0,0,0,0,0,0,0
109,1,10,1000,2000,21271531,"ifeval_min30",2,3,2,3,0.05,2.32781955902465,0,0,0,0,0,0,0,0,0
110,1,10,1000,2000,21271531,"ifeval_min30",2,3,2,3,0.05,2.71813993528485,0,0,0,0,0,2.86972379311919,0,0,0
111,1,10,1000,2000,21271531,"ifeval_min30",2,3,2,3,0.05,2.24529774510302,0,-2.36190158571117,0,0,0,0,0,0,0
112,1,10,1000,2000,21271531,"ifeval_min30",2,3,2,3,0.05,2.70749274431728,0,0,0,0,-2.83635347895324,0,0,0,0
113,1,10,1000,2000,21271531,"ifeval_min30",2,3,2,3,0.05,2.47224745643325,0,0,0,0,0,2.39885179768316,0,0,0
114,1,10,1000,2000,21271531,"ifeval_min30",2,3,2,3,0.05,2.31636821548454,0,0,0,2.38753415038809,0,0,2.00514426035807,2.99058421351947,0
115,1,10,1000,2000,21271531,"ifeval_min30",2,3,2,3,0.05,2.99525353894569,0,0,0,0,0,0,0,0,0
116,1,10,1000,2000,21271531,"ifeval_min30",2,3,2,3,0.05,2.84723011776805,0,0,0,0,0,0,0,0,0
117,1,10,1000,2000,21271531,"ifeval_min30",2,3,2,3,0.05,2.3262856383808,0,0,0,0,0,0,0,0,0
118,1,10,1000,2000,21271531,"ifeval_min30",2,3,2,3,0.05,2.54663982079364,0,2.22158720204607,0,0,0,0,0,2.32133456203155,0
119,1,10,1000,2000,21271531,"ifeval_min30",2,3,2,3,0.05,2.73098782380112,0,0,0,0,0,0,0,0,0
120,1,10,1000,2000,21271531,"ifeval_min30",2,3,2,3,0.05,2.54885193123482,0,0,0,0,0,0,0,0,0
121,1,10,1000,2000,21271531,"ifeval_min30",2,3,2,3,0.05,2.98418649588712,0,0,0,0,0,0,0,0,0
122,1,10,1000,2000,21271531,"ifeval_min30",2,3,2,3,0.05,2.73333879071288,0,0,0,0,0,0,0,-2.8375619079452,0
123,1,10,1000,2000,21271531,"ifeval_min30",2,3,2,3,0.05,2.60069305030629,0,0,0,0,0,0,0,0,-2.22191147110425
124,1,10,1000,2000,21271531,"ifeval_min30",2,3,2,3,0.05,2.55952113121748,0,0,0,0,0,0,0,0,0
125,1,10,1000,2000,21271531,"ifeval_min30",2,3,2,3,0.05,2.86625702329911,0,0,0,0,0,0,0,0,0
126,1,10,1000,2000,21271531,"ifeval_min30",2,3,2,3,0.05,2.17841142439283,0,0,0,0,0,0,0,0,0
127,1,10,1000,2000,21271531,"ifeval_min30",2,3,2,3,0.05,2.24760304717347,0,0,0,0,0,0,0,0,0
128,1,10,1000,2000,21271531,"ifeval_min30",2,3,2,3,0.05,2.06741260760464,0,0,0,0,0,0,0,0,0
129,1,10,1000,2000,21271531,"ifeval_min30",2,3,2,3,0.05,2.10085137817077,0,0,0,0,0,0,0,0,0
130,1,10,1000,2000,21271531,"ifeval_min30",2,3,2,3,0.05,2.72194754891098,0,0,0,0,-2.32478585327044,0,0,0,0
131,1,10,1000,2000,21271531,"ifeval_min30",2,3,2,3,0.05,2.98513295711018,0,0,0,0,0,0,0,0,0
132,1,10,1000,2000,21271531,"ifeval_min30",2,3,2,3,0.05,2.91068067634478,0,0,0,0,0,0,0,0,0
133,1,10,1000,2000,21271531,"ifeval_min30",2,3,2,3,0.05,2.76332369749434,0,0,0,-2.37655951082706,0,0,-2.33004613197409,0,-2.30169994337484
134,1,10,1000,2000,21271531,"ifeval_min30",2,3,2,3,0.05,2.97641896572895,0,0,0,0,2.95095430221409,0,0,0,0
135,1,10,1000,2000,21271531,"ifeval_min30",2,3,2,3,0.05,2.46128088980913,0,0,0,0,0,0,0,0,0
136,1,10,1000,2000,21271531,"ifeval_min30",2,3,2,3,0.05,2.21215195744298,0,0,0,0,0,0,0,0,0
137,1,10,1000,2000,21271531,"ifeval_min30",2,3,2,3,0.05,2.85647274460644,0,0,0,-2.9984381236136,0,0,0,0,0
138,1,10,1000,2000,21271531,"ifeval_min30",2,3,2,3,0.05,2.22112361108884,0,0,0,0,0,0,0,0,0
139,1,10,1000,2000,21271531,"ifeval_min30",2,3,2,3,0.05,2.80083743762225,0,0,0,0,0,0,0,0,0
140,1,10,1000,2000,21271531,"ifeval_min30",2,3,2,3,0.05,2.15930565423332,0,0,0,0,0,0,0,0,0
141,1,10,1000,2000,21271531,"ifeval_min30",2,3,2,3,0.05,2.80198296392336,0,0,0,0,0,0,0,2.65136482077651,0
142,1,10,1000,2000,21271531,"ifeval_min30",2,3,2,3,0.05,2.91878293431364,0,0,0,0,0,0,0,0,0
143,1,10,1000,2000,21271531,"ifeval_min30",2,3,2,3,0.05,2.09806798701175,0,0,0,0,0,0,0,0,0
144,1,10,1000,2000,21271531,"ifeval_min30",2,3,2,3,0.05,2.84622118505649,2.93113016849384,0,0,0,0,0,0,0,2.98118847608566
145,1,10,1000,2000,21271531,"ifeval_min30",2,3,2,3,0.05,2.3299332393799,0,0,0,0,0,0,0,0,0
146,1,10,1000,2000,21271531,"ifeval_min30",2,3,2,3,0.05,2.55858865543269,0,0,0,2.15700423624367,0,0,0,2.40904500172473,0
147,1,10,1000,2000,21271531,"ifeval_min30",2,3,2,3,0.05,2.57144699501805,0,0,0,2.88610082748346,0,0,0,0,0
148,1,10,1000,2000,21271531,"ifeval_min30",2,3,2,3,0.05,2.17956617684104,0,0,0,0,0,0,0,0,0
149,1,10,1000,2000,21271531,"ifeval_min30",2,3,2,3,0.05,2.09460147703066,0,0,0,0,0,0,0,0,0
150,1,10,1000,2000,21271531,"ifeval_min30",2,3,2,3,0.05,2.43369892681949,0,0,0,0,0,0,0,0,0
151,1,10,1000,2000,21271531,"ifeval_min30",2,3,2,3,0.05,2.6816521033179,0,0,0,0,0,0,0,0,0
152,1,10,1000,2000,21271531,"ifeval_min30",2,3,2,3,0.05,2.86465787538327,0,0,0,0,0,0,0,0,0
153,1,10,1000,2000,21271531,"ifeval_min30",2,3,2,3,0.05,2.03322374355048,0,0,0,0,0,0,0,0,0
154,1,10,1000,2000,21271531,"ifeval_min30",2,3,2,3,0.05,2.49902865244076,0,0,0,0,0,0,0,0,0
155,1,10,1000,2000,21271531,"ifeval_min30",2,3,2,3,0.05,2.65520911337808,0,0,0,0,0,0,0,0,0
156,1,10,1000,2000,21271531,"ifeval_min30",2,3,2,3,0.05,2.30138159147464,-2.52896309131756,0,0,0,0,0,0,0,0
157,1,10,1000,2000,21271531,"ifeval_min30",2,3,2,3,0.05,2.8037364189513,0,0,0,0,0,0,0,0,0
158,1,10,1000,2000,21271531,"ifeval_min30",2,3,2,3,0.05,2.27305364259519,0,0,0,0,0,0,0,0,0
159,1,10,1000,2000,21271531,"ifeval_min30",2,3,2,3,0.05,2.64329259796068,0,0,0,0,0,0,0,0,0
160,1,10,1000,2000,21271531,"ifeval_min30",2,3,2,3,0.05,2.26165427523665,0,0,0,0,0,0,0,0,0
161,1,10,1000,2000,21271531,"ifeval_min30",2,3,2,3,0.05,2.61261684936471,0,0,0,0,0,0,0,0,0
162,1,10,1000,2000,21271531,"ifeval_min30",2,3,2,3,0.05,2.68459259090014,0,0,0,0,0,0,0,0,0
163,1,10,1000,2000,21271531,"ifeval_min30",2,3,2,3,0.05,2.62030829442665,0,0,0,0,0,0,0,0,0
164,1,10,1000,2000,21271531,"ifeval_min30",2,3,2,3,0.05,2.98680576519109,0,-2.99649083567783,0,0,0,0,0,0,0
165,1,10,1000,2000,21271531,"ifeval_min30",2,3,2,3,0.05,2.39848845847882,0,0,2.05979658290744,0,0,0,0,0,0
166,1,10,1000,2000,21271531,"ifeval_min30",2,3,2,3,0.05,2.84082145686261,0,0,0,0,2.86745061608963,0,0,0,0
167,1,10,1000,2000,21271531,"ifeval_min30",2,3,2,3,0.05,2.11434552096762,0,2.08226874796674,-2.60902473749593,0,0,0,0,0,0
168,1,10,1000,2000,21271531,"ifeval_min30",2,3,2,3,0.05,2.62039754563011,0,0,0,0,0,0,0,0,0
169,1,10,1000,2000,21271531,"ifeval_min30",2,3,2,3,0.05,2.3850960182026,0,0,0,0,0,0,0,0,0
170,1,10,1000,2000,21271531,"ifeval_min30",2,3,2,3,0.05,2.80577181116678,2.91878927731887,0,0,0,0,0,0,0,0
171,1,10,1000,2000,21271531,"ifeval_min30",2,3,2,3,0.05,2.34506514412351,0,0,0,0,0,0,0,0,0
172,1,10,1000,2000,21271531,"ifeval_min30",2,3,2,3,0.05,2.20748430932872,0,0,0,0,0,0,0,0,0
173,1,10,1000,2000,21271531,"ifeval_min30",2,3,2,3,0.05,2.60217846184969,0,0,0,0,2.57404379639775,0,-2.29767717770301,0,0
174,1,10,1000,2000,21271531,"ifeval_min30",2,3,2,3,0.05,2.1423756936565,0,0,0,0,0,2.37480837595649,-2.0143003272824,0,0
175,1,10,1000,2000,21271531,"ifeval_min30",2,3,2,3,0.05,2.97394664748572,0,0,0,0,0,0,0,0,0
176,1,10,1000,2000,21271531,"ifeval_min30",2,3,2,3,0.05,2.03349044988863,0,0,0,0,0,0,0,0,0
177,1,10,1000,2000,21271531,"ifeval_min30",2,3,2,3,0.05,2.09215444000438,0,0,2.81681391270831,0,0,0,0,0,0
178,1,10,1000,2000,21271531,"ifeval_min30",2,3,2,3,0.05,2.98493109992705,0,0,0,0,0,0,0,0,0
179,1,10,1000,2000,21271531,"ifeval_min30",2,3,2,3,0.05,2.70672838110477,0,0,0,0,0,0,0,0,0
180,1,10,1000,2000,21271531,"ifeval_min30",2,3,2,3,0.05,2.52908746572211,0,2.23467338341288,0,0,0,0,0,0,0
181,1,10,1000,2000,21271531,"ifeval_min30",2,3,2,3,0.05,2.2639186331071,0,0,0,0,0,0,0,0,0
182,1,10,1000,2000,21271531,"ifeval_min30",2,3,2,3,0.05,2.84824542491697,0,0,0,0,0,0,0,0,0
183,1,10,1000,2000,21271531,"ifeval_min30",2,3,2,3,0.05,2.67683501425199,0,0,0,0,0,0,0,2.01639075251296,0
184,1,10,1000,2000,21271531,"ifeval_min30",2,3,2,3,0.05,2.9612418175675,0,0,0,0,0,0,0,0,0
185,1,10,1000,2000,21271531,"ifeval_min30",2,3,2,3,0.05,2.72372924536467,0,0,0,0,0,0,0,0,0
186,1,10,1000,2000,21271531,"ifeval_min30",2,3,2,3,0.05,2.55605530901812,0,-2.77630586293526,2.94748084363528,0,2.78171747666784,0,0,0,0
187,1,10,1000,2000,21271531,"ifeval_min30",2,3,2,3,0.05,2.28172237682156,0,0,0,0,0,0,0,0,0
188,1,10,1000,2000,21271531,"ifeval_min30",2,3,2,3,0.05,2.39810708770528,-2.63935535494238,0,-2.04427304025739,0,0,0,0,0,0
189,1,10,1000,2000,21271531,"ifeval_min30",2,3,2,3,0.05,2.89173160935752,0,0,0,0,0,0,0,0,0
190,1,10,1000,2000,21271531,"ifeval_min30",2,3,2,3,0.05,2.01938872085884,0,-2.20576224219985,0,2.85397707438096,0,-2.66096093505621,0,0,0
191,1,10,1000,2000,21271531,"ifeval_min30",2,3,2,3,0.05,2.89544940833002,0,0,0,-2.55176354688592,-2.08748796163127,2.30565602169372,0,0,0
192,1,10,1000,2000,21271531,"ifeval_min30",2,3,2,3,0.05,2.68960775830783,0,0,0,0,0,0,0,0,0
193,1,10,1000,2000,21271531,"ifeval_min30",2,3,2,3,0.05,2.67825315054506,0,-2.15204254770651,0,0,0,0,0,0,0
194,1,10,1000,2000,21271531,"ifeval_min30",2,3,2,3,0.05,2.06594112934545,0,0,0,-2.93985692691058,0,0,0,0,0
195,1,10,1000,2000,21271531,"ifeval_min30",2,3,2,3,0.05,2.55105889355764,0,0,0,0,0,0,0,0,0
196,1,10,1000,2000,21271531,"ifeval_min30",2,3,2,3,0.05,2.72654323745519,0,0,0,0,0,0,0,0,0
197,1,10,1000,2000,21271531,"ifeval_min30",2,3,2,3,0.05,2.64175294153392,0,0,0,0,0,0,0,0,0
198,1,10,1000,2000,21271531,"ifeval_min30",2,3,2,3,0.05,2.97373939584941,0,0,0,0,0,-2.94799093040638,0,0,0
199,1,10,1000,2000,21271531,"ifeval_min30",2,3,2,3,0.05,2.72038129973225,0,0,0,0,0,0,0,0,2.73603301378898
200,1,10,1000,2000,21271531,"ifeval_min30",2,3,2,3,0.05,2.49215111602098,0,0,0,0,0,0,2.13275510934182,0,0
201,1,10,1000,2000,21271531,"ifeval_min30",2,3,2,3,0.05,2.84600422903895,0,2.37705843779258,0,0,0,0,0,0,0
202,1,10,1000,2000,21271531,"ifeval_min30",2,3,2,3,0.05,2.2359933257103,0,0,0,-2.29158439370804,0,-2.45794262527488,0,0,0
203,1,10,1000,2000,21271531,"ifeval_min30",2,3,2,3,0.05,2.69740893528797,0,0,0,0,0,0,0,0,0
204,1,10,1000,2000,21271531,"ifeval_min30",2,3,2,3,0.05,2.12115491880104,0,0,0,0,0,0,0,0,0
205,1,10,1000,2000,21271531,"ifeval_min30",2,3,2,3,0.05,2.65915073850192,0,0,0,0,0,0,0,0,0
206,1,10,1000,2000,21271531,"ifeval_min30",2,3,2,3,0.05,2.17648963723332,0,0,0,0,0,0,0,0,0
207,1,10,1000,2000,21271531,"ifeval_min30",2,3,2,3,0.05,2.23710960219614,0,0,0,0,0,0,0,0,0
208,1,10,1000,2000,21271531,"ifeval_min30",2,3,2,3,0.05,2.2048893191386,0,0,0,0,0,0,0,0,0
209,1,10,1000,2000,21271531,"ifeval_min30",2,3,2,3,0.05,2.54924226296134,0,0,0,0,0,0,0,0,0
210,1,10,1000,2000,21271531,"ifeval_min30",2,3,2,3,0.05,2.57479963381775,0,0,0,0,0,0,0,0,0
211,1,10,1000,2000,21271531,"ifeval_min30",2,3,2,3,0.05,2.70637726644054,0,0,0,0,0,0,2.87358632544056,0,0
212,1,10,1000,2000,21271531,"ifeval_min30",2,3,2,3,0.05,2.93185559962876,0,0,0,0,0,0,0,0,0
213,1,10,1000,2000,21271531,"ifeval_min30",2,3,2,3,0.05,2.64815682405606,0,0,0,0,0,0,0,0,0
214,1,10,1000,2000,21271531,"ifeval_min30",2,3,2,3,0.05,2.40209919516928,0,0,0,2.70657123369165,0,0,0,0,0
215,1,10,1000,2000,21271531,"ifeval_min30",2,3,2,3,0.05,2.65003313170746,0,0,0,0,0,0,0,0,0
216,1,10,1000,2000,21271531,"ifeval_min30",2,3,2,3,0.05,2.09165329718962,0,-2.16851407033391,0,0,0,0,0,0,0
217,1,10,1000,2000,21271531,"ifeval_min30",2,3,2,3,0.05,2.90428907144815,0,0,0,0,2.64849691884592,0,0,0,2.9307651896961
218,1,10,1000,2000,21271531,"ifeval_min30",2,3,2,3,0.05,2.87608203315176,0,0,0,0,2.08387503097765,0,2.43318676343188,0,0
219,1,10,1000,2000,21271531,"ifeval_min30",2,3,2,3,0.05,2.12029896769673,0,0,0,0,0,0,0,0,0
220,1,10,1000,2000,21271531,"ifeval_min30",2,3,2,3,0.05,2.87211777502671,0,0,0,0,0,0,0,0,0
221,1,10,1000,2000,21271531,"ifeval_min30",2,3,2,3,0.05,2.06669670948759,0,0,0,0,0,0,0,0,2.58065646560863
222,1,10,1000,2000,21271531,"ifeval_min30",2,3,2,3,0.05,2.34995772829279,0,0,0,0,0,0,0,0,0
223,1,10,1000,2000,21271531,"ifeval_min30",2,3,2,3,0.05,2.29732212144881,0,0,0,-2.21547677344643,0,0,-2.11061698524281,0,0
224,1,10,1000,2000,21271531,"ifeval_min30",2,3,2,3,0.05,2.53444111137651,2.05072911619209,-2.46981400158256,-2.0775259162765,0,0,0,0,0,0
225,1,10,1000,2000,21271531,"ifeval_min30",2,3,2,3,0.05,2.9868151480332,0,0,0,0,0,0,0,0,0
226,1,10,1000,2000,21271531,"ifeval_min30",2,3,2,3,0.05,2.63452079938725,0,0,0,0,0,0,0,0,0
227,1,10,1000,2000,21271531,"ifeval_min30",2,3,2,3,0.05,2.04377380548976,0,0,0,0,0,0,0,0,0
228,1,10,1000,2000,21271531,"ifeval_min30",2,3,2,3,0.05,2.96183939953335,0,0,0,0,0,0,0,0,0
229,1,10,1000,2000,21271531,"ifeval_min30",2,3,2,3,0.05,2.75073790806346,0,0,0,0,0,0,0,0,0
230,1,10,1000,2000,21271531,"ifeval_min30",2,3,2,3,0.05,2.9737042025663,0,0,2.32658997992985,0,0,0,0,0,0
231,1,10,1000,2000,21271531,"ifeval_min30",2,3,2,3,0.05,2.18806962529197,0,0,0,0,0,0,0,0,0
232,1,10,1000,2000,21271531,"ifeval_min30",2,3,2,3,0.05,2.14880365296267,0,0,0,0,0,0,0,0,0
233,1,10,1000,2000,21271531,"ifeval_min30",2,3,2,3,0.05,2.60749665671028,0,0,0,0,0,0,0,0,0
234,1,10,1000,2000,21271531,"ifeval_min30",2,3,2,3,0.05,2.87071553431451,0,0,0,0,0,0,0,0,0
235,1,10,1000,2000,21271531,"ifeval_min30",2,3,2,3,0.05,2.07620473206043,0,2.86934816953726,0,0,0,0,0,0,0
236,1,10,1000,2000,21271531,"ifeval_min30",2,3,2,3,0.05,2.86640509730205,0,0,0,0,0,0,0,0,0
237,1,10,1000,2000,21271531,"ifeval_min30",2,3,2,3,0.05,2.26236222451553,-2.85246436158195,0,0,0,0,0,0,0,0
238,1,10,1000,2000,21271531,"ifeval_min30",2,3,2,3,0.05,2.42252491204999,2.39957123389468,0,0,0,0,0,0,0,0
239,1,10,1000,2000,21271531,"ifeval_min30",2,3,2,3,0.05,2.85032301861793,0,0,0,0,0,0,0,0,0
240,1,10,1000,2000,21271531,"ifeval_min30",2,3,2,3,0.05,2.62736156396568,0,0,0,0,0,0,0,0,0
241,1,10,1000,2000,21271531,"ifeval_min30",2,3,2,3,0.05,2.90256685204804,0,0,0,0,0,0,0,0,0
242,1,10,1000,2000,21271531,"ifeval_min30",2,3,2,3,0.05,2.58727693534456,-2.82659834180959,0,0,0,0,0,0,0,-2.82050507515669
243,1,10,1000,2000,21271531,"ifeval_min30",2,3,2,3,0.05,2.45452791918069,0,0,0,0,0,0,0,0,0
244,1,10,1000,2000,21271531,"ifeval_min30",2,3,2,3,0.05,2.97671759803779,0,0,0,0,0,0,0,0,-2.00136754591949
245,1,10,1000,2000,21271531,"ifeval_min30",2,3,2,3,0.05,2.15240938216448,0,0,0,0,0,0,0,0,0
246,1,10,1000,2000,21271531,"ifeval_min30",2,3,2,3,0.05,2.90760452998802,0,0,0,0,0,0,0,0,0
247,1,10,1000,2000,21271531,"ifeval_min30",2,3,2,3,0.05,2.40704376413487,0,0,0,0,0,0,0,0,0
248,1,10,1000,2000,21271531,"ifeval_min30",2,3,2,3,0.05,2.64678852446377,0,0,0,0,-2.24984083254822,0,0,0,0
249,1,10,1000,2000,21271531,"ifeval_min30",2,3,2,3,0.05,2.44916724925861,0,0,0,0,0,0,0,0,0
250,1,10,1000,2000,21271531,"ifeval_min30",2,3,2,3,0.05,2.50428939191625,0,0,0,0,0,0,0,0,0
251,1,10,1000,2000,21271531,"ifeval_min30",2,3,2,3,0.05,2.73937480850145,0,0,0,0,0,0,0,0,0
252,1,10,1000,2000,21271531,"ifeval_min30",2,3,2,3,0.05,2.25829084892757,0,0,0,0,0,0,0,0,0
253,1,10,1000,2000,21271531,"ifeval_min30",2,3,2,3,0.05,2.81751633598469,0,0,0,0,0,0,0,0,0
254,1,10,1000,2000,21271531,"ifeval_min30",2,3,2,3,0.05,2.29021508037113,0,0,0,0,0,0,0,-2.90412632003427,0
255,1,10,1000,2000,21271531,"ifeval_min30",2,3,2,3,0.05,2.5313186373096,0,0,0,2.0054742207285,0,0,0,0,0
256,1,10,1000,2000,21271531,"ifeval_min30",2,3,2,3,0.05,2.52334717824124,0,0,0,0,0,0,0,0,0
257,1,10,1000,2000,21271531,"ifeval_min30",2,3,2,3,0.05,2.50814387248829,0,0,2.9704936821945,0,0,0,0,0,0
258,1,10,1000,2000,21271531,"ifeval_min30",2,3,2,3,0.05,2.94996279012412,0,0,0,0,2.95483733783476,0,0,0,0
259,1,10,1000,2000,21271531,"ifeval_min30",2,3,2,3,0.05,2.84622302348725,0,0,0,0,0,0,0,0,0
260,1,10,1000,2000,21271531,"ifeval_min30",2,3,2,3,0.05,2.73681695945561,0,0,0,2.03347861487418,0,0,0,0,0
261,1,10,1000,2000,21271531,"ifeval_min30",2,3,2,3,0.05,2.60334342485294,0,-2.10562293301336,0,0,0,0,0,0,-2.37649680487812
262,1,10,1000,2000,21271531,"ifeval_min30",2,3,2,3,0.05,2.54959016875364,0,0,0,0,0,0,0,0,0
263,1,10,1000,2000,21271531,"ifeval_min30",2,3,2,3,0.05,2.4096033743117,0,0,0,0,0,0,0,0,0
264,1,10,1000,2000,21271531,"ifeval_min30",2,3,2,3,0.05,2.26734401285648,0,0,0,0,0,-2.308341082884,0,0,0
265,1,10,1000,2000,21271531,"ifeval_min30",2,3,2,3,0.05,2.19360988261178,0,0,0,0,-2.10086542274803,0,0,0,0
266,1,10,1000,2000,21271531,"ifeval_min30",2,3,2,3,0.05,2.15651240362786,0,0,0,0,0,0,0,0,0
267,1,10,1000,2000,21271531,"ifeval_min30",2,3,2,3,0.05,2.4704459826462,0,0,0,0,0,0,0,0,0
268,1,10,1000,2000,21271531,"ifeval_min30",2,3,2,3,0.05,2.74352925643325,0,0,0,0,0,0,0,0,0
269,1,10,1000,2000,21271531,"ifeval_min30",2,3,2,3,0.05,2.33064980851486,0,0,0,0,0,0,0,-2.41948034311645,0
270,1,10,1000,2000,21271531,"ifeval_min30",2,3,2,3,0.05,2.66266077151522,0,0,0,0,0,0,0,0,0
271,1,10,1000,2000,21271531,"ifeval_min30",2,3,2,3,0.05,2.99016132461838,0,0,0,0,2.63754893955775,0,0,0,0
272,1,10,1000,2000,21271531,"ifeval_min30",2,3,2,3,0.05,2.28368304809555,0,0,0,0,0,0,0,0,0
273,1,10,1000,2000,21271531,"ifeval_min30",2,3,2,3,0.05,2.12304151221178,0,0,0,0,0,0,0,0,0
274,1,10,1000,2000,21271531,"ifeval_min30",2,3,2,3,0.05,2.60942951287143,0,0,0,0,0,0,0,0,0
275,1,10,1000,2000,21271531,"ifeval_min30",2,3,2,3,0.05,2.23076536669396,0,0,0,0,-2.91379622952081,0,0,0,0
276,1,10,1000,2000,21271531,"ifeval_min30",2,3,2,3,0.05,2.62893957528286,0,0,0,0,0,0,-2.98619588161819,0,0
277,1,10,1000,2000,21271531,"ifeval_min30",2,3,2,3,0.05,2.49883681559004,-2.29376446455717,2.08444287884049,0,0,0,0,0,0,0
278,1,10,1000,2000,21271531,"ifeval_min30",2,3,2,3,0.05,2.00808538449928,0,0,0,0,0,0,0,0,0
279,1,10,1000,2000,21271531,"ifeval_min30",2,3,2,3,0.05,2.82394973607734,0,0,0,0,0,0,0,0,0
280,1,10,1000,2000,21271531,"ifeval_min30",2,3,2,3,0.05,2.13981691934168,0,0,0,0,0,0,0,0,0
281,1,10,1000,2000,21271531,"ifeval_min30",2,3,2,3,0.05,2.79154844256118,0,0,0,0,0,0,0,0,0
282,1,10,1000,2000,21271531,"ifeval_min30",2,3,2,3,0.05,2.34953363798559,0,0,0,-2.89777951850556,2.49670631089248,0,0,0,0
283,1,10,1000,2000,21271531,"ifeval_min30",2,3,2,3,0.05,2.81741518247873,0,-2.81388668972068,0,0,0,0,0,0,0
284,1,10,1000,2000,21271531,"ifeval_min30",2,3,2,3,0.05,2.70126259280369,2.32519131642766,-2.84356712456793,0,0,0,0,0,0,0
285,1,10,1000,2000,21271531,"ifeval_min30",2,3,2,3,0.05,2.59311021096073,0,0,0,0,0,0,0,0,0
286,1,10,1000,2000,21271531,"ifeval_min30",2,3,2,3,0.05,2.3138565227855,0,0,0,0,0,0,-2.60214213142172,0,0
287,1,10,1000,2000,21271531,"ifeval_min30",2,3,2,3,0.05,2.74489859165624,0,0,0,2.55531733552925,0,0,0,0,0
288,1,10,1000,2000,21271531,"ifeval_min30",2,3,2,3,0.05,2.6227602486033,0,0,0,0,0,0,-2.32339044637047,0,0
289,1,10,1000,2000,21271531,"ifeval_min30",2,3,2,3,0.05,2.51743855164386,0,0,0,0,0,0,0,0,0
290,1,10,1000,2000,21271531,"ifeval_min30",2,3,2,3,0.05,2.74527712049894,2.09455940686166,0,0,0,0,0,0,0,0
291,1,10,1000,2000,21271531,"ifeval_min30",2,3,2,3,0.05,2.91319675114937,0,0,2.9774320339784,0,0,0,0,0,0
292,1,10,1000,2000,21271531,"ifeval_min30",2,3,2,3,0.05,2.2590112304315,0,0,0,0,0,0,0,0,0
293,1,10,1000,2000,21271531,"ifeval_min30",2,3,2,3,0.05,2.24591960269026,0,0,0,0,0,0,0,0,0
294,1,10,1000,2000,21271531,"ifeval_min30",2,3,2,3,0.05,2.78373195719905,0,0,0,0,0,0,2.05251818126999,0,0
295,1,10,1000,2000,21271531,"ifeval_min30",2,3,2,3,0.05,2.89063808182254,0,0,0,0,0,0,0,0,0
296,1,10,1000,2000,21271531,"ifeval_min30",2,3,2,3,0.05,2.96044401382096,0,0,0,0,0,0,0,0,2.4894746481441
297,1,10,1000,2000,21271531,"ifeval_min30",2,3,2,3,0.05,2.54032050911337,0,0,0,0,0,0,0,0,0
298,1,10,1000,2000,21271531,"ifeval_min30",2,3,2,3,0.05,2.74883374758065,0,0,0,0,0,0,0,0,0
299,1,10,1000,2000,21271531,"ifeval_min30",2,3,2,3,0.05,2.87844885000959,0,0,0,0,0,0,0,0,0
300,1,10,1000,2000,21271531,"ifeval_min30",2,3,2,3,0.05,2.01756854611449,0,0,0,0,0,0,0,0,0
301,1,10,1000,2000,21271531,"ifeval_min30",2,3,2,3,0.05,2.42528837826103,0,0,0,0,0,0,0,-2.61059795878828,0
302,1,10,1000,2000,21271531,"ifeval_min30",2,3,2,3,0.05,2.241273494903,0,0,0,0,0,0,0,0,0
303,1,10,1000,2000,21271531,"ifeval_min30",2,3,2,3,0.05,2.78535477025434,2.73779838322662,0,0,0,0,0,0,0,0
304,1,10,1000,2000,21271531,"ifeval_min30",2,3,2,3,0.05,2.46834298945032,0,0,0,0,0,0,0,0,0
305,1,10,1000,2000,21271531,"ifeval_min30",2,3,2,3,0.05,2.90430571348406,0,0,0,0,0,0,0,0,0
306,1,10,1000,2000,21271531,"ifeval_min30",2,3,2,3,0.05,2.00235180533491,0,0,0,0,0,0,0,0,0
307,1,10,1000,2000,21271531,"ifeval_min30",2,3,2,3,0.05,2.14255608269013,0,0,0,0,0,0,0,0,0
308,1,10,1000,2000,21271531,"ifeval_min30",2,3,2,3,0.05,2.17561408062465,0,0,0,0,2.79361519846134,0,0,0,0
309,1,10,1000,2000,21271531,"ifeval_min30",2,3,2,3,0.05,2.6352045533713,0,2.4485156040173,0,0,0,0,0,0,0
310,1,10,1000,2000,21271531,"ifeval_min30",2,3,2,3,0.05,2.03534421371296,0,2.62752564577386,-2.22123953443952,0,0,0,0,0,0
311,1,10,1000,2000,21271531,"ifeval_min30",2,3,2,3,0.05,2.17214466445148,0,0,0,0,0,0,0,-2.70054166647606,0
312,1,10,1000,2000,21271531,"ifeval_min30",2,3,2,3,0.05,2.53561863047071,0,0,0,0,0,0,0,0,0
313,1,10,1000,2000,21271531,"ifeval_min30",2,3,2,3,0.05,2.96809595776722,0,0,0,0,0,0,0,0,0
314,1,10,1000,2000,21271531,"ifeval_min30",2,3,2,3,0.05,2.03171580820344,0,0,0,0,0,0,0,0,0
315,1,10,1000,2000,21271531,"ifeval_min30",2,3,2,3,0.05,2.40718012559228,0,0,0,0,0,0,0,0,0
316,1,10,1000,2000,21271531,"ifeval_min30",2,3,2,3,0.05,2.63520359992981,0,0,0,0,0,0,0,0,0
317,1,10,1000,2000,21271531,"ifeval_min30",2,3,2,3,0.05,2.89656622824259,0,0,0,0,0,0,0,0,0
318,1,10,1000,2000,21271531,"ifeval_min30",2,3,2,3,0.05,2.48035747464746,0,0,0,0,0,0,0,0,0
319,1,10,1000,2000,21271531,"ifeval_min30",2,3,2,3,0.05,2.1060947177466,0,0,0,0,0,0,0,0,0
320,1,10,1000,2000,21271531,"ifeval_min30",2,3,2,3,0.05,2.35662272386253,0,2.1476274759043,0,0,0,0,0,0,0
321,1,10,1000,2000,21271531,"ifeval_min30",2,3,2,3,0.05,2.72346091503277,0,0,0,0,0,0,0,0,0
322,1,10,1000,2000,21271531,"ifeval_min30",2,3,2,3,0.05,2.89390798215754,0,0,-2.92064415989444,0,0,0,0,0,0
323,1,10,1000,2000,21271531,"ifeval_min30",2,3,2,3,0.05,2.40997487655841,0,0,0,0,0,0,0,0,0
324,1,10,1000,2000,21271531,"ifeval_min30",2,3,2,3,0.05,2.06289715808816,0,0,0,0,0,0,0,0,0
325,1,10,1000,2000,21271531,"ifeval_min30",2,3,2,3,0.05,2.84754459722899,0,0,0,0,0,0,0,0,0
326,2,10,1000,2000,21271531,"ifeval_min30",2,3,2,3,0.05,0,2.34445536416024,0,0,0,0,0,0,0,0
327,2,10,1000,2000,21271531,"ifeval_min30",2,3,2,3,0.05,0,2.61405039019883,0,0,0,0,0,2.24073673086241,0,0
328,2,10,1000,2000,21271531,"ifeval_min30",2,3,2,3,0.05,0,2.88549830764532,-2.57770076952875,0,0,-2.53766978066415,0,0,0,0
329,2,10,1000,2000,21271531,"ifeval_min30",2,3,2,3,0.05,0,2.83852805057541,0,0,0,0,0,0,0,0
330,2,10,1000,2000,21271531,"ifeval_min30",2,3,2,3,0.05,0,2.88944584876299,0,0,0,0,0,0,0,0
331,2,10,1000,2000,21271531,"ifeval_min30",2,3,2,3,0.05,0,2.05599992186762,0,0,0,0,0,0,0,0
332,2,10,1000,2000,21271531,"ifeval_min30",2,3,2,3,0.05,0,2.53090434311889,-2.27712974697351,0,0,0,0,0,0,0
333,2,10,1000,2000,21271531,"ifeval_min30",2,3,2,3,0.05,0,2.19867553259246,0,0,0,0,0,0,0,0
334,2,10,1000,2000,21271531,"ifeval_min30",2,3,2,3,0.05,0,2.36453304160386,0,0,0,-2.31114247743972,0,0,0,0
335,2,10,1000,2000,21271531,"ifeval_min30",2,3,2,3,0.05,0,2.64698515017517,0,0,0,0,0,0,0,0
336,2,10,1000,2000,21271531,"ifeval_min30",2,3,2,3,0.05,0,2.13912734063342,0,0,0,0,-2.41760058444925,0,0,0
337,2,10,1000,2000,21271531,"ifeval_min30",2,3,2,3,0.05,0,2.95036111189984,0,0,0,0,0,0,0,0
338,2,10,1000,2000,21271531,"ifeval_min30",2,3,2,3,0.05,0,2.94095434620976,0,0,0,0,0,0,0,0
339,2,10,1000,2000,21271531,"ifeval_min30",2,3,2,3,0.05,0,2.33869783324189,0,-2.72369258338585,0,0,0,0,0,0
340,2,10,1000,2000,21271531,"ifeval_min30",2,3,2,3,0.05,0,2.30081407190301,0,0,0,0,0,0,0,0
341,2,10,1000,2000,21271531,"ifeval_min30",2,3,2,3,0.05,0,2.55701857316308,0,0,0,0,-2.10089854011312,0,0,0
342,2,10,1000,2000,21271531,"ifeval_min30",2,3,2,3,0.05,0,2.85273718903773,0,0,0,0,0,0,0,0
343,2,10,1000,2000,21271531,"ifeval_min30",2,3,2,3,0.05,0,2.03384163579904,0,0,0,0,0,0,0,0
344,2,10,1000,2000,21271531,"ifeval_min30",2,3,2,3,0.05,0,2.06151173799299,0,0,0,0,0,0,0,0
345,2,10,1000,2000,21271531,"ifeval_min30",2,3,2,3,0.05,0,2.97065892326646,0,0,0,0,0,0,0,0
346,2,10,1000,2000,21271531,"ifeval_min30",2,3,2,3,0.05,0,2.19104671967216,0,0,0,0,0,0,0,0
347,2,10,1000,2000,21271531,"ifeval_min30",2,3,2,3,0.05,0,2.78559932624921,0,0,0,0,0,0,0,0
348,2,10,1000,2000,21271531,"ifeval_min30",2,3,2,3,0.05,0,2.91645623510703,0,0,0,2.43299832218327,0,0,0,2.83033190830611
349,2,10,1000,2000,21271531,"ifeval_min30",2,3,2,3,0.05,0,2.77499571000226,0,0,-2.93564616912045,0,0,0,0,0
350,2,10,1000,2000,21271531,"ifeval_min30",2,3,2,3,0.05,0,2.18014432839118,0,0,0,0,0,0,0,2.57469734083861
351,2,10,1000,2000,21271531,"ifeval_min30",2,3,2,3,0.05,0,2.28294373000972,0,0,0,0,0,0,0,0
352,2,10,1000,2000,21271531,"ifeval_min30",2,3,2,3,0.05,0,2.1180323290173,0,0,0,0,0,0,0,0
353,2,10,1000,2000,21271531,"ifeval_min30",2,3,2,3,0.05,0,2.45533397234976,0,0,0,0,0,0,0,0
354,2,10,1000,2000,21271531,"ifeval_min30",2,3,2,3,0.05,0,2.42842846317217,0,0,0,0,2.25781500712037,0,0,0
355,2,10,1000,2000,21271531,"ifeval_min30",2,3,2,3,0.05,0,2.94272528542206,0,0,-2.14165924303234,0,0,2.50823916541412,0,0
356,2,10,1000,2000,21271531,"ifeval_min30",2,3,2,3,0.05,0,2.62400470278226,0,0,0,0,0,0,0,0
357,2,10,1000,2000,21271531,"ifeval_min30",2,3,2,3,0.05,0,2.75704103917815,0,0,0,0,0,0,0,0
358,2,10,1000,2000,21271531,"ifeval_min30",2,3,2,3,0.05,0,2.46137214102782,-2.75399749656208,0,0,0,0,0,0,0
359,2,10,1000,2000,21271531,"ifeval_min30",2,3,2,3,0.05,0,2.72020995011553,2.40337823401205,2.97557555325329,0,0,0,0,0,0
360,2,10,1000,2000,21271531,"ifeval_min30",2,3,2,3,0.05,0,2.19977749977261,0,0,0,0,0,0,0,0
361,2,10,1000,2000,21271531,"ifeval_min30",2,3,2,3,0.05,0,2.63841446861625,2.77178070344962,0,0,0,0,0,0,0
362,2,10,1000,2000,21271531,"ifeval_min30",2,3,2,3,0.05,0,2.51725938380696,0,0,0,0,0,0,0,0
363,2,10,1000,2000,21271531,"ifeval_min30",2,3,2,3,0.05,0,2.43268828094006,0,0,0,0,0,0,0,0
364,2,10,1000,2000,21271531,"ifeval_min30",2,3,2,3,0.05,0,2.99730964121409,0,0,0,0,0,0,0,0
365,2,10,1000,2000,21271531,"ifeval_min30",2,3,2,3,0.05,0,2.76579780783504,2.65379191352986,0,0,0,0,0,0,0
366,2,10,1000,2000,21271531,"ifeval_min30",2,3,2,3,0.05,0,2.67567837098613,0,0,0,0,0,0,0,0
367,2,10,1000,2000,21271531,"ifeval_min30",2,3,2,3,0.05,0,2.04542180011049,0,0,0,0,0,0,0,0
368,2,10,1000,2000,21271531,"ifeval_min30",2,3,2,3,0.05,0,2.65287982695736,0,0,0,0,0,0,0,0
369,2,10,1000,2000,21271531,"ifeval_min30",2,3,2,3,0.05,0,2.79334850865416,2.39600064395927,0,0,0,0,0,0,2.27667437819764
370,2,10,1000,2000,21271531,"ifeval_min30",2,3,2,3,0.05,0,2.46202420978807,0,0,0,0,0,0,0,0
371,2,10,1000,2000,21271531,"ifeval_min30",2,3,2,3,0.05,0,2.11374956648797,0,0,0,0,0,0,0,0
372,2,10,1000,2000,21271531,"ifeval_min30",2,3,2,3,0.05,0,2.51258641062304,2.06512795388699,0,0,0,0,0,0,0
373,2,10,1000,2000,21271531,"ifeval_min30",2,3,2,3,0.05,0,2.23380136769265,0,0,0,0,0,-2.17223085579462,0,0
374,2,10,1000,2000,21271531,"ifeval_min30",2,3,2,3,0.05,0,2.06932039442472,0,0,0,0,0,-2.72901203506626,2.93211789708585,0
375,2,10,1000,2000,21271531,"ifeval_min30",2,3,2,3,0.05,0,2.40651261270978,0,0,0,0,0,0,0,0
376,2,10,1000,2000,21271531,"ifeval_min30",2,3,2,3,0.05,2.67968618427403,2.06373738776892,0,0,0,0,0,0,0,0
377,2,10,1000,2000,21271531,"ifeval_min30",2,3,2,3,0.05,0,2.40249040466733,0,0,0,0,0,0,0,0
378,2,10,1000,2000,21271531,"ifeval_min30",2,3,2,3,0.05,0,2.42658226145431,0,0,0,0,0,0,0,0
379,2,10,1000,2000,21271531,"ifeval_min30",2,3,2,3,0.05,0,2.17924118903466,0,0,0,0,0,0,0,0
380,2,10,1000,2000,21271531,"ifeval_min30",2,3,2,3,0.05,0,2.18469450902194,0,0,0,0,0,0,0,0
381,2,10,1000,2000,21271531,"ifeval_min30",2,3,2,3,0.05,0,2.65000896574929,0,0,0,0,0,0,0,0
382,2,10,1000,2000,21271531,"ifeval_min30",2,3,2,3,0.05,0,2.09996701125056,0,0,0,0,0,0,0,0
383,2,10,1000,2000,21271531,"ifeval_min30",2,3,2,3,0.05,0,2.59774151491001,0,0,0,0,0,0,0,0
384,2,10,1000,2000,21271531,"ifeval_min30",2,3,2,3,0.05,0,2.79339382052422,0,0,0,0,0,0,0,0
385,2,10,1000,2000,21271531,"ifeval_min30",2,3,2,3,0.05,0,2.47127132397145,0,0,0,2.32223752490245,0,0,0,0
386,2,10,1000,2000,21271531,"ifeval_min30",2,3,2,3,0.05,0,2.25447608274408,0,0,0,0,0,0,0,0
387,2,10,1000,2000,21271531,"ifeval_min30",2,3,2,3,0.05,0,2.74625441338867,0,0,0,0,0,0,0,0
388,2,10,1000,2000,21271531,"ifeval_min30",2,3,2,3,0.05,0,2.92345783812925,0,0,0,-2.84870344260707,0,0,0,0
389,2,10,1000,2000,21271531,"ifeval_min30",2,3,2,3,0.05,0,2.61055474635214,0,0,0,0,0,0,0,0
390,2,10,1000,2000,21271531,"ifeval_min30",2,3,2,3,0.05,0,2.26070517464541,0,0,0,0,0,2.71643822500482,0,0
391,2,10,1000,2000,21271531,"ifeval_min30",2,3,2,3,0.05,0,2.26099611003883,0,0,0,-2.75063111819327,0,0,0,0
392,2,10,1000,2000,21271531,"ifeval_min30",2,3,2,3,0.05,0,2.07931732875295,0,0,0,0,0,0,0,0
393,2,10,1000,2000,21271531,"ifeval_min30",2,3,2,3,0.05,0,2.08189001283608,0,0,0,0,0,0,0,0
394,2,10,1000,2000,21271531,"ifeval_min30",2,3,2,3,0.05,0,2.09582140552811,0,0,0,0,0,0,0,0
395,2,10,1000,2000,21271531,"ifeval_min30",2,3,2,3,0.05,0,2.21581236924976,0,0,0,0,0,0,0,0
396,2,10,1000,2000,21271531,"ifeval_min30",2,3,2,3,0.05,0,2.51100875786506,0,0,0,0,0,0,0,0
397,2,10,1000,2000,21271531,"ifeval_min30",2,3,2,3,0.05,0,2.31292457343079,0,0,0,0,0,2.14474399271421,0,0
398,2,10,1000,2000,21271531,"ifeval_min30",2,3,2,3,0.05,0,2.72465129452758,0,0,0,0,0,0,0,0
399,2,10,1000,2000,21271531,"ifeval_min30",2,3,2,3,0.05,0,2.85160813014954,0,0,0,0,0,0,0,0
400,2,10,1000,2000,21271531,"ifeval_min30",2,3,2,3,0.05,0,2.6722672174219,0,0,2.05035563348792,0,0,0,0,0
401,2,10,1000,2000,21271531,"ifeval_min30",2,3,2,3,0.05,0,2.03287195297889,0,0,0,0,0,0,0,0
402,2,10,1000,2000,21271531,"ifeval_min30",2,3,2,3,0.05,0,2.99018598278053,0,0,0,-2.84355349489488,0,0,-2.35805876762606,0
403,2,10,1000,2000,21271531,"ifeval_min30",2,3,2,3,0.05,0,2.56926507409662,0,0,0,0,0,0,0,0
404,2,10,1000,2000,21271531,"ifeval_min30",2,3,2,3,0.05,0,2.46884900424629,0,0,0,0,0,0,0,0
405,2,10,1000,2000,21271531,"ifeval_min30",2,3,2,3,0.05,0,2.93482374795713,0,0,0,-2.90947133954614,0,0,0,0
406,2,10,1000,2000,21271531,"ifeval_min30",2,3,2,3,0.05,0,2.66462372429669,0,0,0,0,0,0,0,0
407,2,10,1000,2000,21271531,"ifeval_min30",2,3,2,3,0.05,0,2.32270506210625,0,0,0,0,0,0,0,0
408,2,10,1000,2000,21271531,"ifeval_min30",2,3,2,3,0.05,0,2.23507184907794,0,0,0,0,0,0,0,0
409,2,10,1000,2000,21271531,"ifeval_min30",2,3,2,3,0.05,0,2.93388319900259,0,0,0,0,0,-2.97264584805816,0,0
410,2,10,1000,2000,21271531,"ifeval_min30",2,3,2,3,0.05,0,2.28682156302966,0,0,0,0,0,0,0,0
411,2,10,1000,2000,21271531,"ifeval_min30",2,3,2,3,0.05,0,2.63018112583086,0,2.23614681884646,0,0,0,0,0,0
412,2,10,1000,2000,21271531,"ifeval_min30",2,3,2,3,0.05,0,2.61458551604301,0,0,0,0,0,-2.62224512035027,0,0
413,2,10,1000,2000,21271531,"ifeval_min30",2,3,2,3,0.05,0,2.11329955048859,0,0,0,0,0,0,0,0
414,2,10,1000,2000,21271531,"ifeval_min30",2,3,2,3,0.05,0,2.53487614402547,0,0,-2.81292636529543,0,0,0,0,0
415,2,10,1000,2000,21271531,"ifeval_min30",2,3,2,3,0.05,0,2.85758769954555,0,0,0,0,0,0,0,-2.79119902220555
416,2,10,1000,2000,21271531,"ifeval_min30",2,3,2,3,0.05,0,2.52930418238975,0,0,0,0,0,0,0,0
417,2,10,1000,2000,21271531,"ifeval_min30",2,3,2,3,0.05,0,2.97965304646641,0,0,0,0,0,0,0,0
418,2,10,1000,2000,21271531,"ifeval_min30",2,3,2,3,0.05,0,2.15974961570464,0,0,0,0,0,0,0,0
419,2,10,1000,2000,21271531,"ifeval_min30",2,3,2,3,0.05,0,2.90273510455154,0,0,0,0,0,0,0,0
420,2,10,1000,2000,21271531,"ifeval_min30",2,3,2,3,0.05,2.58439211989753,2.35119992494583,2.38028382323682,0,0,0,0,0,0,0
421,2,10,1000,2000,21271531,"ifeval_min30",2,3,2,3,0.05,0,2.01682935445569,0,0,0,0,0,0,0,0
422,2,10,1000,2000,21271531,"ifeval_min30",2,3,2,3,0.05,0,2.9459556909278,0,0,0,-2.44080760842189,0,0,0,0
423,2,10,1000,2000,21271531,"ifeval_min30",2,3,2,3,0.05,0,2.89236500603147,0,0,0,0,0,0,0,0
424,2,10,1000,2000,21271531,"ifeval_min30",2,3,2,3,0.05,0,2.07573400833644,0,0,0,0,0,-2.11861981917173,0,0
425,2,10,1000,2000,21271531,"ifeval_min30",2,3,2,3,0.05,0,2.96387765021063,0,0,0,0,0,0,0,0
426,2,10,1000,2000,21271531,"ifeval_min30",2,3,2,3,0.05,0,2.97822263464332,0,0,0,0,0,0,0,0
427,2,10,1000,2000,21271531,"ifeval_min30",2,3,2,3,0.05,0,2.29507192410529,0,0,0,0,0,0,0,0
428,2,10,1000,2000,21271531,"ifeval_min30",2,3,2,3,0.05,0,2.06828973628581,0,0,-2.89176281704567,0,0,0,0,0
429,2,10,1000,2000,21271531,"ifeval_min30",2,3,2,3,0.05,0,2.87060640146956,-2.14432480768301,0,0,0,0,0,0,0
430,2,10,1000,2000,21271531,"ifeval_min30",2,3,2,3,0.05,0,2.39560349658132,0,0,0,0,0,0,0,0
431,2,10,1000,2000,21271531,"ifeval_min30",2,3,2,3,0.05,0,2.40291187656112,0,-2.68814423773438,0,0,0,-2.48781974101439,0,0
432,2,10,1000,2000,21271531,"ifeval_min30",2,3,2,3,0.05,0,2.70532746450044,0,0,0,0,0,0,0,0
433,2,10,1000,2000,21271531,"ifeval_min30",2,3,2,3,0.05,0,2.94674589694478,0,0,0,0,2.87614679965191,0,0,0
434,2,10,1000,2000,21271531,"ifeval_min30",2,3,2,3,0.05,0,2.79613671940751,0,2.58273929194547,0,0,0,0,0,0
435,2,10,1000,2000,21271531,"ifeval_min30",2,3,2,3,0.05,0,2.00754893408157,0,0,0,2.78491395688616,0,0,0,0
436,2,10,1000,2000,21271531,"ifeval_min30",2,3,2,3,0.05,0,2.27181463246234,0,0,0,0,0,0,0,0
437,2,10,1000,2000,21271531,"ifeval_min30",2,3,2,3,0.05,0,2.43708631861955,0,0,0,2.24063167441636,0,0,0,0
438,2,10,1000,2000,21271531,"ifeval_min30",2,3,2,3,0.05,-2.73761004209518,2.44595791306347,0,0,0,0,0,0,0,-2.73233778588474
439,2,10,1000,2000,21271531,"ifeval_min30",2,3,2,3,0.05,0,2.3199558283668,0,0,0,0,0,0,0,0
440,2,10,1000,2000,21271531,"ifeval_min30",2,3,2,3,0.05,0,2.36878544301726,0,0,0,0,0,0,0,0
441,2,10,1000,2000,21271531,"ifeval_min30",2,3,2,3,0.05,0,2.58182833855972,0,0,0,0,0,2.47306296834722,0,0
442,2,10,1000,2000,21271531,"ifeval_min30",2,3,2,3,0.05,2.37105676345527,2.71771447407082,0,0,-2.91458308743313,0,0,0,0,0
443,2,10,1000,2000,21271531,"ifeval_min30",2,3,2,3,0.05,0,2.53430219413713,0,2.24538746103644,0,0,0,0,0,0
444,2,10,1000,2000,21271531,"ifeval_min30",2,3,2,3,0.05,0,2.47094377479516,0,0,0,0,0,2.0556333034765,0,0
445,2,10,1000,2000,21271531,"ifeval_min30",2,3,2,3,0.05,0,2.30196813982911,-2.56889220816083,0,0,0,0,0,0,0
446,2,10,1000,2000,21271531,"ifeval_min30",2,3,2,3,0.05,0,2.63246096973307,0,0,0,0,0,0,0,0
447,2,10,1000,2000,21271531,"ifeval_min30",2,3,2,3,0.05,0,2.25483973696828,0,0,0,0,0,0,0,0
448,2,10,1000,2000,21271531,"ifeval_min30",2,3,2,3,0.05,0,2.9537279556971,0,0,0,0,0,0,0,0
449,2,10,1000,2000,21271531,"ifeval_min30",2,3,2,3,0.05,0,2.93229661718942,0,0,0,0,0,0,0,0
450,2,10,1000,2000,21271531,"ifeval_min30",2,3,2,3,0.05,0,2.09399198298343,0,0,0,0,0,0,0,0
451,2,10,1000,2000,21271531,"ifeval_min30",2,3,2,3,0.05,0,2.60350806964561,0,0,0,0,0,0,0,0
452,2,10,1000,2000,21271531,"ifeval_min30",2,3,2,3,0.05,0,2.70171688823029,0,0,0,0,0,0,2.26053083734587,0
453,2,10,1000,2000,21271531,"ifeval_min30",2,3,2,3,0.05,0,2.23148520779796,0,0,0,0,0,0,0,0
454,2,10,1000,2000,21271531,"ifeval_min30",2,3,2,3,0.05,0,2.79074544622563,0,0,0,0,0,0,0,2.7413477608934
455,2,10,1000,2000,21271531,"ifeval_min30",2,3,2,3,0.05,0,2.67842671647668,0,2.04030434996821,0,0,2.85759093472734,0,0,0
456,2,10,1000,2000,21271531,"ifeval_min30",2,3,2,3,0.05,0,2.93656220170669,0,0,0,0,0,0,0,0
457,2,10,1000,2000,21271531,"ifeval_min30",2,3,2,3,0.05,0,2.97673099627718,2.25778575567529,0,0,0,0,0,0,0
458,2,10,1000,2000,21271531,"ifeval_min30",2,3,2,3,0.05,0,2.46445921179838,0,0,0,0,0,0,0,0
459,2,10,1000,2000,21271531,"ifeval_min30",2,3,2,3,0.05,0,2.90698270802386,0,0,0,0,2.56595987197943,0,0,0
460,2,10,1000,2000,21271531,"ifeval_min30",2,3,2,3,0.05,0,2.34817259735428,-2.84623706666753,-2.95136542501859,0,0,0,0,0,0
461,2,10,1000,2000,21271531,"ifeval_min30",2,3,2,3,0.05,0,2.98301112675108,0,0,0,0,0,0,0,0
462,2,10,1000,2000,21271531,"ifeval_min30",2,3,2,3,0.05,0,2.16569446679205,0,0,0,0,0,0,0,0
463,2,10,1000,2000,21271531,"ifeval_min30",2,3,2,3,0.05,0,2.89844125322998,0,0,0,0,0,0,0,0
464,2,10,1000,2000,21271531,"ifeval_min30",2,3,2,3,0.05,0,2.36913647921756,2.1305698370561,0,0,0,0,0,0,0
465,2,10,1000,2000,21271531,"ifeval_min30",2,3,2,3,0.05,-2.40627437992953,2.6505423381459,0,0,0,0,0,0,0,0
466,2,10,1000,2000,21271531,"ifeval_min30",2,3,2,3,0.05,0,2.88995141698979,0,0,0,0,0,0,0,0
467,2,10,1000,2000,21271531,"ifeval_min30",2,3,2,3,0.05,0,2.06846001325175,0,0,0,0,0,0,0,0
468,2,10,1000,2000,21271531,"ifeval_min30",2,3,2,3,0.05,0,2.22591669415124,0,0,0,2.26262336759828,0,0,0,2.69969405559823
469,2,10,1000,2000,21271531,"ifeval_min30",2,3,2,3,0.05,0,2.88220487185754,0,0,2.67265901830979,0,0,0,0,0
470,2,10,1000,2000,21271531,"ifeval_min30",2,3,2,3,0.05,0,2.61981720966287,0,0,0,0,0,0,0,0
471,2,10,1000,2000,21271531,"ifeval_min30",2,3,2,3,0.05,0,2.57229801313952,-2.81935836258344,0,0,0,0,0,0,0
472,2,10,1000,2000,21271531,"ifeval_min30",2,3,2,3,0.05,0,2.77420811681077,0,0,0,0,0,0,0,0
473,2,10,1000,2000,21271531,"ifeval_min30",2,3,2,3,0.05,0,2.26217307266779,0,2.53134844219312,0,0,0,0,0,0
474,2,10,1000,2000,21271531,"ifeval_min30",2,3,2,3,0.05,0,2.2290362874046,0,0,0,0,0,0,0,0
475,2,10,1000,2000,21271531,"ifeval_min30",2,3,2,3,0.05,0,2.60800920799375,0,0,0,0,0,0,0,0
476,2,10,1000,2000,21271531,"ifeval_min30",2,3,2,3,0.05,0,2.78783472860232,0,0,0,0,0,0,0,0
477,2,10,1000,2000,21271531,"ifeval_min30",2,3,2,3,0.05,0,2.02140682819299,0,0,0,0,0,0,0,0
478,2,10,1000,2000,21271531,"ifeval_min30",2,3,2,3,0.05,0,2.75449618743733,0,0,0,0,0,0,0,0
479,2,10,1000,2000,21271531,"ifeval_min30",2,3,2,3,0.05,0,2.80050446395762,0,0,0,2.44332920457236,0,0,0,0
480,3,10,1000,2000,21271531,"ifeval_min30",2,3,2,3,0.05,0,0,2.97613692935556,0,0,0,0,0,2.10230385954492,0
481,3,10,1000,2000,21271531,"ifeval_min30",2,3,2,3,0.05,0,0,2.49401403684169,0,0,0,-2.04729529586621,0,0,0
482,3,10,1000,2000,21271531,"ifeval_min30",2,3,2,3,0.05,0,0,2.46392914745957,0,0,0,0,0,0,0
483,3,10,1000,2000,21271531,"ifeval_min30",2,3,2,3,0.05,0,0,2.71070938091725,0,0,0,0,0,0,0
484,3,10,1000,2000,21271531,"ifeval_min30",2,3,2,3,0.05,0,0,2.09143758541904,0,0,0,0,0,0,0
485,3,10,1000,2000,21271531,"ifeval_min30",2,3,2,3,0.05,0,0,2.41720578959212,0,0,0,0,0,0,0
486,3,10,1000,2000,21271531,"ifeval_min30",2,3,2,3,0.05,0,0,2.90709494310431,0,0,0,0,0,0,0
487,3,10,1000,2000,21271531,"ifeval_min30",2,3,2,3,0.05,0,0,2.3331063000951,0,2.55909519433044,0,0,0,0,0
488,3,10,1000,2000,21271531,"ifeval_min30",2,3,2,3,0.05,0,0,2.42974312510341,0,0,2.17366816219874,0,0,0,0
489,3,10,1000,2000,21271531,"ifeval_min30",2,3,2,3,0.05,0,0,2.14539156365208,0,0,0,0,0,0,0
490,3,10,1000,2000,21271531,"ifeval_min30",2,3,2,3,0.05,0,0,2.2880791942589,0,0,0,0,0,2.57005726918578,0
491,3,10,1000,2000,21271531,"ifeval_min30",2,3,2,3,0.05,0,0,2.21006973972544,0,0,0,0,0,0,0
492,3,10,1000,2000,21271531,"ifeval_min30",2,3,2,3,0.05,0,0,2.94249321124516,0,0,0,0,0,0,0
493,3,10,1000,2000,21271531,"ifeval_min30",2,3,2,3,0.05,0,0,2.04708507168107,0,0,0,0,0,0,0
494,3,10,1000,2000,21271531,"ifeval_min30",2,3,2,3,0.05,0,0,2.33466667612083,0,0,0,0,0,0,0
495,3,10,1000,2000,21271531,"ifeval_min30",2,3,2,3,0.05,0,0,2.92553388373926,0,0,0,0,0,0,0
496,3,10,1000,2000,21271531,"ifeval_min30",2,3,2,3,0.05,0,0,2.32443284871988,0,2.31366605171934,0,0,0,0,2.8698415949475
497,3,10,1000,2000,21271531,"ifeval_min30",2,3,2,3,0.05,0,0,2.16214308142662,0,0,0,-2.20212314254604,0,0,0
498,3,10,1000,2000,21271531,"ifeval_min30",2,3,2,3,0.05,0,0,2.86510358098894,0,0,0,0,0,0,0
499,3,10,1000,2000,21271531,"ifeval_min30",2,3,2,3,0.05,-2.30927033000626,0,2.04862962826155,0,0,0,0,0,0,0
500,3,10,1000,2000,21271531,"ifeval_min30",2,3,2,3,0.05,0,0,2.95590532408096,0,2.97823524894193,0,0,0,0,0
501,3,10,1000,2000,21271531,"ifeval_min30",2,3,2,3,0.05,0,0,2.36448222072795,0,0,0,0,0,0,0
502,3,10,1000,2000,21271531,"ifeval_min30",2,3,2,3,0.05,0,0,2.50909485062584,0,0,0,0,0,0,0
503,3,10,1000,2000,21271531,"ifeval_min30",2,3,2,3,0.05,0,-2.93303121160716,2.11538125574589,0,0,0,0,-2.89140511979349,0,0
504,3,10,1000,2000,21271531,"ifeval_min30",2,3,2,3,0.05,0,0,2.70138045120984,0,0,0,0,0,0,0
505,3,10,1000,2000,21271531,"ifeval_min30",2,3,2,3,0.05,0,0,2.66299080266617,0,0,-2.83739303913899,0,0,0,0
506,3,10,1000,2000,21271531,"ifeval_min30",2,3,2,3,0.05,0,0,2.58874889067374,0,-2.82883707736619,0,0,-2.02476102625951,0,0
507,3,10,1000,2000,21271531,"ifeval_min30",2,3,2,3,0.05,0,0,2.87909042672254,0,0,0,0,0,0,0
508,3,10,1000,2000,21271531,"ifeval_min30",2,3,2,3,0.05,0,0,2.12913384684362,0,0,0,0,0,0,0
509,3,10,1000,2000,21271531,"ifeval_min30",2,3,2,3,0.05,0,0,2.49904308910482,0,2.4260091104079,0,0,0,0,0
510,3,10,1000,2000,21271531,"ifeval_min30",2,3,2,3,0.05,0,0,2.40240062261,0,0,0,0,0,0,0
511,3,10,1000,2000,21271531,"ifeval_min30",2,3,2,3,0.05,0,0,2.48925176612101,0,0,0,0,0,0,0
512,3,10,1000,2000,21271531,"ifeval_min30",2,3,2,3,0.05,0,-2.91993623250164,2.95564835192636,0,0,0,0,0,0,0
513,3,10,1000,2000,21271531,"ifeval_min30",2,3,2,3,0.05,0,2.55321364407428,2.99952123919502,0,0,0,0,0,0,-2.27725733886473
514,3,10,1000,2000,21271531,"ifeval_min30",2,3,2,3,0.05,0,0,2.23172665131278,0,0,0,0,0,0,0
515,3,10,1000,2000,21271531,"ifeval_min30",2,3,2,3,0.05,0,0,2.60489768651314,0,0,0,0,0,2.13144354452379,0
516,3,10,1000,2000,21271531,"ifeval_min30",2,3,2,3,0.05,0,0,2.20530230086297,0,0,0,0,0,0,0
517,3,10,1000,2000,21271531,"ifeval_min30",2,3,2,3,0.05,0,0,2.56985734961927,0,0,0,0,0,0,0
518,3,10,1000,2000,21271531,"ifeval_min30",2,3,2,3,0.05,0,0,2.62740646046586,0,0,0,0,0,0,0
519,3,10,1000,2000,21271531,"ifeval_min30",2,3,2,3,0.05,0,0,2.6636768928729,0,0,0,-2.60735109541565,2.09503069729544,0,0
520,3,10,1000,2000,21271531,"ifeval_min30",2,3,2,3,0.05,0,0,2.34819912794046,0,0,0,0,0,0,0
521,3,10,1000,2000,21271531,"ifeval_min30",2,3,2,3,0.05,0,0,2.52833718643524,0,2.16385172470473,0,0,0,0,0
522,3,10,1000,2000,21271531,"ifeval_min30",2,3,2,3,0.05,0,0,2.0797936564777,0,0,0,0,0,0,0
523,3,10,1000,2000,21271531,"ifeval_min30",2,3,2,3,0.05,0,0,2.26527849258855,0,0,0,0,0,0,0
524,3,10,1000,2000,21271531,"ifeval_min30",2,3,2,3,0.05,0,0,2.43609193712473,0,0,0,0,2.02260006940924,0,0
525,3,10,1000,2000,21271531,"ifeval_min30",2,3,2,3,0.05,0,0,2.4710430460982,0,0,0,0,0,0,0
526,3,10,1000,2000,21271531,"ifeval_min30",2,3,2,3,0.05,0,0,2.56544231250882,0,0,0,0,0,0,0
527,3,10,1000,2000,21271531,"ifeval_min30",2,3,2,3,0.05,0,-2.08942553121597,2.31389165925793,0,0,0,0,0,0,0
528,3,10,1000,2000,21271531,"ifeval_min30",2,3,2,3,0.05,0,0,2.05426402087323,0,0,0,0,0,0,0
529,3,10,1000,2000,21271531,"ifeval_min30",2,3,2,3,0.05,0,0,2.42227518884465,-2.85587961855344,0,0,0,0,0,0
530,3,10,1000,2000,21271531,"ifeval_min30",2,3,2,3,0.05,0,0,2.11389923514798,0,0,0,0,0,0,0
531,3,10,1000,2000,21271531,"ifeval_min30",2,3,2,3,0.05,-2.44882147666067,0,2.79180300189182,0,0,0,0,0,-2.54444072651677,0
532,3,10,1000,2000,21271531,"ifeval_min30",2,3,2,3,0.05,0,0,2.45428365492262,0,0,0,0,0,0,0
533,3,10,1000,2000,21271531,"ifeval_min30",2,3,2,3,0.05,0,0,2.73830131068826,0,0,0,0,2.2811772285495,0,0
534,3,10,1000,2000,21271531,"ifeval_min30",2,3,2,3,0.05,0,0,2.15276884310879,2.52558051259257,0,0,0,0,0,0
535,3,10,1000,2000,21271531,"ifeval_min30",2,3,2,3,0.05,0,0,2.14757053810172,0,0,0,0,0,0,0
536,3,10,1000,2000,21271531,"ifeval_min30",2,3,2,3,0.05,0,0,2.35156439384446,0,0,0,0,0,0,0
537,3,10,1000,2000,21271531,"ifeval_min30",2,3,2,3,0.05,0,0,2.90433058631606,0,0,0,0,0,0,0
538,3,10,1000,2000,21271531,"ifeval_min30",2,3,2,3,0.05,0,0,2.23430109070614,0,0,2.55045479210094,0,0,0,0
539,3,10,1000,2000,21271531,"ifeval_min30",2,3,2,3,0.05,0,0,2.79548967210576,2.6216170785483,2.64231898193248,0,0,0,0,0
540,3,10,1000,2000,21271531,"ifeval_min30",2,3,2,3,0.05,0,0,2.52241752482951,0,0,0,0,0,0,0
541,3,10,1000,2000,21271531,"ifeval_min30",2,3,2,3,0.05,0,0,2.80498911021277,0,0,0,0,0,0,0
542,3,10,1000,2000,21271531,"ifeval_min30",2,3,2,3,0.05,-2.43489488144405,0,2.60768269491382,0,0,0,0,0,0,0
543,3,10,1000,2000,21271531,"ifeval_min30",2,3,2,3,0.05,0,0,2.60866266395897,0,0,0,0,0,0,0
544,3,10,1000,2000,21271531,"ifeval_min30",2,3,2,3,0.05,0,0,2.91988071240485,0,0,0,0,0,0,0
545,3,10,1000,2000,21271531,"ifeval_min30",2,3,2,3,0.05,0,0,2.39133271970786,0,-2.09906502161175,0,0,0,0,0
546,3,10,1000,2000,21271531,"ifeval_min30",2,3,2,3,0.05,0,0,2.23427530983463,0,0,0,0,0,0,0
547,3,10,1000,2000,21271531,"ifeval_min30",2,3,2,3,0.05,0,0,2.1781976162456,0,0,0,0,0,0,0
548,3,10,1000,2000,21271531,"ifeval_min30",2,3,2,3,0.05,0,0,2.56721859332174,0,0,0,0,0,2.92916397796944,0
549,3,10,1000,2000,21271531,"ifeval_min30",2,3,2,3,0.05,0,0,2.51576806977391,0,-2.64067204808816,0,0,0,0,0
550,3,10,1000,2000,21271531,"ifeval_min30",2,3,2,3,0.05,0,0,2.8326795885805,0,0,0,0,0,0,0
551,3,10,1000,2000,21271531,"ifeval_min30",2,3,2,3,0.05,0,-2.81130802584812,2.10751392343082,0,0,0,0,0,0,0
552,3,10,1000,2000,21271531,"ifeval_min30",2,3,2,3,0.05,0,0,2.01094848965295,0,0,0,0,0,0,0
553,3,10,1000,2000,21271531,"ifeval_min30",2,3,2,3,0.05,0,0,2.72686741920188,0,2.68294750247151,0,0,0,0,0
554,3,10,1000,2000,21271531,"ifeval_min30",2,3,2,3,0.05,0,0,2.87171277287416,0,0,0,0,0,0,0
555,3,10,1000,2000,21271531,"ifeval_min30",2,3,2,3,0.05,0,0,2.83474426437169,0,0,0,-2.05627485807054,0,0,0
556,3,10,1000,2000,21271531,"ifeval_min30",2,3,2,3,0.05,0,0,2.01800683652982,0,0,0,0,0,0,0
557,3,10,1000,2000,21271531,"ifeval_min30",2,3,2,3,0.05,0,2.99646068457514,2.33523090695962,0,2.15438941284083,0,0,0,0,0
558,3,10,1000,2000,21271531,"ifeval_min30",2,3,2,3,0.05,0,0,2.81849831854925,0,0,-2.63948604557663,0,0,0,0
559,3,10,1000,2000,21271531,"ifeval_min30",2,3,2,3,0.05,0,0,2.46394290286116,0,0,0,0,0,2.02729823556729,2.42058867844753
560,3,10,1000,2000,21271531,"ifeval_min30",2,3,2,3,0.05,0,0,2.92999045271426,0,0,0,0,0,0,0
561,3,10,1000,2000,21271531,"ifeval_min30",2,3,2,3,0.05,0,0,2.47502852301113,0,0,0,2.21954820910469,0,0,0
562,3,10,1000,2000,21271531,"ifeval_min30",2,3,2,3,0.05,0,0,2.19440900837071,0,0,0,0,0,-2.17112128762528,0
563,3,10,1000,2000,21271531,"ifeval_min30",2,3,2,3,0.05,0,0,2.24887337279506,0,0,-2.46696399757639,0,0,0,0
564,3,10,1000,2000,21271531,"ifeval_min30",2,3,2,3,0.05,0,0,2.66571426880546,0,0,0,0,0,0,0
565,3,10,1000,2000,21271531,"ifeval_min30",2,3,2,3,0.05,0,0,2.31603544275276,0,0,0,0,0,0,0
566,3,10,1000,2000,21271531,"ifeval_min30",2,3,2,3,0.05,0,0,2.77220787433907,0,0,0,0,0,0,0
567,3,10,1000,2000,21271531,"ifeval_min30",2,3,2,3,0.05,0,0,2.44971398962662,0,0,0,0,0,0,0
568,3,10,1000,2000,21271531,"ifeval_min30",2,3,2,3,0.05,0,0,2.18548054853454,0,0,0,0,0,0,0
569,3,10,1000,2000,21271531,"ifeval_min30",2,3,2,3,0.05,0,0,2.12819336634129,0,0,0,0,0,0,0
570,3,10,1000,2000,21271531,"ifeval_min30",2,3,2,3,0.05,0,0,2.91359972138889,2.10634433967061,0,0,0,0,0,0
571,3,10,1000,2000,21271531,"ifeval_min30",2,3,2,3,0.05,2.26051076408476,0,2.51192994904704,0,0,0,0,0,0,0
572,3,10,1000,2000,21271531,"ifeval_min30",2,3,2,3,0.05,0,0,2.49398292531259,0,0,0,0,0,0,0
573,3,10,1000,2000,21271531,"ifeval_min30",2,3,2,3,0.05,0,0,2.07739823078737,0,0,0,0,0,0,0
574,3,10,1000,2000,21271531,"ifeval_min30",2,3,2,3,0.05,0,0,2.55090036336333,0,0,0,0,0,0,-2.13063429715112
575,3,10,1000,2000,21271531,"ifeval_min30",2,3,2,3,0.05,0,0,2.48127895966172,0,0,0,-2.37598143727519,-2.80210542120039,0,0
576,3,10,1000,2000,21271531,"ifeval_min30",2,3,2,3,0.05,0,0,2.24085752223618,0,0,0,0,0,0,0
577,3,10,1000,2000,21271531,"ifeval_min30",2,3,2,3,0.05,0,0,2.54338316689245,0,0,0,-2.08813348039985,2.91938649467193,0,0
578,3,10,1000,2000,21271531,"ifeval_min30",2,3,2,3,0.05,0,0,2.88701088633388,0,0,0,0,0,2.41877883882262,0
579,3,10,1000,2000,21271531,"ifeval_min30",2,3,2,3,0.05,2.64250567415729,0,2.1502923828084,2.70468748221174,0,0,0,0,0,0
580,3,10,1000,2000,21271531,"ifeval_min30",2,3,2,3,0.05,0,0,2.7074525365606,0,0,0,0,0,0,0
581,3,10,1000,2000,21271531,"ifeval_min30",2,3,2,3,0.05,0,0,2.74101876886562,0,0,0,0,0,0,0
582,3,10,1000,2000,21271531,"ifeval_min30",2,3,2,3,0.05,0,0,2.12033462431282,0,0,0,-2.58913376391865,0,0,0
583,3,10,1000,2000,21271531,"ifeval_min30",2,3,2,3,0.05,0,0,2.61870542424731,-2.32008348614909,0,0,2.04710961249657,0,0,0
584,3,10,1000,2000,21271531,"ifeval_min30",2,3,2,3,0.05,0,0,2.31219741445966,0,0,0,0,0,0,0
585,4,10,1000,2000,21271531,"ifeval_min30",2,3,2,3,0.05,0,0,0,2.70217601303011,0,0,0,0,0,0
586,4,10,1000,2000,21271531,"ifeval_min30",2,3,2,3,0.05,0,0,0,2.71587299695238,0,0,0,0,0,0
587,4,10,1000,2000,21271531,"ifeval_min30",2,3,2,3,0.05,0,0,0,2.37101793801412,0,0,0,0,0,0
588,4,10,1000,2000,21271531,"ifeval_min30",2,3,2,3,0.05,2.44564342335798,2.58053259598091,-2.42366005922668,2.11547806859016,0,0,0,0,0,0
589,4,10,1000,2000,21271531,"ifeval_min30",2,3,2,3,0.05,0,0,0,2.06401400570758,0,0,0,0,0,0
590,4,10,1000,2000,21271531,"ifeval_min30",2,3,2,3,0.05,2.89798579970375,0,0,2.07096891012043,0,0,0,0,0,0
591,4,10,1000,2000,21271531,"ifeval_min30",2,3,2,3,0.05,0,0,0,2.17776048812084,0,0,0,0,0,0
592,4,10,1000,2000,21271531,"ifeval_min30",2,3,2,3,0.05,-2.27379831066355,0,0,2.8978903235402,0,0,0,0,0,0
593,4,10,1000,2000,21271531,"ifeval_min30",2,3,2,3,0.05,0,0,0,2.26168216671795,0,0,0,0,0,0
594,4,10,1000,2000,21271531,"ifeval_min30",2,3,2,3,0.05,0,0,0,2.30397094017826,0,0,0,0,0,0
595,4,10,1000,2000,21271531,"ifeval_min30",2,3,2,3,0.05,0,0,0,2.669695913326,0,-2.42884072847664,0,0,0,2.872079459019
596,4,10,1000,2000,21271531,"ifeval_min30",2,3,2,3,0.05,0,0,0,2.55092704831623,0,0,0,0,0,0
597,4,10,1000,2000,21271531,"ifeval_min30",2,3,2,3,0.05,0,0,0,2.08794064912945,0,0,0,0,0,0
598,4,10,1000,2000,21271531,"ifeval_min30",2,3,2,3,0.05,0,0,0,2.29622555221431,0,0,0,0,0,0
599,4,10,1000,2000,21271531,"ifeval_min30",2,3,2,3,0.05,0,0,0,2.87196000781842,0,0,0,0,0,0
600,4,10,1000,2000,21271531,"ifeval_min30",2,3,2,3,0.05,0,0,0,2.38990944297984,0,0,0,0,0,0
601,4,10,1000,2000,21271531,"ifeval_min30",2,3,2,3,0.05,0,0,0,2.60120631358586,0,0,0,0,0,0
602,4,10,1000,2000,21271531,"ifeval_min30",2,3,2,3,0.05,0,0,0,2.06943125440739,0,0,0,0,0,0
603,4,10,1000,2000,21271531,"ifeval_min30",2,3,2,3,0.05,0,0,0,2.04816924058832,0,0,0,0,0,0
604,4,10,1000,2000,21271531,"ifeval_min30",2,3,2,3,0.05,0,0,0,2.87258246936835,0,0,0,0,0,0
605,4,10,1000,2000,21271531,"ifeval_min30",2,3,2,3,0.05,0,0,0,2.49788469681516,0,0,0,0,0,0
606,4,10,1000,2000,21271531,"ifeval_min30",2,3,2,3,0.05,0,0,0,2.94392830505967,0,0,0,0,0,0
607,4,10,1000,2000,21271531,"ifeval_min30",2,3,2,3,0.05,0,0,0,2.60390863684006,0,0,0,0,0,0
608,4,10,1000,2000,21271531,"ifeval_min30",2,3,2,3,0.05,0,0,0,2.78026273241267,0,0,0,0,0,0
609,4,10,1000,2000,21271531,"ifeval_min30",2,3,2,3,0.05,0,0,0,2.21345968288369,0,0,0,0,-2.5193701190874,0
610,4,10,1000,2000,21271531,"ifeval_min30",2,3,2,3,0.05,0,0,0,2.36452191206627,0,0,0,2.52927770302631,-2.43613852350973,-2.49848452000879
611,4,10,1000,2000,21271531,"ifeval_min30",2,3,2,3,0.05,0,0,0,2.11523374868557,0,0,0,0,-2.65780012821779,0
612,4,10,1000,2000,21271531,"ifeval_min30",2,3,2,3,0.05,0,0,0,2.86526310141198,0,0,0,0,0,2.45190242002718
613,4,10,1000,2000,21271531,"ifeval_min30",2,3,2,3,0.05,0,0,0,2.17932519945316,0,0,0,0,0,0
614,4,10,1000,2000,21271531,"ifeval_min30",2,3,2,3,0.05,0,0,0,2.62957029952668,0,0,0,0,0,0
615,4,10,1000,2000,21271531,"ifeval_min30",2,3,2,3,0.05,0,0,0,2.37980980635621,0,0,0,0,0,0
616,4,10,1000,2000,21271531,"ifeval_min30",2,3,2,3,0.05,-2.37573236855678,0,0,2.26433189865202,0,0,0,0,0,0
617,4,10,1000,2000,21271531,"ifeval_min30",2,3,2,3,0.05,0,0,0,2.10478974226862,0,0,0,0,0,0
618,4,10,1000,2000,21271531,"ifeval_min30",2,3,2,3,0.05,-2.96793073182926,0,0,2.99648426449858,0,0,0,0,-2.52822969132103,0
619,4,10,1000,2000,21271531,"ifeval_min30",2,3,2,3,0.05,0,0,0,2.12798858201131,0,0,2.69948621443473,0,0,0
620,4,10,1000,2000,21271531,"ifeval_min30",2,3,2,3,0.05,0,0,-2.20201380155049,2.34495880897157,0,0,0,0,0,0
621,4,10,1000,2000,21271531,"ifeval_min30",2,3,2,3,0.05,0,0,0,2.89265079703182,0,0,0,0,0,0
622,4,10,1000,2000,21271531,"ifeval_min30",2,3,2,3,0.05,0,0,0,2.19404577999376,0,0,0,0,0,0
623,4,10,1000,2000,21271531,"ifeval_min30",2,3,2,3,0.05,0,0,0,2.93704516929574,0,0,0,0,0,0
624,4,10,1000,2000,21271531,"ifeval_min30",2,3,2,3,0.05,0,0,0,2.07204232690856,0,0,0,0,0,0
625,4,10,1000,2000,21271531,"ifeval_min30",2,3,2,3,0.05,0,0,0,2.79452228476293,0,0,0,0,0,0
626,4,10,1000,2000,21271531,"ifeval_min30",2,3,2,3,0.05,0,0,0,2.07729269331321,0,0,0,0,0,0
627,4,10,1000,2000,21271531,"ifeval_min30",2,3,2,3,0.05,0,0,0,2.05541117396206,0,0,0,0,-2.31524256360717,0
628,4,10,1000,2000,21271531,"ifeval_min30",2,3,2,3,0.05,0,0,0,2.02329162671231,0,0,0,0,0,0
629,4,10,1000,2000,21271531,"ifeval_min30",2,3,2,3,0.05,0,0,0,2.21573421685025,0,0,0,0,0,0
630,4,10,1000,2000,21271531,"ifeval_min30",2,3,2,3,0.05,0,0,0,2.57129219453782,0,0,0,2.20282005844638,0,0
631,4,10,1000,2000,21271531,"ifeval_min30",2,3,2,3,0.05,0,0,0,2.00081181083806,0,0,0,0,0,0
632,4,10,1000,2000,21271531,"ifeval_min30",2,3,2,3,0.05,0,0,0,2.28116860729642,0,0,-2.43896234105341,0,0,0
633,4,10,1000,2000,21271531,"ifeval_min30",2,3,2,3,0.05,0,0,0,2.98548623966053,0,2.08244122145697,0,0,0,0
634,4,10,1000,2000,21271531,"ifeval_min30",2,3,2,3,0.05,0,0,0,2.56608071923256,0,0,0,0,0,0
635,4,10,1000,2000,21271531,"ifeval_min30",2,3,2,3,0.05,0,0,0,2.88236131961457,0,0,0,0,-2.17635366832837,0
636,4,10,1000,2000,21271531,"ifeval_min30",2,3,2,3,0.05,0,0,0,2.23723534634337,0,0,0,2.38448791671544,0,0
637,4,10,1000,2000,21271531,"ifeval_min30",2,3,2,3,0.05,0,0,0,2.12004718836397,0,0,0,0,0,0
638,4,10,1000,2000,21271531,"ifeval_min30",2,3,2,3,0.05,0,0,0,2.4593433260452,0,0,0,0,0,0
639,4,10,1000,2000,21271531,"ifeval_min30",2,3,2,3,0.05,0,0,0,2.62079864949919,0,0,0,0,0,0
640,4,10,1000,2000,21271531,"ifeval_min30",2,3,2,3,0.05,0,0,0,2.27583465375938,0,0,0,0,0,0
641,4,10,1000,2000,21271531,"ifeval_min30",2,3,2,3,0.05,0,0,0,2.67421396449208,0,0,0,0,0,0
642,4,10,1000,2000,21271531,"ifeval_min30",2,3,2,3,0.05,0,0,2.00706166331656,2.20412774244323,0,0,0,2.34419103804976,0,0
643,4,10,1000,2000,21271531,"ifeval_min30",2,3,2,3,0.05,0,2.41538227186538,0,2.99182689306326,0,0,0,0,0,0
644,4,10,1000,2000,21271531,"ifeval_min30",2,3,2,3,0.05,0,0,0,2.21167912962846,0,0,0,0,0,0
645,4,10,1000,2000,21271531,"ifeval_min30",2,3,2,3,0.05,0,0,0,2.32769391103648,0,0,0,0,0,0
646,4,10,1000,2000,21271531,"ifeval_min30",2,3,2,3,0.05,0,0,0,2.96114730346017,0,0,0,0,0,0
647,4,10,1000,2000,21271531,"ifeval_min30",2,3,2,3,0.05,0,0,0,2.44237905903719,0,0,0,0,0,0
648,4,10,1000,2000,21271531,"ifeval_min30",2,3,2,3,0.05,0,0,0,2.82337780133821,0,0,0,0,0,0
649,4,10,1000,2000,21271531,"ifeval_min30",2,3,2,3,0.05,0,0,0,2.08303269906901,0,0,0,0,0,0
650,4,10,1000,2000,21271531,"ifeval_min30",2,3,2,3,0.05,0,0,0,2.37890310166404,0,0,0,0,0,0
651,4,10,1000,2000,21271531,"ifeval_min30",2,3,2,3,0.05,0,0,0,2.29046405875124,0,0,0,0,0,0
652,4,10,1000,2000,21271531,"ifeval_min30",2,3,2,3,0.05,0,0,0,2.28732286975719,0,0,0,0,0,0
653,4,10,1000,2000,21271531,"ifeval_min30",2,3,2,3,0.05,0,0,0,2.23324332316406,-2.64806743548252,0,0,0,0,0
654,4,10,1000,2000,21271531,"ifeval_min30",2,3,2,3,0.05,0,0,0,2.17115220730193,0,0,0,0,0,0
655,4,10,1000,2000,21271531,"ifeval_min30",2,3,2,3,0.05,0,0,0,2.11005202494562,0,0,0,0,0,0
656,4,10,1000,2000,21271531,"ifeval_min30",2,3,2,3,0.05,0,0,0,2.51407756726258,0,0,0,0,0,0
657,4,10,1000,2000,21271531,"ifeval_min30",2,3,2,3,0.05,0,0,0,2.09956779237837,0,0,0,0,-2.33815024839714,0
658,4,10,1000,2000,21271531,"ifeval_min30",2,3,2,3,0.05,0,0,0,2.73465580539778,0,0,0,0,0,0
659,4,10,1000,2000,21271531,"ifeval_min30",2,3,2,3,0.05,0,0,0,2.72364426264539,0,0,0,0,0,0
660,4,10,1000,2000,21271531,"ifeval_min30",2,3,2,3,0.05,0,0,0,2.66858720919117,0,0,0,0,0,0
661,4,10,1000,2000,21271531,"ifeval_min30",2,3,2,3,0.05,0,0,0,2.77962536341511,0,0,0,-2.8657239167951,0,0
662,4,10,1000,2000,21271531,"ifeval_min30",2,3,2,3,0.05,0,0,0,2.77822627220303,0,0,0,0,0,0
663,4,10,1000,2000,21271531,"ifeval_min30",2,3,2,3,0.05,0,0,0,2.62064328743145,0,0,0,0,0,0
664,4,10,1000,2000,21271531,"ifeval_min30",2,3,2,3,0.05,0,0,0,2.35761184873991,0,0,0,0,2.32592711085454,0
665,4,10,1000,2000,21271531,"ifeval_min30",2,3,2,3,0.05,0,0,0,2.86087392619811,0,0,0,0,0,0
666,4,10,1000,2000,21271531,"ifeval_min30",2,3,2,3,0.05,0,2.76367533858865,2.68574622971937,2.09829597920179,0,0,0,0,0,0
667,5,10,1000,2000,21271531,"ifeval_min30",2,3,2,3,0.05,0,0,0,0,2.84400213183835,-2.37035411829129,0,0,0,0
668,5,10,1000,2000,21271531,"ifeval_min30",2,3,2,3,0.05,0,0,0,0,2.28506479086354,0,0,0,0,2.54775708378293
669,5,10,1000,2000,21271531,"ifeval_min30",2,3,2,3,0.05,0,0,0,0,2.00565369077958,0,0,0,0,0
670,5,10,1000,2000,21271531,"ifeval_min30",2,3,2,3,0.05,0,0,0,0,2.56838196935132,0,0,0,0,0
671,5,10,1000,2000,21271531,"ifeval_min30",2,3,2,3,0.05,0,0,0,0,2.11041622562334,0,0,-2.28568147448823,0,0
672,5,10,1000,2000,21271531,"ifeval_min30",2,3,2,3,0.05,0,0,0,0,2.6352562403772,0,0,0,0,0
673,5,10,1000,2000,21271531,"ifeval_min30",2,3,2,3,0.05,0,0,0,0,2.86732415342703,0,0,0,0,0
674,5,10,1000,2000,21271531,"ifeval_min30",2,3,2,3,0.05,0,0,0,0,2.8944268070627,0,0,0,-2.85001981630921,0
675,5,10,1000,2000,21271531,"ifeval_min30",2,3,2,3,0.05,0,0,0,0,2.27795052016154,0,0,-2.53648666664958,0,0
676,5,10,1000,2000,21271531,"ifeval_min30",2,3,2,3,0.05,2.05666525638662,0,0,0,2.61359720607288,0,0,0,0,0
677,5,10,1000,2000,21271531,"ifeval_min30",2,3,2,3,0.05,0,-2.36566940322518,0,0,2.86740719666705,0,0,0,0,0
678,5,10,1000,2000,21271531,"ifeval_min30",2,3,2,3,0.05,0,0,0,0,2.29599363706075,0,0,0,0,0
679,5,10,1000,2000,21271531,"ifeval_min30",2,3,2,3,0.05,0,0,0,-2.55537605681457,2.37277118838392,0,0,0,0,0
680,5,10,1000,2000,21271531,"ifeval_min30",2,3,2,3,0.05,0,0,0,0,2.29515827726573,0,0,0,0,0
681,5,10,1000,2000,21271531,"ifeval_min30",2,3,2,3,0.05,0,0,0,0,2.55162511579692,0,0,0,2.95868501882069,0
682,5,10,1000,2000,21271531,"ifeval_min30",2,3,2,3,0.05,0,0,0,0,2.45951588754542,0,0,0,0,0
683,5,10,1000,2000,21271531,"ifeval_min30",2,3,2,3,0.05,0,0,0,0,2.84817062574439,0,0,0,0,0
684,5,10,1000,2000,21271531,"ifeval_min30",2,3,2,3,0.05,0,0,0,0,2.69412063783966,0,0,0,0,0
685,5,10,1000,2000,21271531,"ifeval_min30",2,3,2,3,0.05,0,0,0,0,2.68403443857096,0,0,0,0,0
686,5,10,1000,2000,21271531,"ifeval_min30",2,3,2,3,0.05,0,0,0,0,2.9941532749217,0,0,0,0,0
687,5,10,1000,2000,21271531,"ifeval_min30",2,3,2,3,0.05,0,0,0,0,2.77201336971484,0,0,0,0,0
688,5,10,1000,2000,21271531,"ifeval_min30",2,3,2,3,0.05,0,0,0,0,2.2909730207175,0,0,0,2.92661846848205,0
689,5,10,1000,2000,21271531,"ifeval_min30",2,3,2,3,0.05,0,0,0,0,2.0383171106223,0,0,0,0,0
690,5,10,1000,2000,21271531,"ifeval_min30",2,3,2,3,0.05,0,0,0,0,2.48455982725136,0,0,0,0,0
691,5,10,1000,2000,21271531,"ifeval_min30",2,3,2,3,0.05,0,0,0,0,2.53825751203112,0,0,0,0,0
692,5,10,1000,2000,21271531,"ifeval_min30",2,3,2,3,0.05,0,0,2.7074653103482,0,2.30004194937646,0,0,0,0,0
693,5,10,1000,2000,21271531,"ifeval_min30",2,3,2,3,0.05,0,0,0,0,2.6654758057557,0,0,0,0,0
694,5,10,1000,2000,21271531,"ifeval_min30",2,3,2,3,0.05,0,0,0,0,2.64119268045761,0,0,0,0,0
695,5,10,1000,2000,21271531,"ifeval_min30",2,3,2,3,0.05,0,0,0,0,2.44891731906682,2.14311633817852,0,0,0,0
696,5,10,1000,2000,21271531,"ifeval_min30",2,3,2,3,0.05,0,0,0,0,2.06098740384914,0,0,0,0,0
697,5,10,1000,2000,21271531,"ifeval_min30",2,3,2,3,0.05,0,0,0,0,2.29670886951499,0,0,0,0,0
698,5,10,1000,2000,21271531,"ifeval_min30",2,3,2,3,0.05,0,0,0,0,2.4511871736031,0,0,0,2.51691582915373,0
699,5,10,1000,2000,21271531,"ifeval_min30",2,3,2,3,0.05,0,0,0,0,2.42302506626584,0,0,0,0,0
700,5,10,1000,2000,21271531,"ifeval_min30",2,3,2,3,0.05,0,0,0,0,2.24145714286715,0,0,0,2.13717674883083,0
701,5,10,1000,2000,21271531,"ifeval_min30",2,3,2,3,0.05,0,0,0,0,2.74102708138525,0,0,0,0,0
702,5,10,1000,2000,21271531,"ifeval_min30",2,3,2,3,0.05,0,-2.17755951290019,0,0,2.25375488819554,0,0,0,0,0
703,5,10,1000,2000,21271531,"ifeval_min30",2,3,2,3,0.05,0,0,0,0,2.91932924860157,0,0,0,0,0
704,5,10,1000,2000,21271531,"ifeval_min30",2,3,2,3,0.05,0,0,0,0,2.46102573070675,0,0,0,0,0
705,5,10,1000,2000,21271531,"ifeval_min30",2,3,2,3,0.05,0,0,0,0,2.34619105351157,0,0,0,0,0
706,5,10,1000,2000,21271531,"ifeval_min30",2,3,2,3,0.05,0,0,0,0,2.93574332422577,0,0,0,0,0
707,5,10,1000,2000,21271531,"ifeval_min30",2,3,2,3,0.05,0,0,0,0,2.58677230332978,0,0,0,0,0
708,5,10,1000,2000,21271531,"ifeval_min30",2,3,2,3,0.05,0,0,0,0,2.37892458681017,0,0,0,0,0
709,5,10,1000,2000,21271531,"ifeval_min30",2,3,2,3,0.05,0,0,0,-2.66454182378948,2.51518675498664,0,0,0,0,0
710,5,10,1000,2000,21271531,"ifeval_min30",2,3,2,3,0.05,0,0,0,0,2.00902365031652,0,0,0,0,0
711,5,10,1000,2000,21271531,"ifeval_min30",2,3,2,3,0.05,0,0,0,0,2.51237322669476,0,0,0,0,0
712,5,10,1000,2000,21271531,"ifeval_min30",2,3,2,3,0.05,0,0,0,0,2.4062433601357,0,0,0,0,0
713,5,10,1000,2000,21271531,"ifeval_min30",2,3,2,3,0.05,0,0,0,0,2.05905927647837,0,0,0,0,-2.71471131546423
714,5,10,1000,2000,21271531,"ifeval_min30",2,3,2,3,0.05,0,0,0,0,2.64261776045896,0,0,0,0,0
715,5,10,1000,2000,21271531,"ifeval_min30",2,3,2,3,0.05,-2.2384723694995,0,0,0,2.61354620708153,0,-2.609611003194,0,0,0
716,5,10,1000,2000,21271531,"ifeval_min30",2,3,2,3,0.05,0,0,0,0,2.2160846136976,2.99030203837901,0,0,0,0
717,5,10,1000,2000,21271531,"ifeval_min30",2,3,2,3,0.05,0,2.84039912628941,0,0,2.68947678455152,-2.50244937511161,0,0,0,0
718,5,10,1000,2000,21271531,"ifeval_min30",2,3,2,3,0.05,0,0,0,0,2.49210709938779,0,0,0,0,0
719,5,10,1000,2000,21271531,"ifeval_min30",2,3,2,3,0.05,0,2.76376332971267,0,0,2.05811165412888,0,0,0,0,-2.09222918492742
720,5,10,1000,2000,21271531,"ifeval_min30",2,3,2,3,0.05,-2.94237490720116,0,0,0,2.33757930272259,0,0,0,0,2.10023693577386
721,5,10,1000,2000,21271531,"ifeval_min30",2,3,2,3,0.05,0,0,0,0,2.31957915751263,0,0,0,0,0
722,5,10,1000,2000,21271531,"ifeval_min30",2,3,2,3,0.05,0,0,0,0,2.18345306604169,0,0,0,0,2.02996861422434
723,5,10,1000,2000,21271531,"ifeval_min30",2,3,2,3,0.05,0,0,0,0,2.48851056140848,0,0,0,0,0
724,5,10,1000,2000,21271531,"ifeval_min30",2,3,2,3,0.05,0,0,0,0,2.05062356893905,0,0,0,0,0
725,5,10,1000,2000,21271531,"ifeval_min30",2,3,2,3,0.05,0,0,2.61610938445665,0,2.45737974136136,2.87781244842336,0,-2.06452726828866,0,0
726,5,10,1000,2000,21271531,"ifeval_min30",2,3,2,3,0.05,0,0,0,0,2.07702998979948,0,0,0,0,0
727,5,10,1000,2000,21271531,"ifeval_min30",2,3,2,3,0.05,0,0,0,-2.44984456081875,2.24340640800074,0,0,0,0,0
728,5,10,1000,2000,21271531,"ifeval_min30",2,3,2,3,0.05,0,0,0,0,2.95278475573286,0,0,0,0,0
729,5,10,1000,2000,21271531,"ifeval_min30",2,3,2,3,0.05,0,0,0,0,2.14818494440988,0,0,0,0,0
730,5,10,1000,2000,21271531,"ifeval_min30",2,3,2,3,0.05,0,0,0,0,2.94086750643328,0,0,0,0,0
731,5,10,1000,2000,21271531,"ifeval_min30",2,3,2,3,0.05,0,0,0,0,2.80967491865158,0,0,0,0,0
732,5,10,1000,2000,21271531,"ifeval_min30",2,3,2,3,0.05,0,0,0,0,2.85548213100992,0,0,0,0,0
733,5,10,1000,2000,21271531,"ifeval_min30",2,3,2,3,0.05,0,0,0,0,2.56630384246819,-2.12926026480272,0,0,0,0
734,5,10,1000,2000,21271531,"ifeval_min30",2,3,2,3,0.05,0,0,0,0,2.41810155194253,0,0,0,0,0
735,5,10,1000,2000,21271531,"ifeval_min30",2,3,2,3,0.05,0,0,0,0,2.67559636430815,0,0,0,0,0
736,6,10,1000,2000,21271531,"ifeval_min30",2,3,2,3,0.05,0,0,0,0,0,2.7901792654302,0,0,0,0
737,6,10,1000,2000,21271531,"ifeval_min30",2,3,2,3,0.05,0,0,0,0,0,2.51544555602595,0,0,0,0
738,6,10,1000,2000,21271531,"ifeval_min30",2,3,2,3,0.05,0,0,0,0,0,2.15186294028535,0,0,0,0
739,6,10,1000,2000,21271531,"ifeval_min30",2,3,2,3,0.05,0,0,0,2.66811294388026,2.96284542558715,2.91454363730736,0,0,0,0
740,6,10,1000,2000,21271531,"ifeval_min30",2,3,2,3,0.05,0,0,0,0,0,2.82256507175043,0,0,0,0
741,6,10,1000,2000,21271531,"ifeval_min30",2,3,2,3,0.05,0,0,0,0,0,2.65076548815705,0,0,0,0
742,6,10,1000,2000,21271531,"ifeval_min30",2,3,2,3,0.05,0,-2.72841089521535,0,0,0,2.06473679747432,0,0,0,0
743,6,10,1000,2000,21271531,"ifeval_min30",2,3,2,3,0.05,0,0,0,2.99336456716992,0,2.63514751195908,0,0,0,0
744,6,10,1000,2000,21271531,"ifeval_min30",2,3,2,3,0.05,0,0,0,0,0,2.84362334525213,0,0,0,0
745,6,10,1000,2000,21271531,"ifeval_min30",2,3,2,3,0.05,0,0,0,0,-2.13883518567309,2.82822668831795,0,0,0,0
746,6,10,1000,2000,21271531,"ifeval_min30",2,3,2,3,0.05,0,0,0,0,0,2.62469014106318,0,0,0,0
747,6,10,1000,2000,21271531,"ifeval_min30",2,3,2,3,0.05,0,0,0,0,0,2.79106149380095,0,0,0,0
748,6,10,1000,2000,21271531,"ifeval_min30",2,3,2,3,0.05,0,0,0,0,0,2.19214056408964,0,0,0,0
749,6,10,1000,2000,21271531,"ifeval_min30",2,3,2,3,0.05,0,0,0,0,0,2.392818615539,0,0,0,0
750,6,10,1000,2000,21271531,"ifeval_min30",2,3,2,3,0.05,0,0,0,0,0,2.6671520457603,0,0,0,0
751,6,10,1000,2000,21271531,"ifeval_min30",2,3,2,3,0.05,0,0,0,0,-2.8670012280345,2.3431759790983,0,0,0,0
752,6,10,1000,2000,21271531,"ifeval_min30",2,3,2,3,0.05,0,0,0,0,0,2.81292664865032,0,0,0,0
753,6,10,1000,2000,21271531,"ifeval_min30",2,3,2,3,0.05,0,0,0,0,0,2.79067591554485,0,0,0,0
754,6,10,1000,2000,21271531,"ifeval_min30",2,3,2,3,0.05,0,0,0,0,0,2.39702449878678,0,0,0,0
755,6,10,1000,2000,21271531,"ifeval_min30",2,3,2,3,0.05,0,0,0,0,0,2.56086090719327,0,0,0,0
756,6,10,1000,2000,21271531,"ifeval_min30",2,3,2,3,0.05,0,0,0,-2.4567830178421,0,2.48326224973425,0,0,0,0
757,6,10,1000,2000,21271531,"ifeval_min30",2,3,2,3,0.05,0,0,0,0,0,2.57913218834437,0,2.26062583806925,0,0
758,6,10,1000,2000,21271531,"ifeval_min30",2,3,2,3,0.05,0,0,0,0,0,2.83864334388636,0,0,0,0
759,6,10,1000,2000,21271531,"ifeval_min30",2,3,2,3,0.05,0,0,0,0,0,2.36119100055657,0,0,0,0
760,6,10,1000,2000,21271531,"ifeval_min30",2,3,2,3,0.05,0,0,0,0,0,2.32594130630605,0,0,0,0
761,6,10,1000,2000,21271531,"ifeval_min30",2,3,2,3,0.05,0,0,0,0,0,2.55664291116409,0,0,0,0
762,6,10,1000,2000,21271531,"ifeval_min30",2,3,2,3,0.05,0,0,0,0,0,2.47733587026596,0,-2.86913001164794,0,0
763,6,10,1000,2000,21271531,"ifeval_min30",2,3,2,3,0.05,0,0,0,0,0,2.45162899093702,0,0,-2.84042382286862,0
764,6,10,1000,2000,21271531,"ifeval_min30",2,3,2,3,0.05,0,0,0,0,0,2.40883109881543,0,0,0,0
765,6,10,1000,2000,21271531,"ifeval_min30",2,3,2,3,0.05,0,0,0,0,0,2.50886944355443,0,0,0,0
766,6,10,1000,2000,21271531,"ifeval_min30",2,3,2,3,0.05,0,0,0,0,0,2.66326368716545,0,0,0,0
767,6,10,1000,2000,21271531,"ifeval_min30",2,3,2,3,0.05,0,0,0,0,-2.15130387339741,2.04460378061049,0,0,0,0
768,6,10,1000,2000,21271531,"ifeval_min30",2,3,2,3,0.05,0,0,0,0,0,2.11014990555122,0,0,0,0
769,6,10,1000,2000,21271531,"ifeval_min30",2,3,2,3,0.05,0,0,0,0,0,2.50901963794604,0,0,0,0
770,6,10,1000,2000,21271531,"ifeval_min30",2,3,2,3,0.05,0,0,0,0,0,2.72839092253707,0,0,0,2.62575857643969
771,6,10,1000,2000,21271531,"ifeval_min30",2,3,2,3,0.05,0,0,0,0,0,2.03463203599676,0,0,0,0
772,6,10,1000,2000,21271531,"ifeval_min30",2,3,2,3,0.05,0,0,0,0,0,2.2112070065923,0,0,0,0
773,6,10,1000,2000,21271531,"ifeval_min30",2,3,2,3,0.05,0,0,0,0,0,2.62848416017368,0,0,0,2.12121782731265
774,6,10,1000,2000,21271531,"ifeval_min30",2,3,2,3,0.05,0,0,0,0,0,2.40345705929212,0,0,0,0
775,6,10,1000,2000,21271531,"ifeval_min30",2,3,2,3,0.05,0,0,0,0,0,2.88407823746093,0,0,0,0
776,6,10,1000,2000,21271531,"ifeval_min30",2,3,2,3,0.05,0,0,0,0,0,2.78464275784791,0,0,0,0
777,6,10,1000,2000,21271531,"ifeval_min30",2,3,2,3,0.05,0,0,-2.71486699488014,0,0,2.39799602376297,0,0,0,0
778,6,10,1000,2000,21271531,"ifeval_min30",2,3,2,3,0.05,0,0,0,0,0,2.92747280118056,0,0,0,0
779,6,10,1000,2000,21271531,"ifeval_min30",2,3,2,3,0.05,0,0,0,0,0,2.7664824379608,0,0,0,0
780,6,10,1000,2000,21271531,"ifeval_min30",2,3,2,3,0.05,0,0,0,0,0,2.52761427452788,0,0,0,0
781,6,10,1000,2000,21271531,"ifeval_min30",2,3,2,3,0.05,0,0,0,0,0,2.76716875331476,0,0,0,2.00611927593127
782,6,10,1000,2000,21271531,"ifeval_min30",2,3,2,3,0.05,0,0,0,0,0,2.83207566477358,0,-2.82580843521282,0,-2.53209949075244
783,6,10,1000,2000,21271531,"ifeval_min30",2,3,2,3,0.05,0,0,0,0,0,2.45424627047032,2.8246545791626,0,0,0
784,6,10,1000,2000,21271531,"ifeval_min30",2,3,2,3,0.05,0,0,0,0,0,2.76057967427187,0,0,0,0
785,6,10,1000,2000,21271531,"ifeval_min30",2,3,2,3,0.05,0,0,0,0,0,2.46238729567267,0,0,0,0
786,6,10,1000,2000,21271531,"ifeval_min30",2,3,2,3,0.05,0,0,0,0,0,2.43820592272095,0,0,0,0
787,6,10,1000,2000,21271531,"ifeval_min30",2,3,2,3,0.05,0,0,0,0,0,2.45982299232855,0,0,0,0
788,6,10,1000,2000,21271531,"ifeval_min30",2,3,2,3,0.05,0,2.63022139738314,0,0,0,2.0967063116841,0,0,0,0
789,6,10,1000,2000,21271531,"ifeval_min30",2,3,2,3,0.05,0,0,0,0,0,2.91640733811073,0,0,0,0
790,6,10,1000,2000,21271531,"ifeval_min30",2,3,2,3,0.05,-2.23040820960887,0,0,0,0,2.20141732180491,0,0,0,0
791,6,10,1000,2000,21271531,"ifeval_min30",2,3,2,3,0.05,0,0,0,0,0,2.64449595334008,0,0,2.81636598217301,0
792,6,10,1000,2000,21271531,"ifeval_min30",2,3,2,3,0.05,0,0,0,0,0,2.54440568387508,0,0,0,0
793,6,10,1000,2000,21271531,"ifeval_min30",2,3,2,3,0.05,0,0,0,0,0,2.51005284977145,0,0,0,0
794,6,10,1000,2000,21271531,"ifeval_min30",2,3,2,3,0.05,0,0,0,0,0,2.51818343671039,0,0,0,0
795,6,10,1000,2000,21271531,"ifeval_min30",2,3,2,3,0.05,0,0,0,0,0,2.39098188094795,0,0,0,0
796,6,10,1000,2000,21271531,"ifeval_min30",2,3,2,3,0.05,0,0,0,0,0,2.80790954059921,0,0,0,2.09604319976643
797,7,10,1000,2000,21271531,"ifeval_min30",2,3,2,3,0.05,0,0,0,0,0,0,2.47429653792642,0,-2.60429861024022,0
798,7,10,1000,2000,21271531,"ifeval_min30",2,3,2,3,0.05,0,0,0,0,0,0,2.24666308029555,0,0,0
799,7,10,1000,2000,21271531,"ifeval_min30",2,3,2,3,0.05,0,-2.36191359581426,0,0,0,0,2.31532969884574,0,-2.56978023680858,0
800,7,10,1000,2000,21271531,"ifeval_min30",2,3,2,3,0.05,0,0,0,0,0,0,2.79670165036805,0,0,0
801,7,10,1000,2000,21271531,"ifeval_min30",2,3,2,3,0.05,0,0,0,0,0,2.10367092187516,2.07226864271797,0,0,0
802,7,10,1000,2000,21271531,"ifeval_min30",2,3,2,3,0.05,0,0,0,0,0,0,2.06251877872273,-2.47417342243716,0,-2.57928781304508
803,7,10,1000,2000,21271531,"ifeval_min30",2,3,2,3,0.05,0,0,0,0,0,0,2.80864271475002,0,0,0
804,7,10,1000,2000,21271531,"ifeval_min30",2,3,2,3,0.05,0,0,0,0,0,0,2.16633979626931,0,0,0
805,7,10,1000,2000,21271531,"ifeval_min30",2,3,2,3,0.05,0,0,0,0,0,0,2.28747352655046,0,0,0
806,7,10,1000,2000,21271531,"ifeval_min30",2,3,2,3,0.05,0,0,0,-2.36915863165632,0,0,2.16874686209485,0,0,-2.99143243092112
807,7,10,1000,2000,21271531,"ifeval_min30",2,3,2,3,0.05,0,0,0,0,0,0,2.94488627184182,0,-2.03583877277561,0
808,7,10,1000,2000,21271531,"ifeval_min30",2,3,2,3,0.05,0,0,0,0,0,0,2.40837795496918,0,0,0
809,7,10,1000,2000,21271531,"ifeval_min30",2,3,2,3,0.05,0,2.33753666561097,0,0,0,0,2.05814908747561,0,0,0
810,7,10,1000,2000,21271531,"ifeval_min30",2,3,2,3,0.05,0,0,0,0,0,0,2.26178185967728,0,0,0
811,7,10,1000,2000,21271531,"ifeval_min30",2,3,2,3,0.05,0,0,0,0,0,0,2.35703942319378,0,0,0
812,7,10,1000,2000,21271531,"ifeval_min30",2,3,2,3,0.05,0,0,0,0,0,2.27605585916899,2.92884902120568,0,0,0
813,7,10,1000,2000,21271531,"ifeval_min30",2,3,2,3,0.05,0,0,0,0,0,0,2.10439686127938,0,0,-2.3888049221132
814,7,10,1000,2000,21271531,"ifeval_min30",2,3,2,3,0.05,0,0,0,0,0,0,2.07106613041833,0,0,-2.60800586128607
815,7,10,1000,2000,21271531,"ifeval_min30",2,3,2,3,0.05,0,0,0,0,0,0,2.81078197038732,0,0,0
816,7,10,1000,2000,21271531,"ifeval_min30",2,3,2,3,0.05,0,2.03904417809099,0,0,0,0,2.66364193288609,0,0,0
817,7,10,1000,2000,21271531,"ifeval_min30",2,3,2,3,0.05,0,0,0,0,0,0,2.47777719120495,0,0,0
818,7,10,1000,2000,21271531,"ifeval_min30",2,3,2,3,0.05,0,0,2.93836167221889,0,0,0,2.20522539899684,-2.84286200720817,0,0
819,7,10,1000,2000,21271531,"ifeval_min30",2,3,2,3,0.05,0,0,0,-2.12091824319214,0,0,2.43323349719867,0,0,2.16693534422666
820,7,10,1000,2000,21271531,"ifeval_min30",2,3,2,3,0.05,0,0,0,0,-2.39412869070657,0,2.77617638232186,0,0,0
821,7,10,1000,2000,21271531,"ifeval_min30",2,3,2,3,0.05,0,0,0,0,0,0,2.33558259531856,0,0,0
822,7,10,1000,2000,21271531,"ifeval_min30",2,3,2,3,0.05,0,-2.93730537500232,0,0,0,0,2.95932541158982,0,0,0
823,7,10,1000,2000,21271531,"ifeval_min30",2,3,2,3,0.05,0,0,0,0,0,0,2.18108825362287,0,0,0
824,7,10,1000,2000,21271531,"ifeval_min30",2,3,2,3,0.05,0,0,0,0,0,0,2.9785467821639,0,0,0
825,7,10,1000,2000,21271531,"ifeval_min30",2,3,2,3,0.05,0,-2.36463209241629,0,0,0,0,2.3526440244168,0,0,0
826,7,10,1000,2000,21271531,"ifeval_min30",2,3,2,3,0.05,0,0,0,0,0,0,2.0705997699406,0,0,0
827,7,10,1000,2000,21271531,"ifeval_min30",2,3,2,3,0.05,0,0,0,0,0,0,2.89324884233065,-2.30740901199169,0,0
828,7,10,1000,2000,21271531,"ifeval_min30",2,3,2,3,0.05,-2.66814878652804,0,0,0,0,0,2.59822262451053,-2.289925735211,0,0
829,7,10,1000,2000,21271531,"ifeval_min30",2,3,2,3,0.05,0,0,0,0,0,0,2.10807840060443,0,0,2.73690682346933
830,7,10,1000,2000,21271531,"ifeval_min30",2,3,2,3,0.05,0,0,0,0,0,0,2.33807168761268,0,0,0
831,7,10,1000,2000,21271531,"ifeval_min30",2,3,2,3,0.05,0,0,0,0,0,0,2.79136709822342,0,0,0
832,7,10,1000,2000,21271531,"ifeval_min30",2,3,2,3,0.05,0,0,0,0,0,0,2.37948872428387,0,0,0
833,7,10,1000,2000,21271531,"ifeval_min30",2,3,2,3,0.05,0,0,0,0,0,0,2.67555027804337,0,0,0
834,7,10,1000,2000,21271531,"ifeval_min30",2,3,2,3,0.05,0,0,0,0,0,0,2.88665282563306,0,0,2.47722012922168
835,7,10,1000,2000,21271531,"ifeval_min30",2,3,2,3,0.05,-2.07351390109397,2.91999098868109,0,0,-2.66511082509533,0,2.75454965792596,0,0,0
836,7,10,1000,2000,21271531,"ifeval_min30",2,3,2,3,0.05,0,0,0,0,0,0,2.89154598745517,0,0,0
837,7,10,1000,2000,21271531,"ifeval_min30",2,3,2,3,0.05,0,0,0,0,0,0,2.8266201200895,0,0,0
838,7,10,1000,2000,21271531,"ifeval_min30",2,3,2,3,0.05,0,2.65210443013348,0,0,0,0,2.67405366478488,0,0,0
839,7,10,1000,2000,21271531,"ifeval_min30",2,3,2,3,0.05,0,0,0,0,-2.19287768704817,0,2.22053011786193,0,0,0
840,7,10,1000,2000,21271531,"ifeval_min30",2,3,2,3,0.05,0,0,0,0,0,0,2.34949952550232,0,0,0
841,7,10,1000,2000,21271531,"ifeval_min30",2,3,2,3,0.05,-2.91299144434743,0,0,0,0,0,2.83848045859486,0,0,0
842,7,10,1000,2000,21271531,"ifeval_min30",2,3,2,3,0.05,0,0,0,0,0,0,2.05268968897872,2.05149870272726,0,0
843,7,10,1000,2000,21271531,"ifeval_min30",2,3,2,3,0.05,-2.28778625023551,0,0,0,0,0,2.94065265986137,0,0,0
844,7,10,1000,2000,21271531,"ifeval_min30",2,3,2,3,0.05,0,0,0,0,0,0,2.84827661328018,0,0,0
845,7,10,1000,2000,21271531,"ifeval_min30",2,3,2,3,0.05,0,0,0,0,0,2.51260219770484,2.74264787766151,0,0,0
846,7,10,1000,2000,21271531,"ifeval_min30",2,3,2,3,0.05,0,0,0,0,0,0,2.98555341665633,0,0,0
847,7,10,1000,2000,21271531,"ifeval_min30",2,3,2,3,0.05,0,0,2.07200081390329,0,0,0,2.02691917400807,0,0,0
848,7,10,1000,2000,21271531,"ifeval_min30",2,3,2,3,0.05,0,0,0,-2.52969456464052,0,0,2.22498387424275,0,0,0
849,7,10,1000,2000,21271531,"ifeval_min30",2,3,2,3,0.05,0,0,0,0,0,0,2.83763154130429,0,-2.26663322770037,0
850,7,10,1000,2000,21271531,"ifeval_min30",2,3,2,3,0.05,0,0,0,0,0,0,2.66775855002925,0,0,0
851,7,10,1000,2000,21271531,"ifeval_min30",2,3,2,3,0.05,0,-2.68258640309796,0,0,0,0,2.23172956798226,2.08851214405149,0,0
852,7,10,1000,2000,21271531,"ifeval_min30",2,3,2,3,0.05,0,0,0,0,0,0,2.16104819532484,2.11484471173026,0,0
853,8,10,1000,2000,21271531,"ifeval_min30",2,3,2,3,0.05,0,0,0,0,0,0,0,2.99911230802536,0,0
854,8,10,1000,2000,21271531,"ifeval_min30",2,3,2,3,0.05,0,0,0,0,0,0,0,2.31974958721548,0,0
855,8,10,1000,2000,21271531,"ifeval_min30",2,3,2,3,0.05,0,0,0,0,0,0,0,2.39889099542052,0,0
856,8,10,1000,2000,21271531,"ifeval_min30",2,3,2,3,0.05,0,0,0,0,0,0,0,2.82626132550649,0,0
857,8,10,1000,2000,21271531,"ifeval_min30",2,3,2,3,0.05,0,0,0,0,0,0,0,2.81240681442432,0,0
858,8,10,1000,2000,21271531,"ifeval_min30",2,3,2,3,0.05,0,0,0,0,0,0,0,2.19254744448699,0,0
859,8,10,1000,2000,21271531,"ifeval_min30",2,3,2,3,0.05,0,0,0,0,0,0,0,2.08652563509531,0,0
860,8,10,1000,2000,21271531,"ifeval_min30",2,3,2,3,0.05,0,0,0,0,0,0,0,2.47120769531466,0,0
861,8,10,1000,2000,21271531,"ifeval_min30",2,3,2,3,0.05,0,0,0,0,0,0,0,2.45811805641279,0,0
862,8,10,1000,2000,21271531,"ifeval_min30",2,3,2,3,0.05,0,0,0,0,0,0,0,2.34511016588658,0,0
863,8,10,1000,2000,21271531,"ifeval_min30",2,3,2,3,0.05,0,0,0,0,0,0,0,2.19695582892746,0,0
864,8,10,1000,2000,21271531,"ifeval_min30",2,3,2,3,0.05,0,0,0,0,0,0,0,2.82209661579691,0,0
865,8,10,1000,2000,21271531,"ifeval_min30",2,3,2,3,0.05,0,0,0,0,0,0,0,2.83552731154487,0,0
866,8,10,1000,2000,21271531,"ifeval_min30",2,3,2,3,0.05,0,0,0,0,0,0,0,2.13323580520228,0,0
867,8,10,1000,2000,21271531,"ifeval_min30",2,3,2,3,0.05,0,2.47996212169528,0,0,0,0,0,2.82723540416919,0,0
868,8,10,1000,2000,21271531,"ifeval_min30",2,3,2,3,0.05,0,0,-2.96002166206017,0,0,-2.35355405206792,0,2.25840898044407,0,0
869,8,10,1000,2000,21271531,"ifeval_min30",2,3,2,3,0.05,0,0,0,0,0,0,0,2.53273461735807,0,0
870,8,10,1000,2000,21271531,"ifeval_min30",2,3,2,3,0.05,0,0,0,0,0,0,0,2.52562751946971,0,0
871,8,10,1000,2000,21271531,"ifeval_min30",2,3,2,3,0.05,0,0,0,0,0,0,0,2.02420024177991,0,0
872,8,10,1000,2000,21271531,"ifeval_min30",2,3,2,3,0.05,0,0,0,0,0,0,0,2.40621478040703,0,0
873,8,10,1000,2000,21271531,"ifeval_min30",2,3,2,3,0.05,0,0,0,0,0,0,0,2.71207078965381,0,0
874,8,10,1000,2000,21271531,"ifeval_min30",2,3,2,3,0.05,0,0,0,0,0,0,0,2.26817061076872,-2.62905083689839,0
875,8,10,1000,2000,21271531,"ifeval_min30",2,3,2,3,0.05,0,0,0,0,0,-2.55547391297296,0,2.74386709788814,0,0
876,8,10,1000,2000,21271531,"ifeval_min30",2,3,2,3,0.05,0,0,0,0,0,0,0,2.12846850883216,0,0
877,8,10,1000,2000,21271531,"ifeval_min30",2,3,2,3,0.05,0,0,0,0,0,0,0,2.59581666695885,0,0
878,8,10,1000,2000,21271531,"ifeval_min30",2,3,2,3,0.05,0,0,0,0,0,0,0,2.56192466407083,0,0
879,8,10,1000,2000,21271531,"ifeval_min30",2,3,2,3,0.05,0,0,0,0,0,0,0,2.66234066453762,0,0
880,8,10,1000,2000,21271531,"ifeval_min30",2,3,2,3,0.05,0,0,0,0,0,0,0,2.11169406957924,0,0
881,8,10,1000,2000,21271531,"ifeval_min30",2,3,2,3,0.05,0,0,0,0,0,0,0,2.45038270670921,0,0
882,8,10,1000,2000,21271531,"ifeval_min30",2,3,2,3,0.05,0,0,0,0,0,0,0,2.1487972275354,0,2.48767907219008
883,8,10,1000,2000,21271531,"ifeval_min30",2,3,2,3,0.05,0,0,0,0,0,0,0,2.4099424702581,0,0
884,8,10,1000,2000,21271531,"ifeval_min30",2,3,2,3,0.05,0,0,0,0,0,0,0,2.9992184091825,0,0
885,8,10,1000,2000,21271531,"ifeval_min30",2,3,2,3,0.05,0,0,0,0,0,0,0,2.53851188602857,0,0
886,8,10,1000,2000,21271531,"ifeval_min30",2,3,2,3,0.05,0,-2.16422221297398,0,0,0,0,0,2.99246013583615,0,0
887,8,10,1000,2000,21271531,"ifeval_min30",2,3,2,3,0.05,0,0,0,0,0,0,0,2.44591199071147,0,0
888,8,10,1000,2000,21271531,"ifeval_min30",2,3,2,3,0.05,2.97997132898308,0,0,0,0,0,0,2.62438732013106,0,2.42992688249797
889,8,10,1000,2000,21271531,"ifeval_min30",2,3,2,3,0.05,0,0,0,0,0,0,0,2.30020182300359,0,0
890,8,10,1000,2000,21271531,"ifeval_min30",2,3,2,3,0.05,0,2.70119114941917,0,0,0,0,0,2.70988679165021,0,0
891,8,10,1000,2000,21271531,"ifeval_min30",2,3,2,3,0.05,0,0,0,0,0,0,0,2.17189357057214,0,0
892,8,10,1000,2000,21271531,"ifeval_min30",2,3,2,3,0.05,0,0,0,0,0,0,0,2.56793903792277,0,0
893,8,10,1000,2000,21271531,"ifeval_min30",2,3,2,3,0.05,0,0,0,0,0,0,0,2.11107187159359,0,0
894,8,10,1000,2000,21271531,"ifeval_min30",2,3,2,3,0.05,0,0,0,0,0,0,0,2.5377601084765,0,0
895,8,10,1000,2000,21271531,"ifeval_min30",2,3,2,3,0.05,0,0,0,0,0,0,0,2.00757805816829,0,0
896,8,10,1000,2000,21271531,"ifeval_min30",2,3,2,3,0.05,0,0,0,0,0,0,0,2.91764238383621,0,0
897,8,10,1000,2000,21271531,"ifeval_min30",2,3,2,3,0.05,0,0,0,0,0,0,0,2.59564361115918,0,0
898,8,10,1000,2000,21271531,"ifeval_min30",2,3,2,3,0.05,0,0,0,0,0,0,0,2.74405791028403,0,0
899,8,10,1000,2000,21271531,"ifeval_min30",2,3,2,3,0.05,0,0,0,0,0,0,0,2.60336095932871,0,0
900,8,10,1000,2000,21271531,"ifeval_min30",2,3,2,3,0.05,0,0,0,0,0,0,0,2.04824323276989,0,0
901,8,10,1000,2000,21271531,"ifeval_min30",2,3,2,3,0.05,0,0,0,0,0,0,0,2.28386041871272,0,0
902,8,10,1000,2000,21271531,"ifeval_min30",2,3,2,3,0.05,0,0,0,0,0,0,0,2.42636793269776,0,0
903,8,10,1000,2000,21271531,"ifeval_min30",2,3,2,3,0.05,0,0,0,0,0,0,2.16326670954004,2.95074286009185,0,0
904,8,10,1000,2000,21271531,"ifeval_min30",2,3,2,3,0.05,0,0,0,0,0,0,0,2.67981574474834,0,0
905,9,10,1000,2000,21271531,"ifeval_min30",2,3,2,3,0.05,0,0,0,0,0,0,0,0,2.66614760179073,0
906,9,10,1000,2000,21271531,"ifeval_min30",2,3,2,3,0.05,0,0,0,0,0,-2.53710428974591,0,0,2.06870989780873,0
907,9,10,1000,2000,21271531,"ifeval_min30",2,3,2,3,0.05,0,0,0,0,0,0,0,0,2.73509158799425,0
908,9,10,1000,2000,21271531,"ifeval_min30",2,3,2,3,0.05,0,0,0,0,0,0,0,0,2.32345569413155,0
909,9,10,1000,2000,21271531,"ifeval_min30",2,3,2,3,0.05,0,0,0,0,0,0,0,0,2.68497055605985,0
910,9,10,1000,2000,21271531,"ifeval_min30",2,3,2,3,0.05,0,0,0,0,0,0,0,0,2.28077238146216,0
911,9,10,1000,2000,21271531,"ifeval_min30",2,3,2,3,0.05,0,0,0,0,0,0,0,0,2.75712779932655,0
912,9,10,1000,2000,21271531,"ifeval_min30",2,3,2,3,0.05,0,0,0,-2.84941134927794,0,0,0,0,2.16545785102062,0
913,9,10,1000,2000,21271531,"ifeval_min30",2,3,2,3,0.05,0,0,0,0,0,0,0,0,2.78556704823859,0
914,9,10,1000,2000,21271531,"ifeval_min30",2,3,2,3,0.05,0,0,0,0,0,0,0,0,2.74648980470374,0
915,9,10,1000,2000,21271531,"ifeval_min30",2,3,2,3,0.05,0,0,0,0,0,0,0,0,2.29728260100819,0
916,9,10,1000,2000,21271531,"ifeval_min30",2,3,2,3,0.05,0,2.84013996832073,2.11456241994165,2.26607944839634,0,0,0,0,2.63007633876987,0
917,9,10,1000,2000,21271531,"ifeval_min30",2,3,2,3,0.05,0,0,0,0,0,-2.56045710109174,0,0,2.2357867246028,0
918,9,10,1000,2000,21271531,"ifeval_min30",2,3,2,3,0.05,0,0,0,0,0,0,0,0,2.9054803296458,0
919,9,10,1000,2000,21271531,"ifeval_min30",2,3,2,3,0.05,0,0,0,0,0,0,0,0,2.01934775640257,0
920,9,10,1000,2000,21271531,"ifeval_min30",2,3,2,3,0.05,0,0,0,0,0,0,2.77306447015144,0,2.74654896557331,0
921,9,10,1000,2000,21271531,"ifeval_min30",2,3,2,3,0.05,0,0,0,0,0,0,0,0,2.3382268329151,0
922,9,10,1000,2000,21271531,"ifeval_min30",2,3,2,3,0.05,0,0,0,0,0,0,0,0,2.99247750965878,0
923,9,10,1000,2000,21271531,"ifeval_min30",2,3,2,3,0.05,0,0,0,0,0,0,0,0,2.78662401088513,0
924,9,10,1000,2000,21271531,"ifeval_min30",2,3,2,3,0.05,0,0,0,0,0,0,0,0,2.04654173622839,0
925,9,10,1000,2000,21271531,"ifeval_min30",2,3,2,3,0.05,0,0,0,0,0,0,0,0,2.98054908285849,0
926,9,10,1000,2000,21271531,"ifeval_min30",2,3,2,3,0.05,0,0,0,0,0,0,0,0,2.0766757929232,0
927,9,10,1000,2000,21271531,"ifeval_min30",2,3,2,3,0.05,0,0,0,0,0,0,0,0,2.09233650728129,0
928,9,10,1000,2000,21271531,"ifeval_min30",2,3,2,3,0.05,0,0,0,0,0,0,0,0,2.36057416955009,0
929,9,10,1000,2000,21271531,"ifeval_min30",2,3,2,3,0.05,0,0,0,0,0,0,0,0,2.60504366527312,0
930,9,10,1000,2000,21271531,"ifeval_min30",2,3,2,3,0.05,0,0,0,0,0,0,0,0,2.18386177625507,0
931,9,10,1000,2000,21271531,"ifeval_min30",2,3,2,3,0.05,0,0,0,0,0,0,0,0,2.75456815073267,0
932,9,10,1000,2000,21271531,"ifeval_min30",2,3,2,3,0.05,0,0,0,0,0,0,0,0,2.8856322336942,0
933,9,10,1000,2000,21271531,"ifeval_min30",2,3,2,3,0.05,0,0,0,0,0,0,0,0,2.63021004013717,0
934,9,10,1000,2000,21271531,"ifeval_min30",2,3,2,3,0.05,0,0,0,-2.64060287619941,0,0,0,0,2.16224852669984,0
935,9,10,1000,2000,21271531,"ifeval_min30",2,3,2,3,0.05,0,0,0,0,0,0,0,0,2.79071911447681,0
936,9,10,1000,2000,21271531,"ifeval_min30",2,3,2,3,0.05,0,0,0,0,0,0,0,0,2.10963825555518,0
937,9,10,1000,2000,21271531,"ifeval_min30",2,3,2,3,0.05,0,0,0,0,0,0,0,2.02712410502136,2.17122161434963,0
938,9,10,1000,2000,21271531,"ifeval_min30",2,3,2,3,0.05,0,-2.93921864405274,0,2.69488396216184,0,0,0,0,2.85023668059148,0
939,9,10,1000,2000,21271531,"ifeval_min30",2,3,2,3,0.05,2.54820672562346,0,0,0,0,0,0,0,2.01541145797819,0
940,9,10,1000,2000,21271531,"ifeval_min30",2,3,2,3,0.05,0,0,0,0,0,0,0,0,2.43450049497187,0
941,9,10,1000,2000,21271531,"ifeval_min30",2,3,2,3,0.05,0,0,0,0,0,0,0,0,2.88312717829831,0
942,9,10,1000,2000,21271531,"ifeval_min30",2,3,2,3,0.05,0,0,0,0,0,0,0,0,2.58822805061936,0
943,9,10,1000,2000,21271531,"ifeval_min30",2,3,2,3,0.05,0,0,0,0,0,0,0,0,2.01711525744759,2.3940471529495
944,9,10,1000,2000,21271531,"ifeval_min30",2,3,2,3,0.05,0,0,0,0,0,0,0,0,2.57726710964926,0
945,9,10,1000,2000,21271531,"ifeval_min30",2,3,2,3,0.05,0,0,0,0,0,0,0,0,2.48047417867929,0
946,9,10,1000,2000,21271531,"ifeval_min30",2,3,2,3,0.05,0,0,0,0,0,0,0,0,2.2106225148309,0
947,9,10,1000,2000,21271531,"ifeval_min30",2,3,2,3,0.05,0,2.16305411211215,0,0,0,0,0,0,2.88313011871651,0
948,9,10,1000,2000,21271531,"ifeval_min30",2,3,2,3,0.05,0,0,0,0,0,0,0,0,2.63834984577261,0
949,9,10,1000,2000,21271531,"ifeval_min30",2,3,2,3,0.05,0,0,0,0,0,0,0,2.46803618548438,2.01143466727808,0
950,9,10,1000,2000,21271531,"ifeval_min30",2,3,2,3,0.05,0,0,0,0,0,0,0,0,2.01246069604531,0
951,9,10,1000,2000,21271531,"ifeval_min30",2,3,2,3,0.05,0,0,0,0,0,0,0,0,2.32648573629558,2.28259501233697
952,9,10,1000,2000,21271531,"ifeval_min30",2,3,2,3,0.05,0,0,0,0,0,0,0,-2.28843331686221,2.44605218805373,0
953,9,10,1000,2000,21271531,"ifeval_min30",2,3,2,3,0.05,0,0,0,0,0,0,0,0,2.25346103031188,0
954,10,10,1000,2000,21271531,"ifeval_min30",2,3,2,3,0.05,0,0,0,0,0,0,0,0,0,2.47311309957877
955,10,10,1000,2000,21271531,"ifeval_min30",2,3,2,3,0.05,0,0,0,0,0,0,0,0,0,2.15858223382384
956,10,10,1000,2000,21271531,"ifeval_min30",2,3,2,3,0.05,0,0,0,0,0,0,0,0,0,2.533236986259
957,10,10,1000,2000,21271531,"ifeval_min30",2,3,2,3,0.05,0,0,0,0,0,0,-2.2591476442758,0,0,2.50546726793982
958,10,10,1000,2000,21271531,"ifeval_min30",2,3,2,3,0.05,0,0,0,0,0,0,0,0,0,2.37497914559208
959,10,10,1000,2000,21271531,"ifeval_min30",2,3,2,3,0.05,0,0,0,0,0,0,0,0,0,2.91662530042231
960,10,10,1000,2000,21271531,"ifeval_min30",2,3,2,3,0.05,0,0,0,0,0,0,0,0,0,2.97459716279991
961,10,10,1000,2000,21271531,"ifeval_min30",2,3,2,3,0.05,0,0,0,0,0,0,2.91858368250541,0,0,2.8633669319097
962,10,10,1000,2000,21271531,"ifeval_min30",2,3,2,3,0.05,0,0,0,0,0,0,0,0,0,2.58917813515291
963,10,10,1000,2000,21271531,"ifeval_min30",2,3,2,3,0.05,0,0,0,0,0,0,0,0,0,2.86686684470624
964,10,10,1000,2000,21271531,"ifeval_min30",2,3,2,3,0.05,0,0,0,2.47421830752864,0,0,0,0,0,2.80524629447609
965,10,10,1000,2000,21271531,"ifeval_min30",2,3,2,3,0.05,0,0,0,0,0,0,0,0,0,2.07240626285784
966,10,10,1000,2000,21271531,"ifeval_min30",2,3,2,3,0.05,0,0,0,0,0,0,0,0,0,2.42391163110733
967,10,10,1000,2000,21271531,"ifeval_min30",2,3,2,3,0.05,-2.76477410085499,0,0,0,0,0,0,0,0,2.94319282425568
968,10,10,1000,2000,21271531,"ifeval_min30",2,3,2,3,0.05,0,0,0,0,0,0,0,0,0,2.24223303934559
969,10,10,1000,2000,21271531,"ifeval_min30",2,3,2,3,0.05,0,0,0,0,0,0,0,0,0,2.75910048512742
970,10,10,1000,2000,21271531,"ifeval_min30",2,3,2,3,0.05,0,0,0,0,0,0,0,0,0,2.5478274312336
971,10,10,1000,2000,21271531,"ifeval_min30",2,3,2,3,0.05,0,0,0,0,0,0,0,0,0,2.07052680500783
972,10,10,1000,2000,21271531,"ifeval_min30",2,3,2,3,0.05,0,0,0,0,0,0,0,0,0,2.56027846317738
973,10,10,1000,2000,21271531,"ifeval_min30",2,3,2,3,0.05,0,0,0,0,0,0,0,0,-2.75149796251208,2.02390970592387
974,10,10,1000,2000,21271531,"ifeval_min30",2,3,2,3,0.05,0,0,-2.80614140117541,0,0,0,0,2.52629712084308,0,2.95680789183825
975,10,10,1000,2000,21271531,"ifeval_min30",2,3,2,3,0.05,0,0,0,0,0,0,0,0,0,2.18450331734493
976,10,10,1000,2000,21271531,"ifeval_min30",2,3,2,3,0.05,0,0,0,2.19346538907848,0,0,0,0,0,2.09602613304742
977,10,10,1000,2000,21271531,"ifeval_min30",2,3,2,3,0.05,0,0,-2.16988557903096,0,0,0,0,0,0,2.55499855428934
978,10,10,1000,2000,21271531,"ifeval_min30",2,3,2,3,0.05,0,0,0,0,0,0,0,0,0,2.41014415235259
979,10,10,1000,2000,21271531,"ifeval_min30",2,3,2,3,0.05,0,0,0,0,0,0,0,-2.72626450844109,0,2.68536704685539
980,10,10,1000,2000,21271531,"ifeval_min30",2,3,2,3,0.05,0,0,0,0,-2.29872224363498,0,0,0,0,2.55091797676869
981,10,10,1000,2000,21271531,"ifeval_min30",2,3,2,3,0.05,0,0,0,0,0,0,0,0,0,2.85343945701607
982,10,10,1000,2000,21271531,"ifeval_min30",2,3,2,3,0.05,0,0,0,0,0,0,0,0,0,2.75369433988817
983,10,10,1000,2000,21271531,"ifeval_min30",2,3,2,3,0.05,2.50638029864058,0,0,0,0,0,0,0,2.18593748100102,2.62337061925791
984,10,10,1000,2000,21271531,"ifeval_min30",2,3,2,3,0.05,0,0,0,0,0,0,0,0,0,2.48173570469953
985,10,10,1000,2000,21271531,"ifeval_min30",2,3,2,3,0.05,0,0,0,0,0,0,0,0,0,2.35092782462016
986,10,10,1000,2000,21271531,"ifeval_min30",2,3,2,3,0.05,0,0,0,0,0,0,0,0,0,2.52228632895276
987,10,10,1000,2000,21271531,"ifeval_min30",2,3,2,3,0.05,0,0,0,0,0,0,0,0,0,2.52037251368165
988,10,10,1000,2000,21271531,"ifeval_min30",2,3,2,3,0.05,0,0,0,0,-2.9647463618312,0,2.58977826638147,0,0,2.4590469384566
989,10,10,1000,2000,21271531,"ifeval_min30",2,3,2,3,0.05,0,0,0,0,0,0,0,0,2.80458668596111,2.18418081989512
990,10,10,1000,2000,21271531,"ifeval_min30",2,3,2,3,0.05,0,0,0,0,0,0,0,0,0,2.63683772482909
991,10,10,1000,2000,21271531,"ifeval_min30",2,3,2,3,0.05,0,0,0,0,-2.88778277952224,0,0,0,0,2.47031243005767
992,10,10,1000,2000,21271531,"ifeval_min30",2,3,2,3,0.05,0,0,0,0,0,0,0,0,0,2.35808829590678
993,10,10,1000,2000,21271531,"ifeval_min30",2,3,2,3,0.05,0,0,0,0,0,2.19958250061609,0,0,0,2.58034422900528
994,10,10,1000,2000,21271531,"ifeval_min30",2,3,2,3,0.05,0,0,0,0,2.77644483488984,0,0,0,0,2.15038144029677
995,10,10,1000,2000,21271531,"ifeval_min30",2,3,2,3,0.05,0,0,0,0,0,0,0,0,0,2.85822273953818
996,10,10,1000,2000,21271531,"ifeval_min30",2,3,2,3,0.05,0,0,0,0,0,0,0,0,0,2.31359844049439
997,10,10,1000,2000,21271531,"ifeval_min30",2,3,2,3,0.05,0,0,0,0,0,0,0,0,0,2.1900501914788
998,10,10,1000,2000,21271531,"ifeval_min30",2,3,2,3,0.05,0,0,0,0,0,0,0,0,0,2.91129329614341
999,10,10,1000,2000,21271531,"ifeval_min30",2,3,2,3,0.05,0,0,0,0,0,0,0,0,0,2.51215562759899
1000,10,10,1000,2000,21271531,"ifeval_min30",2,3,2,3,0.05,0,0,0,0,0,0,0,-2.44108377047814,0,2.43145115231164
