"block_label","loading_design","H_true","G_true","n","p","n_reps","mean_factor_score_rmse","sd_factor_score_rmse","lower_factor_score_rmse","upper_factor_score_rmse"
"balanced","balanced_moderate_dense_signed_cross",3,"2-2-2",100,250,25,0.189866719860411,0.0155444091356292,0.158777901589152,0.220955538131669
"balanced","balanced_moderate_dense_signed_cross",3,"2-2-2",500,250,25,0.166827692603328,0.00421324068813188,0.158401211227065,0.175254173979592
"balanced","balanced_moderate_dense_signed_cross",3,"2-2-2",1000,250,25,0.166140890204955,0.00318767057249723,0.159765549059961,0.17251623134995
"balanced","balanced_moderate_dense_signed_cross",3,"2-2-2",2000,250,25,0.165690442915662,0.00230099299180128,0.16108845693206,0.170292428899265
"balanced","balanced_moderate_dense_signed_cross",3,"2-2-2",100,500,25,0.149288458518025,0.0156997160167557,0.117889026484513,0.180687890551536
"balanced","balanced_moderate_dense_signed_cross",3,"2-2-2",500,500,25,0.125707992644182,0.00380171007133035,0.118104572501521,0.133311412786842
"balanced","balanced_moderate_dense_signed_cross",3,"2-2-2",1000,500,25,0.123792029663171,0.00276503316641376,0.118261963330343,0.129322095995998
"balanced","balanced_moderate_dense_signed_cross",3,"2-2-2",2000,500,25,0.122159909058871,0.00160985808438157,0.118940192890108,0.125379625227635
"balanced","balanced_moderate_dense_signed_cross",3,"2-2-2",100,1000,25,0.123812292063745,0.0160359521618143,0.0917403877401164,0.155884196387373
"balanced","balanced_moderate_dense_signed_cross",3,"2-2-2",500,1000,25,0.0949757064933494,0.00409941142920562,0.0867768836349382,0.103174529351761
"balanced","balanced_moderate_dense_signed_cross",3,"2-2-2",1000,1000,25,0.090896312363586,0.00203486971202774,0.0868265729395305,0.0949660517876414
"balanced","balanced_moderate_dense_signed_cross",3,"2-2-2",2000,1000,25,0.0899140365851062,0.00149654048921737,0.0869209556066714,0.0929071175635409
"balanced","balanced_moderate_dense_signed_cross",3,"2-2-2",100,2000,25,0.110553586568744,0.0154894635129305,0.0795746595428831,0.141532513594605
"balanced","balanced_moderate_dense_signed_cross",3,"2-2-2",500,2000,25,0.0730530697855639,0.00636508170843188,0.0603229063687001,0.0857832332024277
"balanced","balanced_moderate_dense_signed_cross",3,"2-2-2",1000,2000,25,0.0676449438622165,0.00313087251800727,0.061383198826202,0.0739066888982311
"balanced","balanced_moderate_dense_signed_cross",3,"2-2-2",2000,2000,25,0.0656004342510233,0.00138792156377343,0.0628245911234764,0.0683762773785701
"balanced","balanced_moderate_dense_signed_cross",3,"3-3-3",100,250,25,0.26012823079306,0.0779719025977531,0.104184425597554,0.416072035988566
"balanced","balanced_moderate_dense_signed_cross",3,"3-3-3",500,250,25,0.18768270435543,0.00739009211052893,0.172902520134372,0.202462888576488
"balanced","balanced_moderate_dense_signed_cross",3,"3-3-3",1000,250,25,0.185842771554409,0.00450437401918505,0.176834023516039,0.194851519592779
"balanced","balanced_moderate_dense_signed_cross",3,"3-3-3",2000,250,25,0.187982533185094,0.00545569516433403,0.177071142856426,0.198893923513763
"balanced","balanced_moderate_dense_signed_cross",3,"3-3-3",100,500,25,0.229528680711809,0.0965744741536077,0.0363797324045939,0.422677629019025
"balanced","balanced_moderate_dense_signed_cross",3,"3-3-3",500,500,25,0.136805678615433,0.00547144479222293,0.125862789030987,0.147748568199879
"balanced","balanced_moderate_dense_signed_cross",3,"3-3-3",1000,500,25,0.135838037307031,0.00442121610715625,0.126995605092719,0.144680469521344
"balanced","balanced_moderate_dense_signed_cross",3,"3-3-3",2000,500,25,0.133546887871264,0.00289188409506514,0.127763119681134,0.139330656061395
"balanced","balanced_moderate_dense_signed_cross",3,"3-3-3",100,1000,25,0.204452623834085,0.111850980373244,-0.0192493369124029,0.428154584580573
"balanced","balanced_moderate_dense_signed_cross",3,"3-3-3",500,1000,25,0.101693728275447,0.00436880662351137,0.0929561150284245,0.11043134152247
"balanced","balanced_moderate_dense_signed_cross",3,"3-3-3",1000,1000,25,0.0992694722358886,0.00362137432975585,0.0920267235763769,0.1065122208954
"balanced","balanced_moderate_dense_signed_cross",3,"3-3-3",2000,1000,25,0.095636838492408,0.00268936032750216,0.0902581178374036,0.101015559147412
"balanced","balanced_moderate_dense_signed_cross",3,"3-3-3",100,2000,25,0.154556167720262,0.0495846754156065,0.0553868168890493,0.253725518551475
"balanced","balanced_moderate_dense_signed_cross",3,"3-3-3",500,2000,25,0.0786897162960656,0.0059754822165218,0.066738751863022,0.0906406807291092
"balanced","balanced_moderate_dense_signed_cross",3,"3-3-3",1000,2000,25,0.0735070931463779,0.00406940366941062,0.0653682858075566,0.0816459004851991
"balanced","balanced_moderate_dense_signed_cross",3,"3-3-3",2000,2000,25,0.0702868622450281,0.00254005257449093,0.0652067570960462,0.07536696739401
"balanced","balanced_moderate_dense_signed_cross",4,"2-2-2-2",100,250,25,0.216314536717806,0.0111712550884114,0.193972026540983,0.238657046894628
"balanced","balanced_moderate_dense_signed_cross",4,"2-2-2-2",500,250,25,0.182263809230718,0.00448699331664104,0.173289822597436,0.191237795864
"balanced","balanced_moderate_dense_signed_cross",4,"2-2-2-2",1000,250,25,0.182390168444088,0.0034993579385711,0.175391452566946,0.18938888432123
"balanced","balanced_moderate_dense_signed_cross",4,"2-2-2-2",2000,250,25,0.190006090578302,0.00641898403972273,0.177168122498856,0.202844058657747
"balanced","balanced_moderate_dense_signed_cross",4,"2-2-2-2",100,500,25,0.168973397948269,0.0106042271166537,0.147764943714961,0.190181852181576
"balanced","balanced_moderate_dense_signed_cross",4,"2-2-2-2",500,500,25,0.136134077053614,0.00306391469218443,0.130006247669245,0.142261906437983
"balanced","balanced_moderate_dense_signed_cross",4,"2-2-2-2",1000,500,25,0.134272056807014,0.00195004629995041,0.130371964207113,0.138172149406914
"balanced","balanced_moderate_dense_signed_cross",4,"2-2-2-2",2000,500,25,0.13411035872805,0.00179141524317726,0.130527528241695,0.137693189214404
"balanced","balanced_moderate_dense_signed_cross",4,"2-2-2-2",100,1000,25,0.143371559613481,0.0124729372290374,0.118425685155406,0.168317434071556
"balanced","balanced_moderate_dense_signed_cross",4,"2-2-2-2",500,1000,25,0.103331554829397,0.00316127768621726,0.0970089994569625,0.109654110201832
"balanced","balanced_moderate_dense_signed_cross",4,"2-2-2-2",1000,1000,25,0.100505097058436,0.00197885625863063,0.0965473845411745,0.104462809575697
"balanced","balanced_moderate_dense_signed_cross",4,"2-2-2-2",2000,1000,25,0.099261520238415,0.00167807768873453,0.095905364860946,0.102617675615884
"balanced","balanced_moderate_dense_signed_cross",4,"2-2-2-2",100,2000,25,0.127135426906071,0.0177211335983628,0.0916931597093452,0.162577694102797
"balanced","balanced_moderate_dense_signed_cross",4,"2-2-2-2",500,2000,25,0.0815665009197749,0.00448486387764494,0.072596773164485,0.0905362286750648
"balanced","balanced_moderate_dense_signed_cross",4,"2-2-2-2",1000,2000,25,0.0749406989555003,0.00240450326940163,0.0701316924166971,0.0797497054943036
"balanced","balanced_moderate_dense_signed_cross",4,"2-2-2-2",2000,2000,25,0.0734994061550899,0.0017199150154054,0.0700595761242791,0.0769392361859007
"balanced","balanced_moderate_dense_signed_cross",4,"3-3-3-3",100,250,25,0.388530208970757,0.132669829479899,0.12319055001096,0.653869867930554
"balanced","balanced_moderate_dense_signed_cross",4,"3-3-3-3",500,250,25,0.209120761982935,0.00794271232428106,0.193235337334373,0.225006186631497
"balanced","balanced_moderate_dense_signed_cross",4,"3-3-3-3",1000,250,25,0.202383960870798,0.0035583694495841,0.19526722197163,0.209500699769967
"balanced","balanced_moderate_dense_signed_cross",4,"3-3-3-3",2000,250,25,0.208358006129165,0.0124957914937881,0.183366423141589,0.233349589116741
"balanced","balanced_moderate_dense_signed_cross",4,"3-3-3-3",100,500,25,0.367176401408282,0.174801212086396,0.0175739772354891,0.716778825581075
"balanced","balanced_moderate_dense_signed_cross",4,"3-3-3-3",500,500,25,0.156550710346459,0.00626754035209458,0.14401562964227,0.169085791050648
"balanced","balanced_moderate_dense_signed_cross",4,"3-3-3-3",1000,500,25,0.147022791307821,0.00307515346025267,0.140872484387316,0.153173098228326
"balanced","balanced_moderate_dense_signed_cross",4,"3-3-3-3",2000,500,25,0.145229517363047,0.00286912317155598,0.139491271019935,0.150967763706159
"balanced","balanced_moderate_dense_signed_cross",4,"3-3-3-3",100,1000,25,0.283003090972042,0.157934330568418,-0.0328655701647941,0.598871752108878
"balanced","balanced_moderate_dense_signed_cross",4,"3-3-3-3",500,1000,25,0.116027792881547,0.00699764680712395,0.102032499267299,0.130023086495795
"balanced","balanced_moderate_dense_signed_cross",4,"3-3-3-3",1000,1000,25,0.109243282759029,0.00436938292641066,0.100504516906207,0.11798204861185
"balanced","balanced_moderate_dense_signed_cross",4,"3-3-3-3",2000,1000,25,0.105154129218947,0.00175169509054045,0.101650739037866,0.108657519400028
"balanced","balanced_moderate_dense_signed_cross",4,"3-3-3-3",100,2000,25,0.278828828873884,0.173751725266441,-0.068674621658999,0.626332279406766
"balanced","balanced_moderate_dense_signed_cross",4,"3-3-3-3",500,2000,25,0.0909891170445224,0.00808006693280598,0.0748289831789104,0.107149250910134
"balanced","balanced_moderate_dense_signed_cross",4,"3-3-3-3",1000,2000,25,0.0830555042774749,0.00414526744526494,0.074764969386945,0.0913460391680048
"balanced","balanced_moderate_dense_signed_cross",4,"3-3-3-3",2000,2000,25,0.0782292498355382,0.00240941841916372,0.0734104129972108,0.0830480866738657
"balanced","balanced_moderate_few_positive_cross",3,"2-2-2",100,250,25,0.197564467866744,0.0135661448129175,0.170432178240909,0.224696757492579
"balanced","balanced_moderate_few_positive_cross",3,"2-2-2",500,250,25,0.176843603441436,0.00560503044410948,0.165633542553217,0.188053664329655
"balanced","balanced_moderate_few_positive_cross",3,"2-2-2",1000,250,25,0.175548413576517,0.00385340550016187,0.167841602576193,0.183255224576841
"balanced","balanced_moderate_few_positive_cross",3,"2-2-2",2000,250,25,0.177337889229312,0.00371112500142679,0.169915639226458,0.184760139232166
"balanced","balanced_moderate_few_positive_cross",3,"2-2-2",100,500,25,0.153878528966572,0.0120140156297337,0.129850497707104,0.177906560226039
"balanced","balanced_moderate_few_positive_cross",3,"2-2-2",500,500,25,0.13305164608575,0.00402454719405193,0.125002551697646,0.141100740473854
"balanced","balanced_moderate_few_positive_cross",3,"2-2-2",1000,500,25,0.13070500869276,0.00266251022876553,0.125379988235229,0.136030029150291
"balanced","balanced_moderate_few_positive_cross",3,"2-2-2",2000,500,25,0.13140930199401,0.0023699882371489,0.126669325519712,0.136149278468308
"balanced","balanced_moderate_few_positive_cross",3,"2-2-2",100,1000,25,0.125966549144949,0.0120612265716629,0.101844096001623,0.150089002288275
"balanced","balanced_moderate_few_positive_cross",3,"2-2-2",500,1000,25,0.100322810125384,0.00398196693615842,0.092358876253067,0.108286743997701
"balanced","balanced_moderate_few_positive_cross",3,"2-2-2",1000,1000,25,0.0986276663323071,0.00208527462115445,0.0944571170899982,0.102798215574616
"balanced","balanced_moderate_few_positive_cross",3,"2-2-2",2000,1000,25,0.0971151096685776,0.00209453254768729,0.092926044573203,0.101304174763952
"balanced","balanced_moderate_few_positive_cross",3,"2-2-2",100,2000,25,0.108132164263676,0.0160249326348006,0.0760822989940745,0.140182029533277
"balanced","balanced_moderate_few_positive_cross",3,"2-2-2",500,2000,25,0.0773578341934354,0.00414984512584371,0.069058143941748,0.0856575244451228
"balanced","balanced_moderate_few_positive_cross",3,"2-2-2",1000,2000,25,0.0733285776828875,0.00294390046635825,0.067440776750171,0.079216378615604
"balanced","balanced_moderate_few_positive_cross",3,"2-2-2",2000,2000,25,0.0709974193763369,0.00123464952166373,0.0685281203330094,0.0734667184196643
"balanced","balanced_moderate_few_positive_cross",3,"3-3-3",100,250,25,0.269431673663461,0.0449804097049757,0.17947085425351,0.359392493073412
"balanced","balanced_moderate_few_positive_cross",3,"3-3-3",500,250,25,0.209509488170525,0.00921198948324181,0.191085509204042,0.227933467137009
"balanced","balanced_moderate_few_positive_cross",3,"3-3-3",1000,250,25,0.208780654811159,0.00671917343247212,0.195342307946215,0.222219001676104
"balanced","balanced_moderate_few_positive_cross",3,"3-3-3",2000,250,25,0.21368153555005,0.00868002613415207,0.196321483281746,0.231041587818354
"balanced","balanced_moderate_few_positive_cross",3,"3-3-3",100,500,25,0.256366867171064,0.1007340772115,0.0548987127480642,0.457835021594065
"balanced","balanced_moderate_few_positive_cross",3,"3-3-3",500,500,25,0.152810924579343,0.00504797302465247,0.142714978530038,0.162906870628648
"balanced","balanced_moderate_few_positive_cross",3,"3-3-3",1000,500,25,0.152457612654673,0.00419768817107043,0.144062236312532,0.160852988996814
"balanced","balanced_moderate_few_positive_cross",3,"3-3-3",2000,500,25,0.15551709026604,0.00438224416354713,0.146752601938946,0.164281578593134
"balanced","balanced_moderate_few_positive_cross",3,"3-3-3",100,1000,25,0.196967039267486,0.079525914230012,0.0379152108074625,0.35601886772751
"balanced","balanced_moderate_few_positive_cross",3,"3-3-3",500,1000,25,0.114195870706107,0.00576943615357043,0.102656998398966,0.125734743013248
"balanced","balanced_moderate_few_positive_cross",3,"3-3-3",1000,1000,25,0.111699063094177,0.00492195671149708,0.101855149671183,0.121542976517171
"balanced","balanced_moderate_few_positive_cross",3,"3-3-3",2000,1000,25,0.111799096086983,0.00346092772934332,0.104877240628297,0.11872095154567
"balanced","balanced_moderate_few_positive_cross",3,"3-3-3",100,2000,25,0.159748960224088,0.0539056983603521,0.0519375635033839,0.267560356944792
"balanced","balanced_moderate_few_positive_cross",3,"3-3-3",500,2000,25,0.0878028301419318,0.00649264710133576,0.0748175359392603,0.100788124344603
"balanced","balanced_moderate_few_positive_cross",3,"3-3-3",1000,2000,25,0.0828325877349502,0.00530551453007554,0.0722215586747991,0.0934436167951013
"balanced","balanced_moderate_few_positive_cross",3,"3-3-3",2000,2000,25,0.0812222319980958,0.00300836634327871,0.0752054993115384,0.0872389646846532
"balanced","balanced_moderate_few_positive_cross",4,"2-2-2-2",100,250,25,0.227432523684188,0.0150254856511276,0.197381552381933,0.257483494986443
"balanced","balanced_moderate_few_positive_cross",4,"2-2-2-2",500,250,25,0.195033898738645,0.00375567295845569,0.187522552821734,0.202545244655556
"balanced","balanced_moderate_few_positive_cross",4,"2-2-2-2",1000,250,25,0.199416417606864,0.00556592284346951,0.188284571919925,0.210548263293803
"balanced","balanced_moderate_few_positive_cross",4,"2-2-2-2",2000,250,25,0.209586688424252,0.00479443196704617,0.19999782449016,0.219175552358345
"balanced","balanced_moderate_few_positive_cross",4,"2-2-2-2",100,500,25,0.176153998113932,0.00995309274024164,0.156247812633449,0.196060183594416
"balanced","balanced_moderate_few_positive_cross",4,"2-2-2-2",500,500,25,0.148564826309195,0.00327444510129472,0.142015936106605,0.155113716511784
"balanced","balanced_moderate_few_positive_cross",4,"2-2-2-2",1000,500,25,0.14558923821523,0.00190419489037493,0.141780848434481,0.14939762799598
"balanced","balanced_moderate_few_positive_cross",4,"2-2-2-2",2000,500,25,0.145533395513408,0.00128210134334519,0.142969192826717,0.148097598200098
"balanced","balanced_moderate_few_positive_cross",4,"2-2-2-2",100,1000,25,0.146740076169245,0.013634987744479,0.119470100680287,0.174010051658203
"balanced","balanced_moderate_few_positive_cross",4,"2-2-2-2",500,1000,25,0.110911860164026,0.00358649483312733,0.103738870497772,0.118084849830281
"balanced","balanced_moderate_few_positive_cross",4,"2-2-2-2",1000,1000,25,0.109414944523995,0.0021425751385557,0.105129794246884,0.113700094801107
"balanced","balanced_moderate_few_positive_cross",4,"2-2-2-2",2000,1000,25,0.107992387226344,0.00158740728034145,0.104817572665661,0.111167201787027
"balanced","balanced_moderate_few_positive_cross",4,"2-2-2-2",100,2000,25,0.126613263414086,0.0140916163254826,0.0984300307631209,0.154796496065051
"balanced","balanced_moderate_few_positive_cross",4,"2-2-2-2",500,2000,25,0.0883227352091183,0.00411886331730217,0.0800850085745139,0.0965604618437226
"balanced","balanced_moderate_few_positive_cross",4,"2-2-2-2",1000,2000,25,0.0821862642149481,0.00242651678784582,0.0773332306392565,0.0870392977906398
"balanced","balanced_moderate_few_positive_cross",4,"2-2-2-2",2000,2000,25,0.0798440477146928,0.00115295825115971,0.0775381312123734,0.0821499642170122
"balanced","balanced_moderate_few_positive_cross",4,"3-3-3-3",100,250,25,0.388962835180701,0.117979048318135,0.153004738544432,0.62492093181697
"balanced","balanced_moderate_few_positive_cross",4,"3-3-3-3",500,250,25,0.232746517116109,0.0077650074743395,0.21721650216743,0.248276532064788
"balanced","balanced_moderate_few_positive_cross",4,"3-3-3-3",1000,250,25,0.233436576377742,0.00914185136236772,0.215152873653006,0.251720279102477
"balanced","balanced_moderate_few_positive_cross",4,"3-3-3-3",2000,250,25,0.250924106486658,0.00602041439635629,0.238883277693945,0.26296493527937
"balanced","balanced_moderate_few_positive_cross",4,"3-3-3-3",100,500,25,0.321840187603006,0.134705827428449,0.0524285327461079,0.591251842459904
"balanced","balanced_moderate_few_positive_cross",4,"3-3-3-3",500,500,25,0.17336472839668,0.00671043335442723,0.159943861687826,0.186785595105534
"balanced","balanced_moderate_few_positive_cross",4,"3-3-3-3",1000,500,25,0.169575001754989,0.00526241948545104,0.159050162784087,0.180099840725891
"balanced","balanced_moderate_few_positive_cross",4,"3-3-3-3",2000,500,25,0.171102265481006,0.00423540499993186,0.162631455481143,0.17957307548087
"balanced","balanced_moderate_few_positive_cross",4,"3-3-3-3",100,1000,25,0.251884370180612,0.0852564117056288,0.0813715467693548,0.42239719359187
"balanced","balanced_moderate_few_positive_cross",4,"3-3-3-3",500,1000,25,0.13047349004943,0.00591574776121312,0.118641994527003,0.142304985571856
"balanced","balanced_moderate_few_positive_cross",4,"3-3-3-3",1000,1000,25,0.126103645104453,0.00401501190176079,0.118073621300932,0.134133668907975
"balanced","balanced_moderate_few_positive_cross",4,"3-3-3-3",2000,1000,25,0.124097115041044,0.00327616172592431,0.117544791589195,0.130649438492893
"balanced","balanced_moderate_few_positive_cross",4,"3-3-3-3",100,2000,25,0.220358817277296,0.0984807023124396,0.0233974126524168,0.417320221902175
"balanced","balanced_moderate_few_positive_cross",4,"3-3-3-3",500,2000,25,0.101394499555036,0.00702248252414642,0.0873495345067434,0.115439464603329
"balanced","balanced_moderate_few_positive_cross",4,"3-3-3-3",1000,2000,25,0.0948455542354716,0.00414753229970098,0.0865504896360696,0.103140618834874
"balanced","balanced_moderate_few_positive_cross",4,"3-3-3-3",2000,2000,25,0.09009327748623,0.00293213511340426,0.0842290072594215,0.0959575477130386
"unbalanced","balanced_moderate_dense_signed_cross",3,"2-2-2",100,250,25,0.201556584542627,0.0185914825179175,0.164373619506792,0.238739549578462
"unbalanced","balanced_moderate_dense_signed_cross",3,"2-2-2",500,250,25,0.176234350011163,0.0041432585198893,0.167947832971385,0.184520867050942
"unbalanced","balanced_moderate_dense_signed_cross",3,"2-2-2",1000,250,25,0.176074626313957,0.00396851993296371,0.16813758644803,0.184011666179884
"unbalanced","balanced_moderate_dense_signed_cross",3,"2-2-2",2000,250,25,0.186886910453119,0.00535695620970469,0.17617299803371,0.197600822872529
"unbalanced","balanced_moderate_dense_signed_cross",3,"2-2-2",100,500,25,0.155543829055412,0.0128207651662257,0.129902298722961,0.181185359387863
"unbalanced","balanced_moderate_dense_signed_cross",3,"2-2-2",500,500,25,0.13206870293954,0.00343009300534852,0.125208516928843,0.138928888950237
"unbalanced","balanced_moderate_dense_signed_cross",3,"2-2-2",1000,500,25,0.130486501270955,0.00331640019681562,0.123853700877324,0.137119301664587
"unbalanced","balanced_moderate_dense_signed_cross",3,"2-2-2",2000,500,25,0.129745052570344,0.00157904225826234,0.126586968053819,0.132903137086869
"unbalanced","balanced_moderate_dense_signed_cross",3,"2-2-2",100,1000,25,0.129187107392206,0.0170711466569252,0.0950448140783557,0.163329400706057
"unbalanced","balanced_moderate_dense_signed_cross",3,"2-2-2",500,1000,25,0.0992688163578819,0.00413969647622883,0.0909894234054242,0.10754820931034
"unbalanced","balanced_moderate_dense_signed_cross",3,"2-2-2",1000,1000,25,0.0971127207919906,0.00232257661928575,0.0924675675534191,0.101757874030562
"unbalanced","balanced_moderate_dense_signed_cross",3,"2-2-2",2000,1000,25,0.0954727738191872,0.00158165109100354,0.0923094716371801,0.0986360760011943
"unbalanced","balanced_moderate_dense_signed_cross",3,"2-2-2",100,2000,25,0.114842078511113,0.0170777403377415,0.0806865978356305,0.148997559186596
"unbalanced","balanced_moderate_dense_signed_cross",3,"2-2-2",500,2000,25,0.0772593631703306,0.00641792752543722,0.0644235081194561,0.090095218221205
"unbalanced","balanced_moderate_dense_signed_cross",3,"2-2-2",1000,2000,25,0.0725411448706346,0.00317410227031553,0.0661929403300035,0.0788893494112656
"unbalanced","balanced_moderate_dense_signed_cross",3,"2-2-2",2000,2000,25,0.0704054157311333,0.0013575173428727,0.0676903810453879,0.0731204504168787
"unbalanced","balanced_moderate_dense_signed_cross",3,"3-3-3",100,250,25,0.278640958451115,0.0888290383102742,0.100982881830566,0.456299035071663
"unbalanced","balanced_moderate_dense_signed_cross",3,"3-3-3",500,250,25,0.202854567524845,0.00860368046395569,0.185647206596934,0.220061928452757
"unbalanced","balanced_moderate_dense_signed_cross",3,"3-3-3",1000,250,25,0.19862487550372,0.00446497805822924,0.189694919387261,0.207554831620178
"unbalanced","balanced_moderate_dense_signed_cross",3,"3-3-3",2000,250,25,0.205527543051261,0.00926959093486738,0.186988361181526,0.224066724920996
"unbalanced","balanced_moderate_dense_signed_cross",3,"3-3-3",100,500,25,0.234769846559834,0.066614201253384,0.101541444053066,0.367998249066602
"unbalanced","balanced_moderate_dense_signed_cross",3,"3-3-3",500,500,25,0.147445879238124,0.00589199521867124,0.135661888800781,0.159229869675466
"unbalanced","balanced_moderate_dense_signed_cross",3,"3-3-3",1000,500,25,0.145834932063576,0.00550211305422244,0.134830705955131,0.156839158172021
"unbalanced","balanced_moderate_dense_signed_cross",3,"3-3-3",2000,500,25,0.143945472482071,0.00297334995181021,0.137998772578451,0.149892172385692
"unbalanced","balanced_moderate_dense_signed_cross",3,"3-3-3",100,1000,25,0.201807054668214,0.0749741993562377,0.0518586559557389,0.35175545338069
"unbalanced","balanced_moderate_dense_signed_cross",3,"3-3-3",500,1000,25,0.109469580568437,0.00489666699718118,0.0996762465740744,0.119262914562799
"unbalanced","balanced_moderate_dense_signed_cross",3,"3-3-3",1000,1000,25,0.107833271861904,0.00414070807300791,0.0995518557158881,0.11611468800792
"unbalanced","balanced_moderate_dense_signed_cross",3,"3-3-3",2000,1000,25,0.103477846633428,0.00276000641834571,0.0979578337967362,0.108997859470119
"unbalanced","balanced_moderate_dense_signed_cross",3,"3-3-3",100,2000,25,0.167535395536981,0.0535992639605464,0.0603368676158882,0.274733923458074
"unbalanced","balanced_moderate_dense_signed_cross",3,"3-3-3",500,2000,25,0.0851104050198973,0.00699486266978851,0.0711206796803203,0.0991001303594743
"unbalanced","balanced_moderate_dense_signed_cross",3,"3-3-3",1000,2000,25,0.0799985205212169,0.00426220590516856,0.0714741087108798,0.088522932331554
"unbalanced","balanced_moderate_dense_signed_cross",3,"3-3-3",2000,2000,25,0.0770887444707627,0.00291448637098289,0.0712597717287969,0.0829177172127284
"unbalanced","balanced_moderate_dense_signed_cross",4,"2-2-2-2",100,250,25,0.235152545029953,0.0146003188801623,0.205951907269628,0.264353182790277
"unbalanced","balanced_moderate_dense_signed_cross",4,"2-2-2-2",500,250,25,0.196367775002199,0.00348500290491858,0.189397769192361,0.203337780812036
"unbalanced","balanced_moderate_dense_signed_cross",4,"2-2-2-2",1000,250,25,0.204716382583792,0.00557345456308919,0.193569473457613,0.21586329170997
"unbalanced","balanced_moderate_dense_signed_cross",4,"2-2-2-2",2000,250,25,0.215161166129358,0.00421748894445687,0.206726188240444,0.223596144018272
"unbalanced","balanced_moderate_dense_signed_cross",4,"2-2-2-2",100,500,25,0.178513732297843,0.0119207994965188,0.154672133304805,0.20235533129088
"unbalanced","balanced_moderate_dense_signed_cross",4,"2-2-2-2",500,500,25,0.146910399988713,0.00352297972344746,0.139864440541818,0.153956359435608
"unbalanced","balanced_moderate_dense_signed_cross",4,"2-2-2-2",1000,500,25,0.144488674240022,0.00235277894601292,0.139783116347996,0.149194232132048
"unbalanced","balanced_moderate_dense_signed_cross",4,"2-2-2-2",2000,500,25,0.14476920429618,0.0020225131581012,0.140724177979978,0.148814230612383
"unbalanced","balanced_moderate_dense_signed_cross",4,"2-2-2-2",100,1000,25,0.15135560456095,0.0132235010903032,0.124908602380343,0.177802606741556
"unbalanced","balanced_moderate_dense_signed_cross",4,"2-2-2-2",500,1000,25,0.111380721020849,0.00341079533875176,0.104559130343346,0.118202311698353
"unbalanced","balanced_moderate_dense_signed_cross",4,"2-2-2-2",1000,1000,25,0.108535493745309,0.00195407775110189,0.104627338243105,0.112443649247513
"unbalanced","balanced_moderate_dense_signed_cross",4,"2-2-2-2",2000,1000,25,0.10724884463573,0.00157608897068936,0.104096666694351,0.110401022577109
"unbalanced","balanced_moderate_dense_signed_cross",4,"2-2-2-2",100,2000,25,0.131917280386258,0.0166622505273585,0.0985927793315406,0.165241781440975
"unbalanced","balanced_moderate_dense_signed_cross",4,"2-2-2-2",500,2000,25,0.0875334982902131,0.00384973783023981,0.0798340226297334,0.0952329739506927
"unbalanced","balanced_moderate_dense_signed_cross",4,"2-2-2-2",1000,2000,25,0.0814487240279267,0.00234673487414029,0.0767552542796461,0.0861421937762072
"unbalanced","balanced_moderate_dense_signed_cross",4,"2-2-2-2",2000,2000,25,0.0797954004190918,0.00199196685256585,0.0758114667139601,0.0837793341242235
"unbalanced","balanced_moderate_dense_signed_cross",4,"3-3-3-3",100,250,25,0.415004135942115,0.148240373557959,0.118523388826197,0.711484883058032
"unbalanced","balanced_moderate_dense_signed_cross",4,"3-3-3-3",500,250,25,0.230751178405803,0.00788527554845636,0.21498062730889,0.246521729502715
"unbalanced","balanced_moderate_dense_signed_cross",4,"3-3-3-3",1000,250,25,0.225674678819752,0.00729988442584107,0.21107490996807,0.240274447671434
"unbalanced","balanced_moderate_dense_signed_cross",4,"3-3-3-3",2000,250,25,0.247008632424544,0.0129178714467267,0.221172889531091,0.272844375317998
"unbalanced","balanced_moderate_dense_signed_cross",4,"3-3-3-3",100,500,25,0.331290193171352,0.133179685803494,0.0649308215643645,0.59764956477834
"unbalanced","balanced_moderate_dense_signed_cross",4,"3-3-3-3",500,500,25,0.169345129243426,0.00650832258869989,0.156328484066027,0.182361774420826
"unbalanced","balanced_moderate_dense_signed_cross",4,"3-3-3-3",1000,500,25,0.162148416383292,0.00427578653842003,0.153596843306451,0.170699989460132
"unbalanced","balanced_moderate_dense_signed_cross",4,"3-3-3-3",2000,500,25,0.15908559119106,0.00287869363014338,0.153328203930773,0.164842978451347
"unbalanced","balanced_moderate_dense_signed_cross",4,"3-3-3-3",100,1000,25,0.286687297351295,0.137406754034407,0.0118737892824808,0.561500805420109
"unbalanced","balanced_moderate_dense_signed_cross",4,"3-3-3-3",500,1000,25,0.126861486251028,0.00744252222388491,0.111976441803258,0.141746530698798
"unbalanced","balanced_moderate_dense_signed_cross",4,"3-3-3-3",1000,1000,25,0.119037468449179,0.00449167749880134,0.110054113451576,0.128020823446782
"unbalanced","balanced_moderate_dense_signed_cross",4,"3-3-3-3",2000,1000,25,0.115267470965673,0.00227572272951428,0.110716025506644,0.119818916424701
"unbalanced","balanced_moderate_dense_signed_cross",4,"3-3-3-3",100,2000,25,0.243368670821862,0.124705627256049,-0.00604258369023539,0.49277992533396
"unbalanced","balanced_moderate_dense_signed_cross",4,"3-3-3-3",500,2000,25,0.100748415348336,0.00941719183966571,0.0819140316690049,0.119582799027668
"unbalanced","balanced_moderate_dense_signed_cross",4,"3-3-3-3",1000,2000,25,0.0909338281144809,0.00504886398123524,0.0808361001520104,0.101031556076951
"unbalanced","balanced_moderate_dense_signed_cross",4,"3-3-3-3",2000,2000,25,0.0867780042866249,0.00274552630650751,0.0812869516736099,0.0922690568996399
"unbalanced","balanced_moderate_few_positive_cross",3,"2-2-2",100,250,25,0.208900795932577,0.0147033540283349,0.179494087875907,0.238307503989247
"unbalanced","balanced_moderate_few_positive_cross",3,"2-2-2",500,250,25,0.186413578276066,0.00461730871817039,0.177178960839725,0.195648195712406
"unbalanced","balanced_moderate_few_positive_cross",3,"2-2-2",1000,250,25,0.189194542984572,0.0046701896970416,0.179854163590488,0.198534922378655
"unbalanced","balanced_moderate_few_positive_cross",3,"2-2-2",2000,250,25,0.197448575870401,0.00321508108369692,0.191018413703007,0.203878738037795
"unbalanced","balanced_moderate_few_positive_cross",3,"2-2-2",100,500,25,0.16515710036334,0.0129295427276842,0.139298014907972,0.191016185818708
"unbalanced","balanced_moderate_few_positive_cross",3,"2-2-2",500,500,25,0.140378751837412,0.00417906093172843,0.132020629973955,0.148736873700869
"unbalanced","balanced_moderate_few_positive_cross",3,"2-2-2",1000,500,25,0.138798437485847,0.00262111682802804,0.133556203829791,0.144040671141903
"unbalanced","balanced_moderate_few_positive_cross",3,"2-2-2",2000,500,25,0.138919796718611,0.00189797378172081,0.135123849155169,0.142715744282053
"unbalanced","balanced_moderate_few_positive_cross",3,"2-2-2",100,1000,25,0.132388166561874,0.0125985093363544,0.107191147889165,0.157585185234583
"unbalanced","balanced_moderate_few_positive_cross",3,"2-2-2",500,1000,25,0.106239958839483,0.00372368079999904,0.0987925972394854,0.113687320439482
"unbalanced","balanced_moderate_few_positive_cross",3,"2-2-2",1000,1000,25,0.103824313569449,0.00213924201644236,0.0995458295365644,0.108102797602334
"unbalanced","balanced_moderate_few_positive_cross",3,"2-2-2",2000,1000,25,0.103176255269944,0.00150240470719069,0.100171445855563,0.106181064684325
"unbalanced","balanced_moderate_few_positive_cross",3,"2-2-2",100,2000,25,0.11363785573901,0.0175740704974555,0.0784897147440988,0.148785996733921
"unbalanced","balanced_moderate_few_positive_cross",3,"2-2-2",500,2000,25,0.0815011833517147,0.00365274477984286,0.074195693792029,0.0888066729114004
"unbalanced","balanced_moderate_few_positive_cross",3,"2-2-2",1000,2000,25,0.077449153621817,0.00273110910296949,0.071986935415878,0.082911371827756
"unbalanced","balanced_moderate_few_positive_cross",3,"2-2-2",2000,2000,25,0.0756115453531318,0.0010914506491997,0.0734286440547324,0.0777944466515312
"unbalanced","balanced_moderate_few_positive_cross",3,"3-3-3",100,250,25,0.301661402870645,0.0748593347333527,0.151942733403939,0.45138007233735
"unbalanced","balanced_moderate_few_positive_cross",3,"3-3-3",500,250,25,0.221095543826229,0.00968991437828762,0.201715715069654,0.240475372582804
"unbalanced","balanced_moderate_few_positive_cross",3,"3-3-3",1000,250,25,0.22107305051894,0.00740294309392053,0.206267164331098,0.235878936706781
"unbalanced","balanced_moderate_few_positive_cross",3,"3-3-3",2000,250,25,0.236404721387356,0.0068037871095665,0.222797147168223,0.250012295606489
"unbalanced","balanced_moderate_few_positive_cross",3,"3-3-3",100,500,25,0.24861034228625,0.058257752560106,0.132094837166038,0.365125847406462
"unbalanced","balanced_moderate_few_positive_cross",3,"3-3-3",500,500,25,0.160684240795312,0.00615570881588616,0.148372823163539,0.172995658427084
"unbalanced","balanced_moderate_few_positive_cross",3,"3-3-3",1000,500,25,0.159709470221323,0.00364574053013058,0.152417989161062,0.167000951281584
"unbalanced","balanced_moderate_few_positive_cross",3,"3-3-3",2000,500,25,0.160680397744451,0.00266418343550487,0.155352030873441,0.166008764615461
"unbalanced","balanced_moderate_few_positive_cross",3,"3-3-3",100,1000,25,0.180023104917081,0.0387264071302221,0.102570290656637,0.257475919177525
"unbalanced","balanced_moderate_few_positive_cross",3,"3-3-3",500,1000,25,0.120276811168812,0.00529309424272594,0.109690622683361,0.130862999654264
"unbalanced","balanced_moderate_few_positive_cross",3,"3-3-3",1000,1000,25,0.116354357023316,0.00433457114379277,0.10768521473573,0.125023499310901
"unbalanced","balanced_moderate_few_positive_cross",3,"3-3-3",2000,1000,25,0.115674790055167,0.00289466087455248,0.109885468306062,0.121464111804272
"unbalanced","balanced_moderate_few_positive_cross",3,"3-3-3",100,2000,25,0.174474161175635,0.0896927908141741,-0.00491142045271373,0.353859742803983
"unbalanced","balanced_moderate_few_positive_cross",3,"3-3-3",500,2000,25,0.0924594963221926,0.00638779568373987,0.0796839049547129,0.105235087689672
"unbalanced","balanced_moderate_few_positive_cross",3,"3-3-3",1000,2000,25,0.0858621277687209,0.0046118428787291,0.0766384420112627,0.0950858135261791
"unbalanced","balanced_moderate_few_positive_cross",3,"3-3-3",2000,2000,25,0.0838335323310594,0.00248309694519434,0.0788673384406707,0.0887997262214481
"unbalanced","balanced_moderate_few_positive_cross",4,"2-2-2-2",100,250,25,0.251323263971923,0.021540393727798,0.208242476516327,0.294404051427519
"unbalanced","balanced_moderate_few_positive_cross",4,"2-2-2-2",500,250,25,0.213320003981009,0.00464716570793435,0.20402567256514,0.222614335396878
"unbalanced","balanced_moderate_few_positive_cross",4,"2-2-2-2",1000,250,25,0.223862935886762,0.00447551083783097,0.2149119142111,0.232813957562424
"unbalanced","balanced_moderate_few_positive_cross",4,"2-2-2-2",2000,250,25,0.234570916715463,0.00469736194376822,0.225176192827927,0.243965640603
"unbalanced","balanced_moderate_few_positive_cross",4,"2-2-2-2",100,500,25,0.195317507279204,0.00838966507069428,0.178538177137816,0.212096837420593
"unbalanced","balanced_moderate_few_positive_cross",4,"2-2-2-2",500,500,25,0.161389039184187,0.00290717683643947,0.155574685511309,0.167203392857066
"unbalanced","balanced_moderate_few_positive_cross",4,"2-2-2-2",1000,500,25,0.158497797764265,0.00227452926014596,0.153948739243973,0.163046856284557
"unbalanced","balanced_moderate_few_positive_cross",4,"2-2-2-2",2000,500,25,0.157995178029576,0.00212986029468407,0.153735457440208,0.162254898618944
"unbalanced","balanced_moderate_few_positive_cross",4,"2-2-2-2",100,1000,25,0.158631654188234,0.0129463421969447,0.132738969794344,0.184524338582123
"unbalanced","balanced_moderate_few_positive_cross",4,"2-2-2-2",500,1000,25,0.120753358608834,0.00297257658495724,0.114808205438919,0.126698511778748
"unbalanced","balanced_moderate_few_positive_cross",4,"2-2-2-2",1000,1000,25,0.11845881365089,0.0014966259551542,0.115465561740581,0.121452065561198
"unbalanced","balanced_moderate_few_positive_cross",4,"2-2-2-2",2000,1000,25,0.117948515355745,0.00184704861062341,0.114254418134498,0.121642612576991
"unbalanced","balanced_moderate_few_positive_cross",4,"2-2-2-2",100,2000,25,0.133244002357823,0.0129544404270721,0.107335121503679,0.159152883211967
"unbalanced","balanced_moderate_few_positive_cross",4,"2-2-2-2",500,2000,25,0.0943009706222693,0.0037122987026324,0.0868763732170045,0.101725568027534
"unbalanced","balanced_moderate_few_positive_cross",4,"2-2-2-2",1000,2000,25,0.0891633538379845,0.00238432891817355,0.0843946960016374,0.0939320116743316
"unbalanced","balanced_moderate_few_positive_cross",4,"2-2-2-2",2000,2000,25,0.0872585281609546,0.00107084929843828,0.085116829564078,0.0894002267578311
"unbalanced","balanced_moderate_few_positive_cross",4,"3-3-3-3",100,250,25,0.403619797405591,0.10301249149153,0.197594814422531,0.609644780388651
"unbalanced","balanced_moderate_few_positive_cross",4,"3-3-3-3",500,250,25,0.258252440057458,0.00854562630922176,0.241161187439014,0.275343692675901
"unbalanced","balanced_moderate_few_positive_cross",4,"3-3-3-3",1000,250,25,0.275691989643533,0.0103045296745498,0.255082930294434,0.296301048992633
"unbalanced","balanced_moderate_few_positive_cross",4,"3-3-3-3",2000,250,25,0.297231451441553,0.00920238730140572,0.278826676838741,0.315636226044364
"unbalanced","balanced_moderate_few_positive_cross",4,"3-3-3-3",100,500,25,0.316388298554806,0.0935191871273227,0.12934992430016,0.503426672809451
"unbalanced","balanced_moderate_few_positive_cross",4,"3-3-3-3",500,500,25,0.18869264254518,0.00727848968129769,0.174135663182584,0.203249621907775
"unbalanced","balanced_moderate_few_positive_cross",4,"3-3-3-3",1000,500,25,0.185069442250978,0.00503183061758771,0.175005781015802,0.195133103486153
"unbalanced","balanced_moderate_few_positive_cross",4,"3-3-3-3",2000,500,25,0.182420525568254,0.00296704866107893,0.176486428246097,0.188354622890412
"unbalanced","balanced_moderate_few_positive_cross",4,"3-3-3-3",100,1000,25,0.279760140714654,0.102758431000797,0.0742432787130607,0.485277002716247
"unbalanced","balanced_moderate_few_positive_cross",4,"3-3-3-3",500,1000,25,0.140076035219387,0.00494632841076379,0.130183378397859,0.149968692040915
"unbalanced","balanced_moderate_few_positive_cross",4,"3-3-3-3",1000,1000,25,0.135137057533605,0.0036346387990514,0.127867779935503,0.142406335131708
"unbalanced","balanced_moderate_few_positive_cross",4,"3-3-3-3",2000,1000,25,0.131832975777654,0.00302379609454617,0.125785383588562,0.137880567966746
"unbalanced","balanced_moderate_few_positive_cross",4,"3-3-3-3",100,2000,25,0.23828034811423,0.0859696234210086,0.0663411012722123,0.410219594956247
"unbalanced","balanced_moderate_few_positive_cross",4,"3-3-3-3",500,2000,25,0.107531612286008,0.00632107784361193,0.0948894565987838,0.120173767973231
"unbalanced","balanced_moderate_few_positive_cross",4,"3-3-3-3",1000,2000,25,0.100272766655719,0.00367831774796477,0.0929161311597893,0.107629402151648
"unbalanced","balanced_moderate_few_positive_cross",4,"3-3-3-3",2000,2000,25,0.0959833425013879,0.00228080372128004,0.0914217350588278,0.100544949943948
