"item","block","loading_design","H","F1","F2","F3","F4"
1,1,"Loadings = ""Sparse""",4,0.824538151500747,0,0,0
2,1,"Loadings = ""Sparse""",4,1.15688445046544,0,0,0
3,1,"Loadings = ""Sparse""",4,0.966895365621895,0,0,0
4,1,"Loadings = ""Sparse""",4,0.916225560824387,0,0,0
5,1,"Loadings = ""Sparse""",4,1.16881420731079,0,0,0
6,1,"Loadings = ""Sparse""",4,1.03526800847612,0,0,0
7,1,"Loadings = ""Sparse""",4,0.839987878571264,0,0,0
8,1,"Loadings = ""Sparse""",4,1.01315634779166,0,0,0
9,1,"Loadings = ""Sparse""",4,0.794911558856256,0,0,0
10,1,"Loadings = ""Sparse""",4,1.08408193825744,0,0,0
11,1,"Loadings = ""Sparse""",4,0.75904752407223,0,0,0
12,1,"Loadings = ""Sparse""",4,1.22402531246189,0,0,0
13,1,"Loadings = ""Sparse""",4,1.15645014622714,0,0,0
14,1,"Loadings = ""Sparse""",4,0.892013627919368,0,0,0
15,1,"Loadings = ""Sparse""",4,1.04654548352119,0,0,0
16,1,"Loadings = ""Sparse""",4,0.948295640526339,0,0,0
17,1,"Loadings = ""Sparse""",4,1.14796058228239,0,0,0
18,1,"Loadings = ""Sparse""",4,0.874271822161973,0,0.158388691097498,0
19,1,"Loadings = ""Sparse""",4,0.776747426600195,0,0,0
20,1,"Loadings = ""Sparse""",4,1.13333915302064,0,0,0
21,1,"Loadings = ""Sparse""",4,1.15519670664798,0,0,0
22,1,"Loadings = ""Sparse""",4,1.22720026865136,0,0,0
23,1,"Loadings = ""Sparse""",4,1.18561035138555,0,0,0
24,1,"Loadings = ""Sparse""",4,0.963343888986856,0,0,0
25,1,"Loadings = ""Sparse""",4,1.11589265789371,0,0,0
26,1,"Loadings = ""Sparse""",4,1.16135724727064,0,0,0
27,1,"Loadings = ""Sparse""",4,1.17876593605615,0,0,0
28,1,"Loadings = ""Sparse""",4,1.07460287050344,0,0,0
29,1,"Loadings = ""Sparse""",4,0.985138938529417,0,0,0
30,1,"Loadings = ""Sparse""",4,1.15570995188318,0,0,0
31,1,"Loadings = ""Sparse""",4,1.15107151784468,0,0,0
32,1,"Loadings = ""Sparse""",4,1.05464213970117,0,0,0
33,1,"Loadings = ""Sparse""",4,0.892930880305357,0,0,0
34,1,"Loadings = ""Sparse""",4,0.821808079374023,0,0,0
35,1,"Loadings = ""Sparse""",4,0.832242503296584,0,0,0
36,1,"Loadings = ""Sparse""",4,1.03871013701428,0,0,0
37,1,"Loadings = ""Sparse""",4,1.0697954489151,0,0,0
38,1,"Loadings = ""Sparse""",4,0.963484608219005,0,0,0
39,1,"Loadings = ""Sparse""",4,0.926395935704932,0,0,0
40,1,"Loadings = ""Sparse""",4,0.835019592312165,0,0,0
41,1,"Loadings = ""Sparse""",4,0.778719277470373,0,0,0
42,1,"Loadings = ""Sparse""",4,0.877471463289112,0,0,0
43,1,"Loadings = ""Sparse""",4,0.863521666149609,0,0,0
44,1,"Loadings = ""Sparse""",4,1.02793539594859,0,0,0
45,1,"Loadings = ""Sparse""",4,0.86332341702655,0,0,0
46,1,"Loadings = ""Sparse""",4,0.91429660608992,0,0,0
47,1,"Loadings = ""Sparse""",4,1.23100887984037,0,0,0
48,1,"Loadings = ""Sparse""",4,1.17513871646952,0,0,0
49,1,"Loadings = ""Sparse""",4,1.2475445800228,0,0.274210733175278,0
50,1,"Loadings = ""Sparse""",4,0.837811100296676,0,0,0
51,1,"Loadings = ""Sparse""",4,0.820503877010196,0,0,0
52,1,"Loadings = ""Sparse""",4,1.06647252314724,0,0,0
53,1,"Loadings = ""Sparse""",4,1.06167379242834,0,0,0
54,1,"Loadings = ""Sparse""",4,0.922915474628098,0,0,0
55,1,"Loadings = ""Sparse""",4,1.2177400838118,0,0,0
56,1,"Loadings = ""Sparse""",4,1.15472525334917,0,0,0.259251033961773
57,1,"Loadings = ""Sparse""",4,1.15928083541803,0,0,0
58,1,"Loadings = ""Sparse""",4,0.843795394524932,0,0,0
59,1,"Loadings = ""Sparse""",4,0.759593826252967,0,0,0
60,1,"Loadings = ""Sparse""",4,1.20996079815086,0,0,0
61,1,"Loadings = ""Sparse""",4,0.803222805727273,0,0,0
62,1,"Loadings = ""Sparse""",4,0.787908857571892,0,0,0.179886236079037
63,1,"Loadings = ""Sparse""",4,0.775689758709632,0,0,0
64,1,"Loadings = ""Sparse""",4,1.01872530265246,0,0,0
65,1,"Loadings = ""Sparse""",4,1.01627909392118,0,0,0
66,1,"Loadings = ""Sparse""",4,1.17723372601904,0,0,0
67,1,"Loadings = ""Sparse""",4,1.02444121299777,0,0,0.163995348699391
68,1,"Loadings = ""Sparse""",4,1.14303250506055,0,0,0
69,1,"Loadings = ""Sparse""",4,0.94946830382105,0,0,0
70,1,"Loadings = ""Sparse""",4,0.959756948053837,0,0,0
71,1,"Loadings = ""Sparse""",4,0.98791491438169,0,0,0
72,1,"Loadings = ""Sparse""",4,1.00818312447518,0,0,0
73,1,"Loadings = ""Sparse""",4,1.02857127110474,0,0,0
74,1,"Loadings = ""Sparse""",4,0.824641412240453,0,0,0
75,1,"Loadings = ""Sparse""",4,1.10898306209128,0,0,0
76,1,"Loadings = ""Sparse""",4,0.802613347652368,0,0,0
77,1,"Loadings = ""Sparse""",4,0.892308926908299,0,0,0
78,1,"Loadings = ""Sparse""",4,0.932829759316519,0.237729595415294,0,0
79,1,"Loadings = ""Sparse""",4,0.864172919536941,0,0,0
80,1,"Loadings = ""Sparse""",4,0.986045179888606,0,0,0
81,1,"Loadings = ""Sparse""",4,0.963414971251041,0,0,0
82,1,"Loadings = ""Sparse""",4,1.01213272626046,0,0,0
83,1,"Loadings = ""Sparse""",4,0.761766076087952,0,0,0
84,1,"Loadings = ""Sparse""",4,1.2405790038174,0,0,0
85,1,"Loadings = ""Sparse""",4,0.839426896069199,0,0,0
86,1,"Loadings = ""Sparse""",4,1.08515331661329,0,0,0
87,1,"Loadings = ""Sparse""",4,1.23110239824746,0,0,0
88,1,"Loadings = ""Sparse""",4,1.22279180400074,0,0,0
89,1,"Loadings = ""Sparse""",4,0.964569356874563,0,0,0
90,1,"Loadings = ""Sparse""",4,1.1535623956006,0,0,0
91,1,"Loadings = ""Sparse""",4,0.993389317533001,0,0,0
92,1,"Loadings = ""Sparse""",4,0.985915112309158,0,0,0
93,1,"Loadings = ""Sparse""",4,1.00289488479029,0.161427849531174,0,0
94,1,"Loadings = ""Sparse""",4,1.21203798730858,0,0,0
95,1,"Loadings = ""Sparse""",4,0.760844083735719,0,0,0
96,1,"Loadings = ""Sparse""",4,1.03648333449382,0,0,0
97,1,"Loadings = ""Sparse""",4,0.774145236122422,0,0,0
98,1,"Loadings = ""Sparse""",4,1.08965520514175,0,0,0
99,1,"Loadings = ""Sparse""",4,0.823317391332239,0,0,0
100,1,"Loadings = ""Sparse""",4,1.11908545566257,0,0,0
101,1,"Loadings = ""Sparse""",4,1.1675373549806,0,0,0
102,1,"Loadings = ""Sparse""",4,0.832589175086468,0,0,0
103,1,"Loadings = ""Sparse""",4,1.04191020026337,0,0,0
104,1,"Loadings = ""Sparse""",4,1.23228208452929,0,0,0
105,1,"Loadings = ""Sparse""",4,0.884521420113742,0,0,0
106,1,"Loadings = ""Sparse""",4,1.0896692420356,0,0,0
107,1,"Loadings = ""Sparse""",4,1.15882895106915,0,0,0
108,1,"Loadings = ""Sparse""",4,1.24311255931389,0,0,0
109,1,"Loadings = ""Sparse""",4,1.07095378544182,0,0,0
110,1,"Loadings = ""Sparse""",4,1.14034791325685,0,0,0
111,1,"Loadings = ""Sparse""",4,0.877128217602149,0,0,0
112,1,"Loadings = ""Sparse""",4,1.17228469240945,0,0,0
113,1,"Loadings = ""Sparse""",4,1.20528357918374,0,0,0
114,1,"Loadings = ""Sparse""",4,0.990074933855794,0,0,0
115,1,"Loadings = ""Sparse""",4,0.868028386961669,0,0,0
116,1,"Loadings = ""Sparse""",4,1.20042468048632,0,0.170550964996219,0
117,1,"Loadings = ""Sparse""",4,0.873020622762851,0,0,0
118,1,"Loadings = ""Sparse""",4,0.871628198656254,0,0,0
119,1,"Loadings = ""Sparse""",4,0.804814891540445,0,0,0
120,1,"Loadings = ""Sparse""",4,0.846483126864769,0,0,0
121,1,"Loadings = ""Sparse""",4,0.980968323652633,0,0,0
122,1,"Loadings = ""Sparse""",4,1.12616697326303,0,0,0
123,1,"Loadings = ""Sparse""",4,1.07621426647529,0,0,0
124,1,"Loadings = ""Sparse""",4,1.06722518405877,0,0,0
125,1,"Loadings = ""Sparse""",4,0.865067824837752,0,0,0
126,2,"Loadings = ""Sparse""",4,0,0.794736166368239,0,0
127,2,"Loadings = ""Sparse""",4,0,1.0856523772236,0,0
128,2,"Loadings = ""Sparse""",4,0,0.962143381824717,0,0
129,2,"Loadings = ""Sparse""",4,0,1.23692459310405,0,0
130,2,"Loadings = ""Sparse""",4,0,0.782838404760696,0,0
131,2,"Loadings = ""Sparse""",4,0,1.0451603444526,0,0.216145113110542
132,2,"Loadings = ""Sparse""",4,0,1.09914059122093,0.131567412801087,0
133,2,"Loadings = ""Sparse""",4,0,0.811732235481031,0,0
134,2,"Loadings = ""Sparse""",4,0,1.10658031213097,0,0
135,2,"Loadings = ""Sparse""",4,0,0.77977075020317,0,0
136,2,"Loadings = ""Sparse""",4,0,1.05656473583076,0,0
137,2,"Loadings = ""Sparse""",4,0,1.21020054176915,0.197503409609199,0
138,2,"Loadings = ""Sparse""",4,0,1.0538881624816,0,0
139,2,"Loadings = ""Sparse""",4,0,1.10606613510754,0,0.186162179261446
140,2,"Loadings = ""Sparse""",4,0,1.15794649487361,0,0
141,2,"Loadings = ""Sparse""",4,0,1.24660039250739,0,0
142,2,"Loadings = ""Sparse""",4,0,0.970658732927404,0,0
143,2,"Loadings = ""Sparse""",4,0,0.903993652551435,0,0.219628347046673
144,2,"Loadings = ""Sparse""",4,0,0.87330518849194,0,0
145,2,"Loadings = ""Sparse""",4,0,1.19945776916575,0,0
146,2,"Loadings = ""Sparse""",4,0,1.1703469986096,0,0
147,2,"Loadings = ""Sparse""",4,0,0.88841156323906,0,0
148,2,"Loadings = ""Sparse""",4,0,1.13847523496952,0,0
149,2,"Loadings = ""Sparse""",4,0,1.1641831304878,0,0
150,2,"Loadings = ""Sparse""",4,0,1.13235814787913,0,0
151,2,"Loadings = ""Sparse""",4,0,1.09565384150483,0,0
152,2,"Loadings = ""Sparse""",4,0,1.0875105994055,0,0
153,2,"Loadings = ""Sparse""",4,0,0.762313712388277,0.224100753553212,0
154,2,"Loadings = ""Sparse""",4,0,0.996032771770842,0,0
155,2,"Loadings = ""Sparse""",4,0,1.12631706125103,0,0
156,2,"Loadings = ""Sparse""",4,0,1.1391184264794,0,0
157,2,"Loadings = ""Sparse""",4,0,1.15443189919461,0,0
158,2,"Loadings = ""Sparse""",4,0,0.991089996416122,0,0
159,2,"Loadings = ""Sparse""",4,0,0.865082312608138,0,0
160,2,"Loadings = ""Sparse""",4,0,0.96418249164708,0,0
161,2,"Loadings = ""Sparse""",4,0,0.829171564429998,0,0
162,2,"Loadings = ""Sparse""",4,0,1.04149001336191,0,0
163,2,"Loadings = ""Sparse""",4,0,1.01196322822943,0,0
164,2,"Loadings = ""Sparse""",4,0,0.752185348654166,0,0
165,2,"Loadings = ""Sparse""",4,0,1.06433305062819,0,0.245961461029947
166,2,"Loadings = ""Sparse""",4,0,1.14033509173896,0.243521742224693,0.205327680371702
167,2,"Loadings = ""Sparse""",4,0.2631368541345,1.14674523181748,0.183266860991716,0
168,2,"Loadings = ""Sparse""",4,0,0.789459866588004,0.233995381854475,0
169,2,"Loadings = ""Sparse""",4,0,1.12502533686347,0,0
170,2,"Loadings = ""Sparse""",4,0,1.20777215878479,0,0
171,2,"Loadings = ""Sparse""",4,0,1.17230691760778,0,0
172,2,"Loadings = ""Sparse""",4,0,1.18923540739343,0,0
173,2,"Loadings = ""Sparse""",4,0,1.01076895557344,0,0
174,2,"Loadings = ""Sparse""",4,0,0.954767025425099,0,0
175,2,"Loadings = ""Sparse""",4,0,1.23402305936906,0,0
176,2,"Loadings = ""Sparse""",4,0,0.859265209757723,0,0
177,2,"Loadings = ""Sparse""",4,0,0.940281324903481,0,0
178,2,"Loadings = ""Sparse""",4,0,1.20424922765233,0,0
179,2,"Loadings = ""Sparse""",4,0.205776966325939,0.864244514959864,0,0
180,2,"Loadings = ""Sparse""",4,0,1.13794840092305,0,0
181,2,"Loadings = ""Sparse""",4,0,1.12050780467689,0,0
182,2,"Loadings = ""Sparse""",4,0,0.896393972332589,0,0
183,2,"Loadings = ""Sparse""",4,0,1.23916960298084,0,0
184,2,"Loadings = ""Sparse""",4,0,1.12741387006827,0,0
185,2,"Loadings = ""Sparse""",4,0,1.24632836587261,0,0
186,2,"Loadings = ""Sparse""",4,0,1.04369057633448,0,0
187,2,"Loadings = ""Sparse""",4,0,0.948956355801784,0,0
188,2,"Loadings = ""Sparse""",4,0.250309260189533,0.752772147301584,0,0
189,2,"Loadings = ""Sparse""",4,0,1.16654889716301,0,0
190,2,"Loadings = ""Sparse""",4,0,0.801618014811538,0,0
191,2,"Loadings = ""Sparse""",4,0,0.952170545351692,0,0
192,2,"Loadings = ""Sparse""",4,0,1.00815664057154,0,0
193,2,"Loadings = ""Sparse""",4,0,0.85209734889213,0,0
194,2,"Loadings = ""Sparse""",4,0,0.933544612373225,0,0
195,2,"Loadings = ""Sparse""",4,0,0.844764451729134,0,0
196,2,"Loadings = ""Sparse""",4,0,0.849721605074592,0,0
197,2,"Loadings = ""Sparse""",4,0,1.12951888353564,0,0
198,2,"Loadings = ""Sparse""",4,0,0.872653750819154,0,0
199,2,"Loadings = ""Sparse""",4,0,0.954175569466315,0,0
200,2,"Loadings = ""Sparse""",4,0,0.794225655845366,0,0
201,2,"Loadings = ""Sparse""",4,0,1.20912908983883,0,0
202,2,"Loadings = ""Sparse""",4,0,1.1365463064285,0,0
203,2,"Loadings = ""Sparse""",4,0,0.79600403830409,0,0
204,2,"Loadings = ""Sparse""",4,0,1.04310175857972,0,0
205,2,"Loadings = ""Sparse""",4,0,0.76827381295152,0,0
206,2,"Loadings = ""Sparse""",4,0,0.780890279798768,0,0
207,2,"Loadings = ""Sparse""",4,0,1.08661378128454,0,0
208,2,"Loadings = ""Sparse""",4,0.235841400623322,0.756953791016713,0,0
209,2,"Loadings = ""Sparse""",4,0,0.753609257517383,0,0
210,2,"Loadings = ""Sparse""",4,0.215201883502305,1.07729992363602,0,0
211,2,"Loadings = ""Sparse""",4,0,1.07746671861969,0,0
212,2,"Loadings = ""Sparse""",4,0,1.01777111669071,0,0
213,2,"Loadings = ""Sparse""",4,0.139043685793877,1.00356381642632,0,0
214,2,"Loadings = ""Sparse""",4,0,1.24552081606817,0,0
215,2,"Loadings = ""Sparse""",4,0,1.0323370017577,0,0
216,2,"Loadings = ""Sparse""",4,0,1.22862246655859,0,0
217,2,"Loadings = ""Sparse""",4,0,1.13908442703541,0,0
218,2,"Loadings = ""Sparse""",4,0,1.01633574429434,0,0
219,2,"Loadings = ""Sparse""",4,0,0.935650787083432,0,0
220,2,"Loadings = ""Sparse""",4,0,1.02927415224258,0,0
221,2,"Loadings = ""Sparse""",4,0,1.00844687083736,0,0
222,2,"Loadings = ""Sparse""",4,0,1.17819738818798,0,0
223,2,"Loadings = ""Sparse""",4,0,1.23588096396998,0,0
224,2,"Loadings = ""Sparse""",4,0,1.06070152448956,0,0
225,2,"Loadings = ""Sparse""",4,0,1.21423702815082,0.181778088845313,0
226,2,"Loadings = ""Sparse""",4,0,1.14700985897798,0,0
227,2,"Loadings = ""Sparse""",4,0,0.862997191259637,0,0
228,2,"Loadings = ""Sparse""",4,0,1.11909859022126,0,0
229,2,"Loadings = ""Sparse""",4,0.273021915517747,0.930431086220779,0,0
230,2,"Loadings = ""Sparse""",4,0,0.872666122508235,0,0
231,2,"Loadings = ""Sparse""",4,0,1.19657965912484,0,0
232,2,"Loadings = ""Sparse""",4,0,1.19946873327717,0,0
233,2,"Loadings = ""Sparse""",4,0,1.12300591578241,0,0
234,2,"Loadings = ""Sparse""",4,0,0.853794235386886,0,0
235,2,"Loadings = ""Sparse""",4,0,1.213693041238,0,0
236,2,"Loadings = ""Sparse""",4,0,0.925125592155382,0,0
237,2,"Loadings = ""Sparse""",4,0,0.947800581692718,0,0
238,2,"Loadings = ""Sparse""",4,0,0.805818795692176,0,0.144400924742222
239,2,"Loadings = ""Sparse""",4,0,1.03013473341707,0,0
240,2,"Loadings = ""Sparse""",4,0,0.79569503699895,0,0
241,2,"Loadings = ""Sparse""",4,0,1.22727997496258,0,0
242,2,"Loadings = ""Sparse""",4,0,0.959612637758255,0,0
243,2,"Loadings = ""Sparse""",4,0,1.05428506503813,0,0
244,2,"Loadings = ""Sparse""",4,0,0.863302003475837,0,0
245,2,"Loadings = ""Sparse""",4,0,1.19585735967848,0,0
246,2,"Loadings = ""Sparse""",4,0.187059719972312,0.89874772937037,0,0
247,2,"Loadings = ""Sparse""",4,0,1.18865697691217,0,0
248,2,"Loadings = ""Sparse""",4,0,1.24559467297513,0,0
249,2,"Loadings = ""Sparse""",4,0.250066277198494,1.10718362487387,0,0
250,2,"Loadings = ""Sparse""",4,0,1.05462732934393,0,0
251,3,"Loadings = ""Sparse""",4,0,0,0.963574843248352,0
252,3,"Loadings = ""Sparse""",4,0,0,1.05946526676416,0
253,3,"Loadings = ""Sparse""",4,0,0,0.966701856232248,0
254,3,"Loadings = ""Sparse""",4,0,0,0.894313263706863,0
255,3,"Loadings = ""Sparse""",4,0,0,0.944003809825517,0
256,3,"Loadings = ""Sparse""",4,0,0,0.867058267467655,0
257,3,"Loadings = ""Sparse""",4,0,0,0.949856584193185,0
258,3,"Loadings = ""Sparse""",4,0,0,1.05751754820812,0
259,3,"Loadings = ""Sparse""",4,0,0,0.79721115808934,0
260,3,"Loadings = ""Sparse""",4,0,0,1.24770359345712,0
261,3,"Loadings = ""Sparse""",4,0,0,0.967825924046338,0
262,3,"Loadings = ""Sparse""",4,0,0,1.02888088894542,0
263,3,"Loadings = ""Sparse""",4,0,0,1.08336043905001,0
264,3,"Loadings = ""Sparse""",4,0,0,0.876154708210379,0
265,3,"Loadings = ""Sparse""",4,0,0,0.909973805304617,0
266,3,"Loadings = ""Sparse""",4,0,0,1.18367182114162,0
267,3,"Loadings = ""Sparse""",4,0,0,1.21862234687433,0
268,3,"Loadings = ""Sparse""",4,0,0,1.00287698709872,0
269,3,"Loadings = ""Sparse""",4,0,0,1.08084607182536,0
270,3,"Loadings = ""Sparse""",4,0,0,1.02712039789185,0.168334015645087
271,3,"Loadings = ""Sparse""",4,0,0.151276582665741,1.01765442942269,0
272,3,"Loadings = ""Sparse""",4,0,0,0.929263944039121,0
273,3,"Loadings = ""Sparse""",4,0,0,0.860763484612107,0
274,3,"Loadings = ""Sparse""",4,0,0,1.10173545207363,0
275,3,"Loadings = ""Sparse""",4,0.277667028568685,0,0.940331059624441,0
276,3,"Loadings = ""Sparse""",4,0,0,0.858679598895833,0
277,3,"Loadings = ""Sparse""",4,0,0,1.10472940828186,0
278,3,"Loadings = ""Sparse""",4,0.219727309606969,0.219516607150435,0.940696622361429,0
279,3,"Loadings = ""Sparse""",4,0,0,1.20100332435686,0
280,3,"Loadings = ""Sparse""",4,0,0,1.2392866180744,0
281,3,"Loadings = ""Sparse""",4,0,0,0.75448237801902,0
282,3,"Loadings = ""Sparse""",4,0,0,0.836195091716945,0
283,3,"Loadings = ""Sparse""",4,0,0,0.917774330009706,0
284,3,"Loadings = ""Sparse""",4,0,0,0.95481501694303,0
285,3,"Loadings = ""Sparse""",4,0,0,0.846878208220005,0
286,3,"Loadings = ""Sparse""",4,0,0,1.09871204360388,0
287,3,"Loadings = ""Sparse""",4,0,0,0.765999777009711,0
288,3,"Loadings = ""Sparse""",4,0,0,1.19460099108983,0
289,3,"Loadings = ""Sparse""",4,0,0,1.19485417415854,0
290,3,"Loadings = ""Sparse""",4,0,0,1.1897237735102,0
291,3,"Loadings = ""Sparse""",4,0,0,1.20463431905955,0
292,3,"Loadings = ""Sparse""",4,0,0,1.17084743082523,0
293,3,"Loadings = ""Sparse""",4,0,0,1.16691735014319,0
294,3,"Loadings = ""Sparse""",4,0,0,0.924493434024043,0
295,3,"Loadings = ""Sparse""",4,0,0,0.844933805288747,0.240604091025889
296,3,"Loadings = ""Sparse""",4,0,0,1.0576476455899,0
297,3,"Loadings = ""Sparse""",4,0,0.151321694925427,0.807478241389617,0
298,3,"Loadings = ""Sparse""",4,0,0,1.18575132521801,0
299,3,"Loadings = ""Sparse""",4,0,0,1.16904630465433,0
300,3,"Loadings = ""Sparse""",4,0,0.232434150837362,0.764820961630903,0
301,3,"Loadings = ""Sparse""",4,0,0,1.02525392861571,0
302,3,"Loadings = ""Sparse""",4,0,0,1.1555911306059,0
303,3,"Loadings = ""Sparse""",4,0,0,1.04604922491126,0
304,3,"Loadings = ""Sparse""",4,0,0,1.07499001466203,0
305,3,"Loadings = ""Sparse""",4,0,0,1.0904634342296,0
306,3,"Loadings = ""Sparse""",4,0,0,1.17094504204579,0
307,3,"Loadings = ""Sparse""",4,0,0,0.914242043392733,0
308,3,"Loadings = ""Sparse""",4,0,0,1.17389680980705,0
309,3,"Loadings = ""Sparse""",4,0,0,1.10122833552305,0
310,3,"Loadings = ""Sparse""",4,0,0,1.03225835075136,0
311,3,"Loadings = ""Sparse""",4,0,0,0.77087670203764,0
312,3,"Loadings = ""Sparse""",4,0,0,0.798624302144162,0
313,3,"Loadings = ""Sparse""",4,0,0,0.80740018421784,0
314,3,"Loadings = ""Sparse""",4,0,0,0.840304489713162,0
315,3,"Loadings = ""Sparse""",4,0,0,0.777046572649851,0
316,3,"Loadings = ""Sparse""",4,0,0,0.80917192180641,0
317,3,"Loadings = ""Sparse""",4,0,0,0.784302612883039,0
318,3,"Loadings = ""Sparse""",4,0,0,1.12978333909996,0
319,3,"Loadings = ""Sparse""",4,0,0,0.76302088657394,0
320,3,"Loadings = ""Sparse""",4,0,0,1.15348315285519,0
321,3,"Loadings = ""Sparse""",4,0,0,0.780910471919924,0
322,3,"Loadings = ""Sparse""",4,0,0,1.07883322716225,0
323,3,"Loadings = ""Sparse""",4,0,0,1.00504870829172,0
324,3,"Loadings = ""Sparse""",4,0,0,0.811022819136269,0.19585463501513
325,3,"Loadings = ""Sparse""",4,0,0,0.861945094307885,0
326,3,"Loadings = ""Sparse""",4,0,0,1.21227726247162,0
327,3,"Loadings = ""Sparse""",4,0,0,0.790368377580307,0
328,3,"Loadings = ""Sparse""",4,0,0,0.832205495564267,0
329,3,"Loadings = ""Sparse""",4,0,0,0.863569749635644,0
330,3,"Loadings = ""Sparse""",4,0,0,1.16572798357811,0
331,3,"Loadings = ""Sparse""",4,0,0,1.22877026046626,0.209904540479183
332,3,"Loadings = ""Sparse""",4,0,0,0.804579484509304,0
333,3,"Loadings = ""Sparse""",4,0,0,1.19152152328752,0
334,3,"Loadings = ""Sparse""",4,0,0,1.10637001274154,0
335,3,"Loadings = ""Sparse""",4,0,0,0.879080829559825,0
336,3,"Loadings = ""Sparse""",4,0,0,1.22657704644371,0
337,3,"Loadings = ""Sparse""",4,0,0,0.96489021438174,0
338,3,"Loadings = ""Sparse""",4,0,0,0.931004452169873,0
339,3,"Loadings = ""Sparse""",4,0,0,0.984568610438146,0
340,3,"Loadings = ""Sparse""",4,0,0,1.03923849598505,0
341,3,"Loadings = ""Sparse""",4,0,0,1.02496218052693,0
342,3,"Loadings = ""Sparse""",4,0,0,0.953008294920437,0
343,3,"Loadings = ""Sparse""",4,0,0,0.958794333273545,0
344,3,"Loadings = ""Sparse""",4,0,0,1.18592892924789,0
345,3,"Loadings = ""Sparse""",4,0,0,0.78185384743847,0
346,3,"Loadings = ""Sparse""",4,0,0,1.1699508294696,0
347,3,"Loadings = ""Sparse""",4,0,0,0.80754345015157,0
348,3,"Loadings = ""Sparse""",4,0,0,1.08454310777597,0
349,3,"Loadings = ""Sparse""",4,0,0,1.00781648303382,0
350,3,"Loadings = ""Sparse""",4,0,0,1.03018832602538,0
351,3,"Loadings = ""Sparse""",4,0,0,0.956856057746336,0
352,3,"Loadings = ""Sparse""",4,0,0,0.766591896885075,0
353,3,"Loadings = ""Sparse""",4,0,0,0.795748923672363,0
354,3,"Loadings = ""Sparse""",4,0,0.194799680374563,0.787745721987449,0
355,3,"Loadings = ""Sparse""",4,0,0,1.18190787010826,0
356,3,"Loadings = ""Sparse""",4,0,0,1.20972433884162,0
357,3,"Loadings = ""Sparse""",4,0,0,0.851491433917545,0
358,3,"Loadings = ""Sparse""",4,0,0,0.831905917148106,0
359,3,"Loadings = ""Sparse""",4,0,0,0.990750688477419,0
360,3,"Loadings = ""Sparse""",4,0,0,1.07726147526409,0
361,3,"Loadings = ""Sparse""",4,0,0,1.10710970242508,0
362,3,"Loadings = ""Sparse""",4,0,0,1.04161133104935,0
363,3,"Loadings = ""Sparse""",4,0,0,1.23331355885603,0
364,3,"Loadings = ""Sparse""",4,0,0,1.23179023957346,0
365,3,"Loadings = ""Sparse""",4,0,0,1.04318906750996,0
366,3,"Loadings = ""Sparse""",4,0,0,0.844688859186135,0
367,3,"Loadings = ""Sparse""",4,0,0,1.19380783860106,0
368,3,"Loadings = ""Sparse""",4,0,0,0.911067681270652,0.215942806527019
369,3,"Loadings = ""Sparse""",4,0,0,0.83747588749975,0
370,3,"Loadings = ""Sparse""",4,0,0,0.961086961207911,0
371,3,"Loadings = ""Sparse""",4,0,0,1.08310299436562,0
372,3,"Loadings = ""Sparse""",4,0,0,1.11112994840369,0
373,3,"Loadings = ""Sparse""",4,0,0,1.12950484151952,0
374,3,"Loadings = ""Sparse""",4,0,0,1.08660420181695,0
375,3,"Loadings = ""Sparse""",4,0,0,0.846264561405405,0
376,4,"Loadings = ""Sparse""",4,0,0,0,1.07001140725333
377,4,"Loadings = ""Sparse""",4,0,0,0,1.05767037370242
378,4,"Loadings = ""Sparse""",4,0,0,0,1.1218826638069
379,4,"Loadings = ""Sparse""",4,0,0,0,0.787991665070876
380,4,"Loadings = ""Sparse""",4,0,0,0,0.776530071278103
381,4,"Loadings = ""Sparse""",4,0,0,0,1.16330015007406
382,4,"Loadings = ""Sparse""",4,0,0,0,0.781622128328308
383,4,"Loadings = ""Sparse""",4,0,0,0,0.833104998804629
384,4,"Loadings = ""Sparse""",4,0,0,0,1.0977625681553
385,4,"Loadings = ""Sparse""",4,0,0,0,1.14740261819679
386,4,"Loadings = ""Sparse""",4,0,0,0.170730655752122,0.977289842441678
387,4,"Loadings = ""Sparse""",4,0,0,0,0.881121406913735
388,4,"Loadings = ""Sparse""",4,0,0,0,0.890372128109448
389,4,"Loadings = ""Sparse""",4,0,0,0,0.845276371808723
390,4,"Loadings = ""Sparse""",4,0,0,0,1.15647795691621
391,4,"Loadings = ""Sparse""",4,0,0,0,1.09825850173365
392,4,"Loadings = ""Sparse""",4,0,0,0,0.820062637678348
393,4,"Loadings = ""Sparse""",4,0,0,0,1.182057772181
394,4,"Loadings = ""Sparse""",4,0,0,0,1.04621111578308
395,4,"Loadings = ""Sparse""",4,0,0,0,1.01951716735493
396,4,"Loadings = ""Sparse""",4,0,0,0,1.05630010133609
397,4,"Loadings = ""Sparse""",4,0,0,0,0.964620902203023
398,4,"Loadings = ""Sparse""",4,0,0,0,0.937399008660577
399,4,"Loadings = ""Sparse""",4,0,0,0,1.18884784111287
400,4,"Loadings = ""Sparse""",4,0,0,0,0.750847995048389
401,4,"Loadings = ""Sparse""",4,0,0,0,0.801548280869611
402,4,"Loadings = ""Sparse""",4,0,0,0,0.764484249870293
403,4,"Loadings = ""Sparse""",4,0.178306771926582,0,0,0.82908539311029
404,4,"Loadings = ""Sparse""",4,0,0,0,1.20509244373534
405,4,"Loadings = ""Sparse""",4,0,0,0,0.845676433760673
406,4,"Loadings = ""Sparse""",4,0,0,0,1.0959049127996
407,4,"Loadings = ""Sparse""",4,0,0,0,1.23469641676638
408,4,"Loadings = ""Sparse""",4,0,0,0,0.862834529252723
409,4,"Loadings = ""Sparse""",4,0,0,0,0.951240514405072
410,4,"Loadings = ""Sparse""",4,0,0,0,1.1613627843326
411,4,"Loadings = ""Sparse""",4,0,0,0,0.836855791625567
412,4,"Loadings = ""Sparse""",4,0,0,0,0.87094222032465
413,4,"Loadings = ""Sparse""",4,0,0,0,1.03421400533989
414,4,"Loadings = ""Sparse""",4,0,0,0.248528021536768,1.14372994273435
415,4,"Loadings = ""Sparse""",4,0,0,0,1.04602628829889
416,4,"Loadings = ""Sparse""",4,0.245131015330553,0,0,0.890243088710122
417,4,"Loadings = ""Sparse""",4,0,0,0,1.00459334184416
418,4,"Loadings = ""Sparse""",4,0,0,0,0.943266420159489
419,4,"Loadings = ""Sparse""",4,0,0,0,1.05939448787831
420,4,"Loadings = ""Sparse""",4,0,0,0,1.09550364245661
421,4,"Loadings = ""Sparse""",4,0,0,0,1.09001183649525
422,4,"Loadings = ""Sparse""",4,0,0,0,1.23202651343308
423,4,"Loadings = ""Sparse""",4,0,0,0,1.17876898846589
424,4,"Loadings = ""Sparse""",4,0,0,0,0.999929984449409
425,4,"Loadings = ""Sparse""",4,0,0,0,0.920402996474877
426,4,"Loadings = ""Sparse""",4,0,0,0,1.23330779769458
427,4,"Loadings = ""Sparse""",4,0,0,0,0.772073311847635
428,4,"Loadings = ""Sparse""",4,0,0,0,1.22232656134292
429,4,"Loadings = ""Sparse""",4,0,0,0,0.95686604315415
430,4,"Loadings = ""Sparse""",4,0,0,0,1.18166834721342
431,4,"Loadings = ""Sparse""",4,0,0,0,1.1565661149798
432,4,"Loadings = ""Sparse""",4,0,0,0,1.05618842202239
433,4,"Loadings = ""Sparse""",4,0,0,0,1.13793225982226
434,4,"Loadings = ""Sparse""",4,0,0,0,1.09050016570836
435,4,"Loadings = ""Sparse""",4,0,0,0,0.914795818040147
436,4,"Loadings = ""Sparse""",4,0,0,0,1.2204030090943
437,4,"Loadings = ""Sparse""",4,0,0,0,1.23616752494127
438,4,"Loadings = ""Sparse""",4,0,0,0,1.0578818237409
439,4,"Loadings = ""Sparse""",4,0,0,0,1.1586465772707
440,4,"Loadings = ""Sparse""",4,0,0,0,0.970522652962245
441,4,"Loadings = ""Sparse""",4,0.252480454333127,0,0,0.799169983598404
442,4,"Loadings = ""Sparse""",4,0,0,0,0.856055520824157
443,4,"Loadings = ""Sparse""",4,0,0,0,0.753733060322702
444,4,"Loadings = ""Sparse""",4,0,0,0.153420165665448,1.0474410551833
445,4,"Loadings = ""Sparse""",4,0,0,0,0.904757338459603
446,4,"Loadings = ""Sparse""",4,0,0,0,1.22928660095204
447,4,"Loadings = ""Sparse""",4,0,0,0,0.892698321957141
448,4,"Loadings = ""Sparse""",4,0,0,0,0.810015090042725
449,4,"Loadings = ""Sparse""",4,0,0,0,1.12755029229447
450,4,"Loadings = ""Sparse""",4,0,0,0,0.909009333117865
451,4,"Loadings = ""Sparse""",4,0,0,0,1.17733335017692
452,4,"Loadings = ""Sparse""",4,0,0,0,1.12081766326446
453,4,"Loadings = ""Sparse""",4,0,0,0,0.82405355211813
454,4,"Loadings = ""Sparse""",4,0,0,0,1.17047200165689
455,4,"Loadings = ""Sparse""",4,0,0,0,0.930519871762954
456,4,"Loadings = ""Sparse""",4,0,0,0,0.999051391845569
457,4,"Loadings = ""Sparse""",4,0,0,0,0.856268520699814
458,4,"Loadings = ""Sparse""",4,0,0,0,1.11015629256144
459,4,"Loadings = ""Sparse""",4,0,0,0,0.779715652693994
460,4,"Loadings = ""Sparse""",4,0,0.148801299333572,0,0.802712355856784
461,4,"Loadings = ""Sparse""",4,0,0,0,1.04075099376496
462,4,"Loadings = ""Sparse""",4,0,0,0,1.0641623531701
463,4,"Loadings = ""Sparse""",4,0,0,0,0.9883671507705
464,4,"Loadings = ""Sparse""",4,0,0,0.204218976311386,0.837932536378503
465,4,"Loadings = ""Sparse""",4,0,0,0,0.875733412336558
466,4,"Loadings = ""Sparse""",4,0,0,0,0.89359471492935
467,4,"Loadings = ""Sparse""",4,0,0,0,1.24013695050962
468,4,"Loadings = ""Sparse""",4,0,0,0,1.11576214130037
469,4,"Loadings = ""Sparse""",4,0,0,0,0.985090862610377
470,4,"Loadings = ""Sparse""",4,0,0,0,1.24050329858437
471,4,"Loadings = ""Sparse""",4,0,0,0,1.14121423964389
472,4,"Loadings = ""Sparse""",4,0,0,0,1.17104142485186
473,4,"Loadings = ""Sparse""",4,0,0,0,0.895258294185624
474,4,"Loadings = ""Sparse""",4,0,0,0,1.23595409677364
475,4,"Loadings = ""Sparse""",4,0,0,0,1.17908015695866
476,4,"Loadings = ""Sparse""",4,0,0,0,0.813283195486292
477,4,"Loadings = ""Sparse""",4,0,0,0,1.03332702221815
478,4,"Loadings = ""Sparse""",4,0,0,0,0.819222085177898
479,4,"Loadings = ""Sparse""",4,0,0,0,0.934161875396967
480,4,"Loadings = ""Sparse""",4,0,0,0,1.06751760293264
481,4,"Loadings = ""Sparse""",4,0,0,0,0.979647357831709
482,4,"Loadings = ""Sparse""",4,0.261833634972572,0,0.160294529162347,0.989915769780055
483,4,"Loadings = ""Sparse""",4,0,0,0,0.968129245564342
484,4,"Loadings = ""Sparse""",4,0,0,0,0.869754139101133
485,4,"Loadings = ""Sparse""",4,0,0,0,0.750658500939608
486,4,"Loadings = ""Sparse""",4,0,0,0,0.868607976124622
487,4,"Loadings = ""Sparse""",4,0,0,0,1.20607886475045
488,4,"Loadings = ""Sparse""",4,0,0,0,0.882672906969674
489,4,"Loadings = ""Sparse""",4,0,0,0,0.912802198901772
490,4,"Loadings = ""Sparse""",4,0,0.209767163172364,0,0.976314650499262
491,4,"Loadings = ""Sparse""",4,0,0,0,0.839852994307876
492,4,"Loadings = ""Sparse""",4,0,0.192547395043075,0,1.19415032188408
493,4,"Loadings = ""Sparse""",4,0,0,0,0.927933314931579
494,4,"Loadings = ""Sparse""",4,0,0,0,0.766892050858587
495,4,"Loadings = ""Sparse""",4,0,0,0,1.07884741993621
496,4,"Loadings = ""Sparse""",4,0,0,0,1.08119721931871
497,4,"Loadings = ""Sparse""",4,0,0,0,1.17598001775332
498,4,"Loadings = ""Sparse""",4,0,0,0,0.838838859694079
499,4,"Loadings = ""Sparse""",4,0,0,0,0.809307156596333
500,4,"Loadings = ""Sparse""",4,0,0,0,0.806880347430706
