"item","block","loading_design","block_size_mode","H","F1","F2","F3","F4"
1,1,"Loadings = ""Cross""","moderate_ifeval_like",4,0.827405638061464,0,0,0
2,1,"Loadings = ""Cross""","moderate_ifeval_like",4,1.21219765767455,0.203211730159819,0,0
3,1,"Loadings = ""Cross""","moderate_ifeval_like",4,0.906134329736233,0,0,0
4,1,"Loadings = ""Cross""","moderate_ifeval_like",4,1.21379950537812,0,0,0
5,1,"Loadings = ""Cross""","moderate_ifeval_like",4,0.796295143081807,0,0,0
6,1,"Loadings = ""Cross""","moderate_ifeval_like",4,1.03885971428826,0,0,0.428818584885448
7,1,"Loadings = ""Cross""","moderate_ifeval_like",4,1.03934822615702,0,0,0.207323431689292
8,1,"Loadings = ""Cross""","moderate_ifeval_like",4,0.979016788187437,0,0,0
9,1,"Loadings = ""Cross""","moderate_ifeval_like",4,1.11703406064771,0,0,0
10,1,"Loadings = ""Cross""","moderate_ifeval_like",4,0.821832660818473,-0.353535205963999,0,0
11,1,"Loadings = ""Cross""","moderate_ifeval_like",4,1.20245110441465,-0.314321430772543,0,0
12,1,"Loadings = ""Cross""","moderate_ifeval_like",4,0.870205105748028,0,0.314637876395136,0
13,1,"Loadings = ""Cross""","moderate_ifeval_like",4,0.806199085898697,0,0,0
14,1,"Loadings = ""Cross""","moderate_ifeval_like",4,1.09579127596226,0,0,0
15,1,"Loadings = ""Cross""","moderate_ifeval_like",4,1.19478425185662,0,0,0
16,1,"Loadings = ""Cross""","moderate_ifeval_like",4,1.14817419450264,0.519591293018311,-0.38549832617864,0
17,1,"Loadings = ""Cross""","moderate_ifeval_like",4,0.790966452797875,0,-0.419251204282045,0
18,1,"Loadings = ""Cross""","moderate_ifeval_like",4,1.20166189305019,-0.403941036760807,-0.471959068719298,0
19,1,"Loadings = ""Cross""","moderate_ifeval_like",4,1.12728829518892,0,-0.453271158784628,0
20,1,"Loadings = ""Cross""","moderate_ifeval_like",4,0.767312702839263,0,-0.279526761267334,0
21,1,"Loadings = ""Cross""","moderate_ifeval_like",4,0.91513173643034,0,0,0
22,1,"Loadings = ""Cross""","moderate_ifeval_like",4,1.18975691706873,0,0.339284766465425,0
23,1,"Loadings = ""Cross""","moderate_ifeval_like",4,1.1247468526708,0,0,0
24,1,"Loadings = ""Cross""","moderate_ifeval_like",4,0.779234423418529,0,0,0
25,1,"Loadings = ""Cross""","moderate_ifeval_like",4,1.14847688761074,0,0,0
26,1,"Loadings = ""Cross""","moderate_ifeval_like",4,0.803761300165206,-0.577214784827083,0,0
27,1,"Loadings = ""Cross""","moderate_ifeval_like",4,1.23654917208478,0,0,0
28,1,"Loadings = ""Cross""","moderate_ifeval_like",4,1.23481147864368,0,-0.585504025127739,0
29,1,"Loadings = ""Cross""","moderate_ifeval_like",4,1.16427665879019,0,0,-0.259871967881918
30,1,"Loadings = ""Cross""","moderate_ifeval_like",4,1.08245967177209,-0.526420619990677,0,0
31,1,"Loadings = ""Cross""","moderate_ifeval_like",4,0.90395386563614,-0.332025370746851,-0.394931757263839,0
32,1,"Loadings = ""Cross""","moderate_ifeval_like",4,1.09238615096547,0.477173888683319,0,0
33,1,"Loadings = ""Cross""","moderate_ifeval_like",4,0.812449450488202,0,0,0.400951984710991
34,1,"Loadings = ""Cross""","moderate_ifeval_like",4,1.15907062962651,-0.45495798997581,0.543192316312343,-0.426515215262771
35,1,"Loadings = ""Cross""","moderate_ifeval_like",4,1.04112409136724,-0.580930741783231,0,0
36,1,"Loadings = ""Cross""","moderate_ifeval_like",4,0.867917225696146,0,0,0
37,1,"Loadings = ""Cross""","moderate_ifeval_like",4,0.950784646440297,0,0,0.362488326057792
38,1,"Loadings = ""Cross""","moderate_ifeval_like",4,1.17730432795361,0,-0.460856891516596,0
39,1,"Loadings = ""Cross""","moderate_ifeval_like",4,1.02097556588706,0,0,0.395635778456926
40,1,"Loadings = ""Cross""","moderate_ifeval_like",4,0.95191551046446,0.514034746773541,0,0
41,1,"Loadings = ""Cross""","moderate_ifeval_like",4,1.24219369853381,-0.314614518079907,-0.22555781789124,0
42,1,"Loadings = ""Cross""","moderate_ifeval_like",4,1.07926672266331,0,-0.438862582296133,0
43,1,"Loadings = ""Cross""","moderate_ifeval_like",4,1.13832688552793,0,0,0.595710318908095
44,1,"Loadings = ""Cross""","moderate_ifeval_like",4,1.19398562912829,0,0,-0.34374213013798
45,1,"Loadings = ""Cross""","moderate_ifeval_like",4,1.01383798534516,0,0,0
46,1,"Loadings = ""Cross""","moderate_ifeval_like",4,0.905694399378262,0,0,0
47,1,"Loadings = ""Cross""","moderate_ifeval_like",4,0.861666786833666,0,0,0
48,1,"Loadings = ""Cross""","moderate_ifeval_like",4,0.945335205527954,0,0,0
49,1,"Loadings = ""Cross""","moderate_ifeval_like",4,0.94314102944918,0,0,0.465189134608954
50,1,"Loadings = ""Cross""","moderate_ifeval_like",4,0.903386660967954,-0.37599784610793,0,0
51,1,"Loadings = ""Cross""","moderate_ifeval_like",4,0.85847879818175,0,0,0
52,1,"Loadings = ""Cross""","moderate_ifeval_like",4,1.20640193333384,-0.302693223301321,0,0
53,1,"Loadings = ""Cross""","moderate_ifeval_like",4,0.807878783671185,0,0,0.316051328834146
54,1,"Loadings = ""Cross""","moderate_ifeval_like",4,1.09870317438617,0,0.273789570480585,-0.299524503108114
55,1,"Loadings = ""Cross""","moderate_ifeval_like",4,1.10886077757459,0,0,0
56,1,"Loadings = ""Cross""","moderate_ifeval_like",4,0.909233070677146,0,0,0
57,1,"Loadings = ""Cross""","moderate_ifeval_like",4,1.22151902480982,0,0.55491604981944,0
58,1,"Loadings = ""Cross""","moderate_ifeval_like",4,0.814975748886354,0,-0.512744208518416,0
59,1,"Loadings = ""Cross""","moderate_ifeval_like",4,1.169045481598,0,0,0
60,1,"Loadings = ""Cross""","moderate_ifeval_like",4,1.03533550840802,0,0,0
61,1,"Loadings = ""Cross""","moderate_ifeval_like",4,1.03151934174821,-0.34354501273483,0.531441530864686,0
62,1,"Loadings = ""Cross""","moderate_ifeval_like",4,1.12424614327028,0,-0.488162005133927,0
63,1,"Loadings = ""Cross""","moderate_ifeval_like",4,0.846381257520989,0,0,0.541202306561172
64,1,"Loadings = ""Cross""","moderate_ifeval_like",4,0.798638784559444,0.538769469317049,0,0
65,1,"Loadings = ""Cross""","moderate_ifeval_like",4,0.975706806639209,0,0,0
66,1,"Loadings = ""Cross""","moderate_ifeval_like",4,0.777534324792214,0,0.295974377077073,0
67,1,"Loadings = ""Cross""","moderate_ifeval_like",4,0.880912489257753,0,0.403412817511708,0
68,1,"Loadings = ""Cross""","moderate_ifeval_like",4,0.865750541910529,0,0,0
69,1,"Loadings = ""Cross""","moderate_ifeval_like",4,0.752475907211192,0,0,0
70,1,"Loadings = ""Cross""","moderate_ifeval_like",4,0.791958433459513,0,-0.280425613094121,0
71,1,"Loadings = ""Cross""","moderate_ifeval_like",4,0.967081046197563,0,0,-0.559172942209989
72,1,"Loadings = ""Cross""","moderate_ifeval_like",4,1.16217535408214,0,0,0
73,1,"Loadings = ""Cross""","moderate_ifeval_like",4,0.909204927738756,0,-0.232044758368284,0
74,1,"Loadings = ""Cross""","moderate_ifeval_like",4,0.838119572494179,0,0,0
75,1,"Loadings = ""Cross""","moderate_ifeval_like",4,0.943539683590643,-0.248895099479705,0,0
76,1,"Loadings = ""Cross""","moderate_ifeval_like",4,1.2057071106974,0,0,0
77,1,"Loadings = ""Cross""","moderate_ifeval_like",4,1.15547931194305,0,0,0.429688153602183
78,1,"Loadings = ""Cross""","moderate_ifeval_like",4,0.924253030563705,0,0,0
79,1,"Loadings = ""Cross""","moderate_ifeval_like",4,0.772401276626624,0,0,0
80,1,"Loadings = ""Cross""","moderate_ifeval_like",4,0.917347833630629,-0.215765156503767,0,-0.402180540375412
81,1,"Loadings = ""Cross""","moderate_ifeval_like",4,0.856786391814239,-0.292350831069052,0,0
82,1,"Loadings = ""Cross""","moderate_ifeval_like",4,1.08665938919876,0,0,0
83,1,"Loadings = ""Cross""","moderate_ifeval_like",4,0.848844801890664,0,0,0.209181755501777
84,1,"Loadings = ""Cross""","moderate_ifeval_like",4,1.03320904518478,0,0,0
85,1,"Loadings = ""Cross""","moderate_ifeval_like",4,0.979654206661507,0,0,0
86,1,"Loadings = ""Cross""","moderate_ifeval_like",4,1.12749298918061,-0.512259889766574,0,0
87,1,"Loadings = ""Cross""","moderate_ifeval_like",4,0.92811412375886,0,0,0
88,1,"Loadings = ""Cross""","moderate_ifeval_like",4,0.767518004286103,0,-0.559877155534923,0
89,1,"Loadings = ""Cross""","moderate_ifeval_like",4,0.792222480173223,0,0,-0.422273061145097
90,1,"Loadings = ""Cross""","moderate_ifeval_like",4,0.918790859635919,0,0,0
91,1,"Loadings = ""Cross""","moderate_ifeval_like",4,0.829672382562421,0,0,0
92,1,"Loadings = ""Cross""","moderate_ifeval_like",4,1.03876660345122,-0.43295084470883,0,0
93,1,"Loadings = ""Cross""","moderate_ifeval_like",4,1.01639246218838,0.258401922602206,0.381295628473163,0
94,1,"Loadings = ""Cross""","moderate_ifeval_like",4,0.972574438084848,0,0,-0.328748045582324
95,1,"Loadings = ""Cross""","moderate_ifeval_like",4,0.809028604999185,0,0,0
96,1,"Loadings = ""Cross""","moderate_ifeval_like",4,0.78201720805373,0,0.463877355214208,0
97,1,"Loadings = ""Cross""","moderate_ifeval_like",4,1.00086202449165,0.571958129107952,0,0
98,1,"Loadings = ""Cross""","moderate_ifeval_like",4,1.08467182319146,0,0,0
99,1,"Loadings = ""Cross""","moderate_ifeval_like",4,0.906722085783258,0,0,0
100,1,"Loadings = ""Cross""","moderate_ifeval_like",4,0.972619475447573,0,0,-0.390750135947019
101,1,"Loadings = ""Cross""","moderate_ifeval_like",4,1.14384132856503,0,0.20082426564768,0
102,1,"Loadings = ""Cross""","moderate_ifeval_like",4,1.11375056626275,0,0,0.335444178711623
103,1,"Loadings = ""Cross""","moderate_ifeval_like",4,1.1282318464946,0.526275526266545,0,0
104,1,"Loadings = ""Cross""","moderate_ifeval_like",4,1.02461094467435,0,0,0
105,1,"Loadings = ""Cross""","moderate_ifeval_like",4,1.24139268125873,0.355190559383482,0,0.551448910310864
106,1,"Loadings = ""Cross""","moderate_ifeval_like",4,0.878056390094571,0,0,0
107,1,"Loadings = ""Cross""","moderate_ifeval_like",4,0.800704612862319,0,-0.271835278347135,0
108,1,"Loadings = ""Cross""","moderate_ifeval_like",4,0.845959594706073,-0.207134073134512,0,0
109,1,"Loadings = ""Cross""","moderate_ifeval_like",4,0.881986102904193,-0.545310935843736,0,-0.357550633978099
110,1,"Loadings = ""Cross""","moderate_ifeval_like",4,1.21908560337033,0,0,0
111,1,"Loadings = ""Cross""","moderate_ifeval_like",4,1.2070432001492,-0.566512980312109,0,0
112,1,"Loadings = ""Cross""","moderate_ifeval_like",4,1.09800749272108,0,0.393013473786414,0
113,1,"Loadings = ""Cross""","moderate_ifeval_like",4,1.18952988123056,0,0,0
114,1,"Loadings = ""Cross""","moderate_ifeval_like",4,0.840754165896215,0,0,0
115,1,"Loadings = ""Cross""","moderate_ifeval_like",4,0.950384456198663,0,-0.482240923587233,0.378543205186725
116,1,"Loadings = ""Cross""","moderate_ifeval_like",4,0.757380002993159,-0.2807163878344,0,0
117,1,"Loadings = ""Cross""","moderate_ifeval_like",4,0.869873122894205,0,0.30273941969499,0
118,1,"Loadings = ""Cross""","moderate_ifeval_like",4,0.969334415858611,0,0.258107762876898,0
119,1,"Loadings = ""Cross""","moderate_ifeval_like",4,0.992252091877162,0,0,0
120,1,"Loadings = ""Cross""","moderate_ifeval_like",4,0.881411817390472,0,0,0
121,1,"Loadings = ""Cross""","moderate_ifeval_like",4,0.781317548942752,0,0,-0.46310524335131
122,1,"Loadings = ""Cross""","moderate_ifeval_like",4,1.07530426536687,0,-0.307918266486377,0
123,1,"Loadings = ""Cross""","moderate_ifeval_like",4,1.06227220862638,0,0,0
124,1,"Loadings = ""Cross""","moderate_ifeval_like",4,0.81104450894054,0,0,0
125,1,"Loadings = ""Cross""","moderate_ifeval_like",4,1.17275388957933,-0.592770383041352,0,0
126,1,"Loadings = ""Cross""","moderate_ifeval_like",4,0.994174737948924,0,0,0
127,1,"Loadings = ""Cross""","moderate_ifeval_like",4,1.09565167897381,-0.467010528873652,0,0
128,1,"Loadings = ""Cross""","moderate_ifeval_like",4,0.784981864504516,0,0,0
129,1,"Loadings = ""Cross""","moderate_ifeval_like",4,1.18496834242251,-0.520133419986814,0,0
130,1,"Loadings = ""Cross""","moderate_ifeval_like",4,0.788577726576477,0,0.524335534032434,0
131,1,"Loadings = ""Cross""","moderate_ifeval_like",4,0.804104488925077,-0.589843519590795,0.570513242669404,0
132,1,"Loadings = ""Cross""","moderate_ifeval_like",4,0.896051392774098,0,0,0
133,1,"Loadings = ""Cross""","moderate_ifeval_like",4,1.24616828805301,0,0,0
134,1,"Loadings = ""Cross""","moderate_ifeval_like",4,0.946987464441918,0.572556380089372,0,0.469476941600442
135,1,"Loadings = ""Cross""","moderate_ifeval_like",4,1.17371973267291,0,0,-0.46307877432555
136,1,"Loadings = ""Cross""","moderate_ifeval_like",4,1.14574140647892,0,-0.213454522658139,0
137,1,"Loadings = ""Cross""","moderate_ifeval_like",4,0.928847934468649,0.205181999411434,0,0
138,1,"Loadings = ""Cross""","moderate_ifeval_like",4,0.893017597263679,0,0,0
139,1,"Loadings = ""Cross""","moderate_ifeval_like",4,0.872601927840151,0,0,0
140,1,"Loadings = ""Cross""","moderate_ifeval_like",4,1.03773888386786,0,0,-0.214190551359206
141,1,"Loadings = ""Cross""","moderate_ifeval_like",4,1.00762997171842,0,0,-0.340373396594077
142,1,"Loadings = ""Cross""","moderate_ifeval_like",4,0.85188842494972,0,0,0
143,1,"Loadings = ""Cross""","moderate_ifeval_like",4,0.791552543290891,0,-0.351509698294103,0.54409305639565
144,1,"Loadings = ""Cross""","moderate_ifeval_like",4,0.790971274953336,0,-0.200466636940837,0
145,1,"Loadings = ""Cross""","moderate_ifeval_like",4,1.19103422830813,0,0,0
146,1,"Loadings = ""Cross""","moderate_ifeval_like",4,0.89812568994239,0,0,0
147,1,"Loadings = ""Cross""","moderate_ifeval_like",4,0.834686135873199,0,0,0
148,1,"Loadings = ""Cross""","moderate_ifeval_like",4,1.16207486100029,0,0,-0.594288263563067
149,1,"Loadings = ""Cross""","moderate_ifeval_like",4,0.9070249653887,0,0.54665350727737,-0.264529863279313
150,1,"Loadings = ""Cross""","moderate_ifeval_like",4,1.16898342815693,-0.414196268748492,0,0.576764302328229
151,1,"Loadings = ""Cross""","moderate_ifeval_like",4,1.21079183695838,0,0,0
152,1,"Loadings = ""Cross""","moderate_ifeval_like",4,0.931583741679788,-0.280556037742645,0,0
153,1,"Loadings = ""Cross""","moderate_ifeval_like",4,0.853115099016577,0,0.475981970317662,0
154,1,"Loadings = ""Cross""","moderate_ifeval_like",4,1.14541194471531,-0.252634320687503,0,0
155,1,"Loadings = ""Cross""","moderate_ifeval_like",4,1.02162336441688,0,0,0
156,1,"Loadings = ""Cross""","moderate_ifeval_like",4,0.940931669785641,0,0,-0.382445299159735
157,1,"Loadings = ""Cross""","moderate_ifeval_like",4,0.905294204829261,-0.366961287613958,-0.425834871921688,0
158,1,"Loadings = ""Cross""","moderate_ifeval_like",4,0.94896454422269,0,0,0
159,1,"Loadings = ""Cross""","moderate_ifeval_like",4,1.01928417140152,0,0,-0.273925599828362
160,1,"Loadings = ""Cross""","moderate_ifeval_like",4,0.790941859362647,0,0,0.563179528526962
161,1,"Loadings = ""Cross""","moderate_ifeval_like",4,0.911361345672049,-0.372218446619809,0,0
162,1,"Loadings = ""Cross""","moderate_ifeval_like",4,0.991555669344962,0.262505529914051,0,0
163,1,"Loadings = ""Cross""","moderate_ifeval_like",4,0.794159689568914,0,0,0
164,1,"Loadings = ""Cross""","moderate_ifeval_like",4,1.10197385470383,0,0,0
165,1,"Loadings = ""Cross""","moderate_ifeval_like",4,0.853863578289747,0,0,0
166,1,"Loadings = ""Cross""","moderate_ifeval_like",4,0.856966946623288,0,-0.331174928229302,0
167,1,"Loadings = ""Cross""","moderate_ifeval_like",4,1.24064866523258,0,0,0
168,1,"Loadings = ""Cross""","moderate_ifeval_like",4,0.826226640725508,-0.266901456844062,0,0
169,1,"Loadings = ""Cross""","moderate_ifeval_like",4,1.15654388547409,0,0,0
170,1,"Loadings = ""Cross""","moderate_ifeval_like",4,1.04702382045798,0,0.266991006303579,0
171,1,"Loadings = ""Cross""","moderate_ifeval_like",4,0.785050319042057,0,0,-0.514569281600416
172,1,"Loadings = ""Cross""","moderate_ifeval_like",4,1.08358967176173,0,0,0
173,1,"Loadings = ""Cross""","moderate_ifeval_like",4,1.00795937154908,0,0,0
174,1,"Loadings = ""Cross""","moderate_ifeval_like",4,0.86514120909851,0,0,0
175,1,"Loadings = ""Cross""","moderate_ifeval_like",4,1.23266306146979,-0.293702986836433,0.346055197529495,0
176,1,"Loadings = ""Cross""","moderate_ifeval_like",4,0.981278237421066,0.378385109640658,0,0
177,1,"Loadings = ""Cross""","moderate_ifeval_like",4,0.951296977233142,-0.282316926773638,0.48237996166572,0
178,1,"Loadings = ""Cross""","moderate_ifeval_like",4,1.10774162993766,0,0,0.445479497592896
179,1,"Loadings = ""Cross""","moderate_ifeval_like",4,0.810166667681187,0.502632727660239,0,-0.399439614731818
180,1,"Loadings = ""Cross""","moderate_ifeval_like",4,1.04414610529784,-0.567514267005026,0,0
181,1,"Loadings = ""Cross""","moderate_ifeval_like",4,1.03444939572364,0,0,0.492291514482349
182,1,"Loadings = ""Cross""","moderate_ifeval_like",4,0.77213236503303,0,0,0
183,1,"Loadings = ""Cross""","moderate_ifeval_like",4,1.24100981210358,0,-0.276172272861004,0
184,1,"Loadings = ""Cross""","moderate_ifeval_like",4,1.20096644072328,0.382271700445563,0,0
185,1,"Loadings = ""Cross""","moderate_ifeval_like",4,1.10357838193886,0,0,0
186,1,"Loadings = ""Cross""","moderate_ifeval_like",4,1.02980629517697,0.253670613002032,0.315233153756708,0
187,1,"Loadings = ""Cross""","moderate_ifeval_like",4,0.96193424181547,0,0.592926176078618,-0.390950535982847
188,1,"Loadings = ""Cross""","moderate_ifeval_like",4,0.802839727024548,-0.244036671612412,0,0
189,1,"Loadings = ""Cross""","moderate_ifeval_like",4,1.1808905415237,0,0,0
190,1,"Loadings = ""Cross""","moderate_ifeval_like",4,1.18019382201601,0,0,0
191,1,"Loadings = ""Cross""","moderate_ifeval_like",4,0.859940663329326,0,0,-0.546894635912031
192,1,"Loadings = ""Cross""","moderate_ifeval_like",4,1.23853068752214,0,0,0
193,1,"Loadings = ""Cross""","moderate_ifeval_like",4,0.866087209316902,0,0,0
194,1,"Loadings = ""Cross""","moderate_ifeval_like",4,0.823476058780216,0,0.21356255710125,0
195,1,"Loadings = ""Cross""","moderate_ifeval_like",4,0.849611515761353,0,0,0
196,1,"Loadings = ""Cross""","moderate_ifeval_like",4,0.938713365932927,0,0,0
197,1,"Loadings = ""Cross""","moderate_ifeval_like",4,0.916829600580968,0,0,0.342820857930928
198,1,"Loadings = ""Cross""","moderate_ifeval_like",4,1.24655025207903,0.554723109211773,0,0
199,1,"Loadings = ""Cross""","moderate_ifeval_like",4,0.966626718058251,0,0,-0.270743725914508
200,1,"Loadings = ""Cross""","moderate_ifeval_like",4,1.23235800291877,0.461465449538082,0.337810576427728,0
201,1,"Loadings = ""Cross""","moderate_ifeval_like",4,0.870300160720944,0,-0.49571968568489,0
202,1,"Loadings = ""Cross""","moderate_ifeval_like",4,1.00850062537938,0.264455148018897,0,0
203,1,"Loadings = ""Cross""","moderate_ifeval_like",4,1.11996323266067,0,0,0
204,1,"Loadings = ""Cross""","moderate_ifeval_like",4,1.12162757397164,0,0,0
205,1,"Loadings = ""Cross""","moderate_ifeval_like",4,0.901858124183491,0,0,-0.423258833028376
206,1,"Loadings = ""Cross""","moderate_ifeval_like",4,1.22321397939231,0,0,0
207,1,"Loadings = ""Cross""","moderate_ifeval_like",4,1.10542069911025,0,0,0.245772942062467
208,1,"Loadings = ""Cross""","moderate_ifeval_like",4,0.963607308571227,0.528584168665111,0,0
209,1,"Loadings = ""Cross""","moderate_ifeval_like",4,1.18083834496792,0,0,0
210,1,"Loadings = ""Cross""","moderate_ifeval_like",4,1.22002576710656,0.477020414453,0,-0.264424452837557
211,1,"Loadings = ""Cross""","moderate_ifeval_like",4,1.23328182287514,-0.403856947738677,0,0
212,1,"Loadings = ""Cross""","moderate_ifeval_like",4,0.863183179870248,0,0,-0.452909000311047
213,1,"Loadings = ""Cross""","moderate_ifeval_like",4,0.813183224992827,0,-0.344486235454679,0
214,1,"Loadings = ""Cross""","moderate_ifeval_like",4,1.18889886199031,0,0,0
215,1,"Loadings = ""Cross""","moderate_ifeval_like",4,0.925872751045972,0,0,0
216,1,"Loadings = ""Cross""","moderate_ifeval_like",4,0.776039160555229,0,0.533610280044377,0
217,1,"Loadings = ""Cross""","moderate_ifeval_like",4,1.20031621307135,0,0,0
218,1,"Loadings = ""Cross""","moderate_ifeval_like",4,1.07091156695969,0,0,0
219,1,"Loadings = ""Cross""","moderate_ifeval_like",4,1.07944054226391,0,0,-0.507832062896341
220,1,"Loadings = ""Cross""","moderate_ifeval_like",4,0.779345781891607,0,0,0.23304702565074
221,1,"Loadings = ""Cross""","moderate_ifeval_like",4,1.00442705862224,0,0.456675160862505,0
222,1,"Loadings = ""Cross""","moderate_ifeval_like",4,1.01660498196725,0,0,0
223,1,"Loadings = ""Cross""","moderate_ifeval_like",4,1.04883900296409,0,0,0
224,1,"Loadings = ""Cross""","moderate_ifeval_like",4,1.06464673008304,0,0,0
225,1,"Loadings = ""Cross""","moderate_ifeval_like",4,1.02937378315255,0,0,0.353758417721838
226,1,"Loadings = ""Cross""","moderate_ifeval_like",4,0.932906065951101,-0.562046187836677,0,0
227,1,"Loadings = ""Cross""","moderate_ifeval_like",4,0.80117836187128,0,0.215261570271105,0
228,1,"Loadings = ""Cross""","moderate_ifeval_like",4,1.10558155144099,0,0,0.534720996115357
229,1,"Loadings = ""Cross""","moderate_ifeval_like",4,0.978999445680529,0,-0.483061178121716,0
230,1,"Loadings = ""Cross""","moderate_ifeval_like",4,0.918542415485717,0,0,0
231,1,"Loadings = ""Cross""","moderate_ifeval_like",4,1.21650739398319,0,0,0
232,1,"Loadings = ""Cross""","moderate_ifeval_like",4,0.888956440729089,0,0.59322594422847,0.462135967053473
233,1,"Loadings = ""Cross""","moderate_ifeval_like",4,0.766484270337969,-0.563329442217946,-0.316118321567774,0
234,1,"Loadings = ""Cross""","moderate_ifeval_like",4,0.818790476303548,0,-0.495878020208329,0
235,1,"Loadings = ""Cross""","moderate_ifeval_like",4,0.775990690337494,-0.55209725247696,0.325568089075387,0
236,1,"Loadings = ""Cross""","moderate_ifeval_like",4,0.78169024689123,0,0,0.417104193288833
237,1,"Loadings = ""Cross""","moderate_ifeval_like",4,0.835893018054776,0,0,0
238,1,"Loadings = ""Cross""","moderate_ifeval_like",4,1.18519253958948,0.581189556419849,0,0
239,1,"Loadings = ""Cross""","moderate_ifeval_like",4,0.803609831142239,0,0,0.559695293474942
240,1,"Loadings = ""Cross""","moderate_ifeval_like",4,1.11733810149599,0,-0.448148692492396,0
241,1,"Loadings = ""Cross""","moderate_ifeval_like",4,0.766010390012525,0,0,0
242,1,"Loadings = ""Cross""","moderate_ifeval_like",4,1.0748580036452,0,0,0
243,1,"Loadings = ""Cross""","moderate_ifeval_like",4,1.20940357889049,0,0,0
244,1,"Loadings = ""Cross""","moderate_ifeval_like",4,1.18803873693105,0,0,0
245,1,"Loadings = ""Cross""","moderate_ifeval_like",4,0.82966821512673,0.521395941171795,0,0
246,1,"Loadings = ""Cross""","moderate_ifeval_like",4,1.03355315001681,0,0,0
247,1,"Loadings = ""Cross""","moderate_ifeval_like",4,0.915080597274937,0.370916342455894,0,0
248,1,"Loadings = ""Cross""","moderate_ifeval_like",4,1.13840950117446,0.556171486712992,0.458310035709292,0.297778402920812
249,1,"Loadings = ""Cross""","moderate_ifeval_like",4,1.23231846711133,0,0,0
250,1,"Loadings = ""Cross""","moderate_ifeval_like",4,0.917713423958048,0,0,0.545853093545884
251,1,"Loadings = ""Cross""","moderate_ifeval_like",4,1.19349985243753,0,0,0
252,1,"Loadings = ""Cross""","moderate_ifeval_like",4,0.923985291970894,0,0,0
253,1,"Loadings = ""Cross""","moderate_ifeval_like",4,1.05249142157845,0,0,0
254,1,"Loadings = ""Cross""","moderate_ifeval_like",4,0.777286281110719,0,0,0
255,1,"Loadings = ""Cross""","moderate_ifeval_like",4,1.0969891352579,0,0,0.50077775772661
256,1,"Loadings = ""Cross""","moderate_ifeval_like",4,0.959968794486485,-0.557684994395822,0,0
257,1,"Loadings = ""Cross""","moderate_ifeval_like",4,0.883278367691673,0.407324638869613,-0.391953819524497,0
258,1,"Loadings = ""Cross""","moderate_ifeval_like",4,1.18298758880701,0,0,0
259,1,"Loadings = ""Cross""","moderate_ifeval_like",4,1.24387528095394,0,-0.501601971499622,0.226980981789529
260,1,"Loadings = ""Cross""","moderate_ifeval_like",4,1.12437904975377,0,0.56809205589816,0
261,1,"Loadings = ""Cross""","moderate_ifeval_like",4,0.948782835854217,0,0,-0.209594561811537
262,1,"Loadings = ""Cross""","moderate_ifeval_like",4,1.20394232741091,0,0,0
263,1,"Loadings = ""Cross""","moderate_ifeval_like",4,0.974163010949269,0,0,0
264,1,"Loadings = ""Cross""","moderate_ifeval_like",4,1.12051593814977,0,0.396874214615673,0
265,1,"Loadings = ""Cross""","moderate_ifeval_like",4,0.895590814179741,0,0,0
266,1,"Loadings = ""Cross""","moderate_ifeval_like",4,0.804070508456789,0,0,0
267,1,"Loadings = ""Cross""","moderate_ifeval_like",4,0.764945913222618,0.338358461018652,0,0.285871420335025
268,1,"Loadings = ""Cross""","moderate_ifeval_like",4,1.04789997043554,0,-0.306755249202251,0
269,1,"Loadings = ""Cross""","moderate_ifeval_like",4,0.756912515265867,0.220973847806454,0,0
270,1,"Loadings = ""Cross""","moderate_ifeval_like",4,0.974268051912077,0,0,-0.408749370183796
271,2,"Loadings = ""Cross""","moderate_ifeval_like",4,0,0.768189083435573,-0.495979106705636,0
272,2,"Loadings = ""Cross""","moderate_ifeval_like",4,0,1.09285656327847,0,0
273,2,"Loadings = ""Cross""","moderate_ifeval_like",4,0,0.980701911845244,0,0
274,2,"Loadings = ""Cross""","moderate_ifeval_like",4,0,0.830100126098841,0,-0.497099187411368
275,2,"Loadings = ""Cross""","moderate_ifeval_like",4,0,1.22019749612082,0.219792495388538,0
276,2,"Loadings = ""Cross""","moderate_ifeval_like",4,0,1.01416778936982,0,-0.44058050122112
277,2,"Loadings = ""Cross""","moderate_ifeval_like",4,0,0.783249497530051,0,0
278,2,"Loadings = ""Cross""","moderate_ifeval_like",4,0,1.01094995252788,0,0
279,2,"Loadings = ""Cross""","moderate_ifeval_like",4,0.256240127235651,1.16625666443724,-0.379866637289524,0
280,2,"Loadings = ""Cross""","moderate_ifeval_like",4,0,1.12339201197028,0,0
281,2,"Loadings = ""Cross""","moderate_ifeval_like",4,0,0.905577891040593,0,0
282,2,"Loadings = ""Cross""","moderate_ifeval_like",4,0,1.12280440202449,0,0.291595253162086
283,2,"Loadings = ""Cross""","moderate_ifeval_like",4,0,1.04592390765902,0,0
284,2,"Loadings = ""Cross""","moderate_ifeval_like",4,0,0.895069796941243,0,0.364039051625878
285,2,"Loadings = ""Cross""","moderate_ifeval_like",4,-0.519894803129136,0.775986180990003,0,0
286,2,"Loadings = ""Cross""","moderate_ifeval_like",4,0,1.0746651297668,0,0
287,2,"Loadings = ""Cross""","moderate_ifeval_like",4,0,0.856291013886221,-0.471478011179715,0
288,2,"Loadings = ""Cross""","moderate_ifeval_like",4,0,1.17244374076836,0,0.520485191699117
289,2,"Loadings = ""Cross""","moderate_ifeval_like",4,0,0.800183356390335,0,0
290,2,"Loadings = ""Cross""","moderate_ifeval_like",4,0,1.02731539530214,0.475428167637438,0
291,2,"Loadings = ""Cross""","moderate_ifeval_like",4,0,1.00401926296763,-0.335072178393602,0
292,2,"Loadings = ""Cross""","moderate_ifeval_like",4,0,0.799143306794576,0,0
293,2,"Loadings = ""Cross""","moderate_ifeval_like",4,0,1.03106981399469,-0.563026707060635,0
294,2,"Loadings = ""Cross""","moderate_ifeval_like",4,0,0.932586715440266,0,0
295,2,"Loadings = ""Cross""","moderate_ifeval_like",4,0,1.16103277984075,0,0.483365238085389
296,2,"Loadings = ""Cross""","moderate_ifeval_like",4,0,1.02795076416805,0,0
297,2,"Loadings = ""Cross""","moderate_ifeval_like",4,0,0.8655889473157,0,0.507244924176484
298,2,"Loadings = ""Cross""","moderate_ifeval_like",4,0,1.09281138633378,0,0
299,2,"Loadings = ""Cross""","moderate_ifeval_like",4,0.253081836272031,0.778803669847548,0,0
300,2,"Loadings = ""Cross""","moderate_ifeval_like",4,0,1.00917384820059,0,-0.271254315413535
301,2,"Loadings = ""Cross""","moderate_ifeval_like",4,0,1.08063654729631,0,0
302,2,"Loadings = ""Cross""","moderate_ifeval_like",4,0,0.785517669166438,0,-0.546293316595256
303,2,"Loadings = ""Cross""","moderate_ifeval_like",4,0,1.05284854467027,0,0
304,2,"Loadings = ""Cross""","moderate_ifeval_like",4,0,0.829274378018454,0,-0.566978951822966
305,2,"Loadings = ""Cross""","moderate_ifeval_like",4,0,1.13237464893609,-0.215151142142713,0
306,2,"Loadings = ""Cross""","moderate_ifeval_like",4,0,0.846194521640427,0,0
307,2,"Loadings = ""Cross""","moderate_ifeval_like",4,0,0.752604579669423,0,0
308,2,"Loadings = ""Cross""","moderate_ifeval_like",4,0,0.808976768632419,0,0
309,2,"Loadings = ""Cross""","moderate_ifeval_like",4,-0.288775616604835,0.965656959800981,0,0
310,2,"Loadings = ""Cross""","moderate_ifeval_like",4,0,1.22787040658295,0,0.496352999191731
311,2,"Loadings = ""Cross""","moderate_ifeval_like",4,0,1.03481970098801,0,0
312,2,"Loadings = ""Cross""","moderate_ifeval_like",4,0,0.905994606437162,0,0
313,2,"Loadings = ""Cross""","moderate_ifeval_like",4,0.243028847221285,1.11366368678864,0,0
314,2,"Loadings = ""Cross""","moderate_ifeval_like",4,0,1.22055223409552,0,0
315,2,"Loadings = ""Cross""","moderate_ifeval_like",4,0,1.05175997538026,0,0
316,2,"Loadings = ""Cross""","moderate_ifeval_like",4,0,1.14410228724591,-0.477938324492425,0
317,2,"Loadings = ""Cross""","moderate_ifeval_like",4,0.354934173356742,1.24159850750584,0,0
318,2,"Loadings = ""Cross""","moderate_ifeval_like",4,-0.372607025317848,1.11882970877923,0,0
319,2,"Loadings = ""Cross""","moderate_ifeval_like",4,0,0.950447106268257,0.363433704618365,0
320,2,"Loadings = ""Cross""","moderate_ifeval_like",4,0,0.884460093686357,0,0
321,2,"Loadings = ""Cross""","moderate_ifeval_like",4,0,1.14744500606321,0,0.338375296350569
322,2,"Loadings = ""Cross""","moderate_ifeval_like",4,0,1.24278505251277,0,0
323,2,"Loadings = ""Cross""","moderate_ifeval_like",4,0.278264980763197,1.14140618417878,0,0
324,2,"Loadings = ""Cross""","moderate_ifeval_like",4,-0.588009361829609,0.964151491294615,0,-0.358228937070817
325,2,"Loadings = ""Cross""","moderate_ifeval_like",4,0,1.22078113432508,0,0
326,2,"Loadings = ""Cross""","moderate_ifeval_like",4,-0.514993126038462,0.814057253184728,-0.521638176683336,0
327,2,"Loadings = ""Cross""","moderate_ifeval_like",4,0,0.767991266679019,0,0.243391037080437
328,2,"Loadings = ""Cross""","moderate_ifeval_like",4,0,1.19386552658398,0,0
329,2,"Loadings = ""Cross""","moderate_ifeval_like",4,0,0.934293395257555,0,-0.347020348440856
330,2,"Loadings = ""Cross""","moderate_ifeval_like",4,0,0.997716936282814,0.267061066161841,0
331,2,"Loadings = ""Cross""","moderate_ifeval_like",4,0,1.04307188082021,0,0
332,2,"Loadings = ""Cross""","moderate_ifeval_like",4,0,1.10960645473097,0,0
333,2,"Loadings = ""Cross""","moderate_ifeval_like",4,0,1.17540720873512,0,0
334,2,"Loadings = ""Cross""","moderate_ifeval_like",4,0,1.17426794779021,0,-0.334569740202278
335,2,"Loadings = ""Cross""","moderate_ifeval_like",4,0,0.794773069908842,0,0
336,2,"Loadings = ""Cross""","moderate_ifeval_like",4,0,1.01122598338407,0,0
337,2,"Loadings = ""Cross""","moderate_ifeval_like",4,0,1.14602722984273,0,0
338,2,"Loadings = ""Cross""","moderate_ifeval_like",4,0,0.780035666422918,0,-0.533580339886248
339,2,"Loadings = ""Cross""","moderate_ifeval_like",4,-0.307746041566133,1.05134870414622,-0.569037645682693,0
340,2,"Loadings = ""Cross""","moderate_ifeval_like",4,0,0.822128447005525,0,0
341,2,"Loadings = ""Cross""","moderate_ifeval_like",4,0,0.869505446986295,-0.372366472240537,0
342,2,"Loadings = ""Cross""","moderate_ifeval_like",4,-0.252226774580777,0.792314118123613,0,0
343,2,"Loadings = ""Cross""","moderate_ifeval_like",4,0,1.2396032436518,0,0
344,2,"Loadings = ""Cross""","moderate_ifeval_like",4,0,1.13930240739137,0,0
345,2,"Loadings = ""Cross""","moderate_ifeval_like",4,0,1.24521092372015,0,0
346,2,"Loadings = ""Cross""","moderate_ifeval_like",4,0,0.884690154111013,0,-0.327236255072057
347,2,"Loadings = ""Cross""","moderate_ifeval_like",4,-0.329035513289273,0.812721571652219,0,0
348,2,"Loadings = ""Cross""","moderate_ifeval_like",4,0,0.825998790911399,0,0
349,2,"Loadings = ""Cross""","moderate_ifeval_like",4,0,0.819296546513215,0,-0.571244896668941
350,2,"Loadings = ""Cross""","moderate_ifeval_like",4,0,0.973225065157749,-0.518399367202073,0
351,3,"Loadings = ""Cross""","moderate_ifeval_like",4,0,0,1.07731333922129,0.26270707398653
352,3,"Loadings = ""Cross""","moderate_ifeval_like",4,0,0,0.838874387205578,0
353,3,"Loadings = ""Cross""","moderate_ifeval_like",4,0,0.422065707296133,0.800385341281071,0
354,3,"Loadings = ""Cross""","moderate_ifeval_like",4,0,-0.533358039427549,1.20359805459157,0
355,3,"Loadings = ""Cross""","moderate_ifeval_like",4,-0.439096480794251,-0.35744506586343,0.85908086237032,0
356,3,"Loadings = ""Cross""","moderate_ifeval_like",4,-0.465769327525049,0,0.817779386765324,0
357,3,"Loadings = ""Cross""","moderate_ifeval_like",4,0,-0.361456615384668,0.855759390862659,0
358,3,"Loadings = ""Cross""","moderate_ifeval_like",4,0,0,1.22143507015426,0.297619660571218
359,3,"Loadings = ""Cross""","moderate_ifeval_like",4,0.351067633833736,0.468859206046909,0.880573871312663,-0.219265862740576
360,3,"Loadings = ""Cross""","moderate_ifeval_like",4,0,0,1.24922596721444,0
361,3,"Loadings = ""Cross""","moderate_ifeval_like",4,0.561387514136732,0.236120676528662,1.04513434146065,0
362,3,"Loadings = ""Cross""","moderate_ifeval_like",4,-0.400689640734345,0,1.05887527612504,0
363,3,"Loadings = ""Cross""","moderate_ifeval_like",4,0,0,1.13567907968536,0.314482075627893
364,3,"Loadings = ""Cross""","moderate_ifeval_like",4,0,0.355585566256195,1.02942223241553,0
365,3,"Loadings = ""Cross""","moderate_ifeval_like",4,0,0.569187601935118,0.951763122109696,0
366,3,"Loadings = ""Cross""","moderate_ifeval_like",4,0.384937192499638,0.426618971582502,1.01673499238677,0
367,3,"Loadings = ""Cross""","moderate_ifeval_like",4,0,0,1.14485761302058,0
368,3,"Loadings = ""Cross""","moderate_ifeval_like",4,0,0.304165785014629,1.20164724974893,0
369,3,"Loadings = ""Cross""","moderate_ifeval_like",4,0,0,0.900165372993797,0
370,3,"Loadings = ""Cross""","moderate_ifeval_like",4,0,0,1.00783042784315,0
371,3,"Loadings = ""Cross""","moderate_ifeval_like",4,0,0,1.06982356589288,-0.457714167237282
372,3,"Loadings = ""Cross""","moderate_ifeval_like",4,0.29631900396198,0.29098559115082,1.11852762696799,0
373,3,"Loadings = ""Cross""","moderate_ifeval_like",4,-0.247111694701016,0.210173826199025,0.972300253808498,0
374,3,"Loadings = ""Cross""","moderate_ifeval_like",4,0,-0.593466900009662,1.24932013207581,0
375,3,"Loadings = ""Cross""","moderate_ifeval_like",4,0.350961145292968,0,1.18965391931124,0
376,3,"Loadings = ""Cross""","moderate_ifeval_like",4,0,0,1.02329251682386,0.319598947279155
377,3,"Loadings = ""Cross""","moderate_ifeval_like",4,0,0.260885571036488,0.976155497133732,0
378,3,"Loadings = ""Cross""","moderate_ifeval_like",4,-0.300182470865548,0.46469341237098,1.17851425136905,0
379,3,"Loadings = ""Cross""","moderate_ifeval_like",4,0,0,0.956138109788299,0.371366680879146
380,3,"Loadings = ""Cross""","moderate_ifeval_like",4,-0.378821728378534,0,0.973618753137998,0
381,3,"Loadings = ""Cross""","moderate_ifeval_like",4,0,0.399401580542326,1.07627884496469,0
382,3,"Loadings = ""Cross""","moderate_ifeval_like",4,0.323707002215087,-0.527770461235195,0.801864848472178,-0.596965743321925
383,3,"Loadings = ""Cross""","moderate_ifeval_like",4,0,0,0.836944380425848,-0.361004274711013
384,3,"Loadings = ""Cross""","moderate_ifeval_like",4,-0.498114936240017,0,1.01632322056685,0.404683536756784
385,3,"Loadings = ""Cross""","moderate_ifeval_like",4,0,0,1.06296497560106,0
386,3,"Loadings = ""Cross""","moderate_ifeval_like",4,0,0,1.14617030706722,0
387,3,"Loadings = ""Cross""","moderate_ifeval_like",4,-0.416935462225229,0,1.14613952033687,0
388,3,"Loadings = ""Cross""","moderate_ifeval_like",4,0,0,0.855150733841583,0
389,3,"Loadings = ""Cross""","moderate_ifeval_like",4,0,0,0.973817464197055,-0.207229809835553
390,3,"Loadings = ""Cross""","moderate_ifeval_like",4,0,0,0.886716499458998,0
391,3,"Loadings = ""Cross""","moderate_ifeval_like",4,0,0,1.21670991706196,0
392,3,"Loadings = ""Cross""","moderate_ifeval_like",4,0,0,0.754891684278846,-0.567014569882303
393,3,"Loadings = ""Cross""","moderate_ifeval_like",4,0,0,0.874285268131644,-0.233504593372345
394,3,"Loadings = ""Cross""","moderate_ifeval_like",4,0,0,1.01755534380209,0
395,3,"Loadings = ""Cross""","moderate_ifeval_like",4,0,0,1.04582286369987,0
396,3,"Loadings = ""Cross""","moderate_ifeval_like",4,0,0,0.791866913554259,0
397,3,"Loadings = ""Cross""","moderate_ifeval_like",4,0,0,1.12325337482616,0
398,3,"Loadings = ""Cross""","moderate_ifeval_like",4,0.210151387099177,0,0.804214184754528,0
399,3,"Loadings = ""Cross""","moderate_ifeval_like",4,0,-0.538929984346032,0.970606779679656,-0.329774848744273
400,3,"Loadings = ""Cross""","moderate_ifeval_like",4,0,-0.386558157578111,1.16687177482527,0
401,3,"Loadings = ""Cross""","moderate_ifeval_like",4,0,0,0.811549593810923,0
402,3,"Loadings = ""Cross""","moderate_ifeval_like",4,0,0,1.15362233389169,0
403,3,"Loadings = ""Cross""","moderate_ifeval_like",4,0,0,1.09579768357798,0
404,3,"Loadings = ""Cross""","moderate_ifeval_like",4,0,0,1.09233182563912,0
405,3,"Loadings = ""Cross""","moderate_ifeval_like",4,0,0,0.830197048722766,-0.353083655610681
406,3,"Loadings = ""Cross""","moderate_ifeval_like",4,0,-0.579251502454281,1.20599239424337,0
407,3,"Loadings = ""Cross""","moderate_ifeval_like",4,0,0,0.97837871988304,-0.26665500709787
408,3,"Loadings = ""Cross""","moderate_ifeval_like",4,-0.28090459452942,0,0.969220095779747,0
409,3,"Loadings = ""Cross""","moderate_ifeval_like",4,-0.341547896247357,0,0.960000169929117,0
410,3,"Loadings = ""Cross""","moderate_ifeval_like",4,0,0.454705614969134,0.955014815670438,0.37489016558975
411,3,"Loadings = ""Cross""","moderate_ifeval_like",4,0,0,0.994106688536704,0
412,3,"Loadings = ""Cross""","moderate_ifeval_like",4,0,0,0.907302667503245,-0.438133779168129
413,3,"Loadings = ""Cross""","moderate_ifeval_like",4,-0.522943512257188,-0.41187366200611,0.778262925683521,0
414,3,"Loadings = ""Cross""","moderate_ifeval_like",4,-0.23204931197688,0,1.06382549239788,0
415,3,"Loadings = ""Cross""","moderate_ifeval_like",4,0,0,1.10026293003466,0
416,3,"Loadings = ""Cross""","moderate_ifeval_like",4,0,0,0.993657104088925,0
417,3,"Loadings = ""Cross""","moderate_ifeval_like",4,0.421966101694852,-0.448819059319794,0.85653790354263,0.337430258467793
418,3,"Loadings = ""Cross""","moderate_ifeval_like",4,0,-0.338005228247494,0.77504454436712,0.347586478758603
419,3,"Loadings = ""Cross""","moderate_ifeval_like",4,0,0,1.1480998925399,0
420,3,"Loadings = ""Cross""","moderate_ifeval_like",4,-0.281809792015702,0.407408216223121,1.04791880608536,0
421,3,"Loadings = ""Cross""","moderate_ifeval_like",4,0,-0.310161622427404,0.758417161181569,0
422,3,"Loadings = ""Cross""","moderate_ifeval_like",4,0,0,0.750845470814966,0
423,4,"Loadings = ""Cross""","moderate_ifeval_like",4,0,-0.311069661937654,0,0.959859181311913
424,4,"Loadings = ""Cross""","moderate_ifeval_like",4,0,0,0,0.768396617029794
425,4,"Loadings = ""Cross""","moderate_ifeval_like",4,-0.227934469375759,0,0,0.787473011063412
426,4,"Loadings = ""Cross""","moderate_ifeval_like",4,0.315704709291458,0,0,0.900956183089875
427,4,"Loadings = ""Cross""","moderate_ifeval_like",4,0,-0.315663683973253,0,0.990580599172972
428,4,"Loadings = ""Cross""","moderate_ifeval_like",4,0,0,0,1.19352425204124
429,4,"Loadings = ""Cross""","moderate_ifeval_like",4,0,0.528743138536811,0,0.94699645624496
430,4,"Loadings = ""Cross""","moderate_ifeval_like",4,0,0,0,1.04645867657382
431,4,"Loadings = ""Cross""","moderate_ifeval_like",4,0,-0.44144802922383,0,0.878502982202917
432,4,"Loadings = ""Cross""","moderate_ifeval_like",4,-0.383876971807331,0,0,1.20975986076519
433,4,"Loadings = ""Cross""","moderate_ifeval_like",4,0,0,0,1.10027423745487
434,4,"Loadings = ""Cross""","moderate_ifeval_like",4,0,0,0,0.753669223398902
435,4,"Loadings = ""Cross""","moderate_ifeval_like",4,0,0,0,0.819538654875942
436,4,"Loadings = ""Cross""","moderate_ifeval_like",4,0,0,0,0.900770138250664
437,4,"Loadings = ""Cross""","moderate_ifeval_like",4,0,0.57850129827857,-0.409405874926597,0.874092553858645
438,4,"Loadings = ""Cross""","moderate_ifeval_like",4,0,0,0,1.19134830997791
439,4,"Loadings = ""Cross""","moderate_ifeval_like",4,0,-0.336004897020757,0,1.02567109069787
440,4,"Loadings = ""Cross""","moderate_ifeval_like",4,0,0.364473485853523,0,0.825934977270663
441,4,"Loadings = ""Cross""","moderate_ifeval_like",4,0,0.506238467339426,0,1.20378978131339
442,4,"Loadings = ""Cross""","moderate_ifeval_like",4,0,0,0.498251148406416,0.956866795313545
443,4,"Loadings = ""Cross""","moderate_ifeval_like",4,0,0,0.43177585862577,1.03855486109387
444,4,"Loadings = ""Cross""","moderate_ifeval_like",4,0,0.239852816425264,-0.211489425972104,0.927710333024152
445,4,"Loadings = ""Cross""","moderate_ifeval_like",4,0,0.521601239591837,0,0.894337199977599
446,4,"Loadings = ""Cross""","moderate_ifeval_like",4,0.492188598774374,0.568805806338787,-0.464434937015176,0.776750295190141
447,4,"Loadings = ""Cross""","moderate_ifeval_like",4,0,-0.552476429846138,0.32948629334569,1.03090289852116
448,4,"Loadings = ""Cross""","moderate_ifeval_like",4,0.523671424109489,0,-0.302524236775935,0.935210956493393
449,4,"Loadings = ""Cross""","moderate_ifeval_like",4,0,0,0,1.13017123169266
450,4,"Loadings = ""Cross""","moderate_ifeval_like",4,0.263359542470425,0,0,1.13283830543514
451,4,"Loadings = ""Cross""","moderate_ifeval_like",4,0.253540184535086,0,-0.510557476244867,1.17499383422546
452,4,"Loadings = ""Cross""","moderate_ifeval_like",4,0,0,0,1.14841359225102
453,4,"Loadings = ""Cross""","moderate_ifeval_like",4,0,0,-0.582026421371847,0.819560711737722
454,4,"Loadings = ""Cross""","moderate_ifeval_like",4,0,-0.264823009073734,0.379919763468206,1.23961388808675
455,4,"Loadings = ""Cross""","moderate_ifeval_like",4,0.519778149854392,-0.593378940131515,0,0.765474130399525
456,4,"Loadings = ""Cross""","moderate_ifeval_like",4,0,0,0,0.756849210127257
457,4,"Loadings = ""Cross""","moderate_ifeval_like",4,0,0,0,1.03559169766959
458,4,"Loadings = ""Cross""","moderate_ifeval_like",4,0,0.354160861019045,0,0.901998775894754
459,4,"Loadings = ""Cross""","moderate_ifeval_like",4,0,0,0,1.15290676662698
460,4,"Loadings = ""Cross""","moderate_ifeval_like",4,0,0,0,1.09224824653938
461,4,"Loadings = ""Cross""","moderate_ifeval_like",4,0,0,0,1.12072514172178
462,4,"Loadings = ""Cross""","moderate_ifeval_like",4,0,0,0,0.847918400773779
463,4,"Loadings = ""Cross""","moderate_ifeval_like",4,0,0,0.292569970525801,0.796407514251769
464,4,"Loadings = ""Cross""","moderate_ifeval_like",4,0,0,-0.58103512590751,0.75474795687478
465,4,"Loadings = ""Cross""","moderate_ifeval_like",4,0,0,0,0.865095702232793
466,4,"Loadings = ""Cross""","moderate_ifeval_like",4,0,0,0,0.901846851687878
467,4,"Loadings = ""Cross""","moderate_ifeval_like",4,0.541944204829633,-0.346445538569242,-0.22416515853256,0.768164739245549
468,4,"Loadings = ""Cross""","moderate_ifeval_like",4,0,0,-0.34377141110599,0.894215800915845
469,4,"Loadings = ""Cross""","moderate_ifeval_like",4,0,0,-0.506688908021897,1.1168944328092
470,4,"Loadings = ""Cross""","moderate_ifeval_like",4,0,0,0,0.928198414272629
471,4,"Loadings = ""Cross""","moderate_ifeval_like",4,0,0,0,0.799339870922267
472,4,"Loadings = ""Cross""","moderate_ifeval_like",4,0,0,0,1.06795918627176
473,4,"Loadings = ""Cross""","moderate_ifeval_like",4,0,0.283315391745418,0,0.876054770662449
474,4,"Loadings = ""Cross""","moderate_ifeval_like",4,0.489437446929514,0,0,0.860637110890821
475,4,"Loadings = ""Cross""","moderate_ifeval_like",4,0,0,0,1.23380895040464
476,4,"Loadings = ""Cross""","moderate_ifeval_like",4,0,0,0,1.03004786930978
477,4,"Loadings = ""Cross""","moderate_ifeval_like",4,0,0,-0.203834478091449,1.12142436555587
478,4,"Loadings = ""Cross""","moderate_ifeval_like",4,0,0,0,0.893731553805992
479,4,"Loadings = ""Cross""","moderate_ifeval_like",4,0,-0.501279736775905,0,1.01108018576633
480,4,"Loadings = ""Cross""","moderate_ifeval_like",4,0,0,0.378649721201509,0.858299435582012
481,4,"Loadings = ""Cross""","moderate_ifeval_like",4,0,0,0,1.06285694614053
482,4,"Loadings = ""Cross""","moderate_ifeval_like",4,0,0,0,1.08436559839174
483,4,"Loadings = ""Cross""","moderate_ifeval_like",4,0,0,0.432795019168407,0.985461720498279
484,4,"Loadings = ""Cross""","moderate_ifeval_like",4,0,0,0,0.884166015777737
485,4,"Loadings = ""Cross""","moderate_ifeval_like",4,-0.557129234354943,0,0,0.953739507938735
486,4,"Loadings = ""Cross""","moderate_ifeval_like",4,0,0,-0.293003940116614,1.17236971133389
487,4,"Loadings = ""Cross""","moderate_ifeval_like",4,0,0,0,0.751651400700212
488,4,"Loadings = ""Cross""","moderate_ifeval_like",4,0,0.507396837696433,0,0.946513923234306
489,4,"Loadings = ""Cross""","moderate_ifeval_like",4,0,0,0,1.15634271712042
490,4,"Loadings = ""Cross""","moderate_ifeval_like",4,0,0,0,0.825209138332866
491,4,"Loadings = ""Cross""","moderate_ifeval_like",4,0,0,0,1.12383571604732
492,4,"Loadings = ""Cross""","moderate_ifeval_like",4,0,0,0.594727614242583,0.952301437966526
493,4,"Loadings = ""Cross""","moderate_ifeval_like",4,0,0,0,0.796733848750591
494,4,"Loadings = ""Cross""","moderate_ifeval_like",4,0,0.320795642212033,0,1.16578068758827
495,4,"Loadings = ""Cross""","moderate_ifeval_like",4,0,0,0.310067053698003,1.20548298885114
496,4,"Loadings = ""Cross""","moderate_ifeval_like",4,0,0,0.357721380330622,1.18522097356617
497,4,"Loadings = ""Cross""","moderate_ifeval_like",4,-0.49065142897889,0,-0.215957021154463,1.18662963563111
498,4,"Loadings = ""Cross""","moderate_ifeval_like",4,0,0,-0.36773638818413,1.08300959318876
499,4,"Loadings = ""Cross""","moderate_ifeval_like",4,0,0,0,0.754652469418943
500,4,"Loadings = ""Cross""","moderate_ifeval_like",4,-0.346179527882487,0,-0.417112794984132,0.791902745841071
